O11_DIRECT_CENSUS chambers=1230 regimes=25076 direct=22490 separated=4 pointwise=2882 failures=2586 threads=5
FAIL support=29 parity=2 residual=1 vars=1, neg=7 pos=8
FAIL support=56 parity=3 residual=1 vars=1, neg=7 pos=8
FAIL support=83 parity=2 residual=1 vars=1, neg=6 pos=9
FAIL support=83 parity=2 residual=2 vars=5, neg=6 pos=9
FAIL support=83 parity=2 residual=3 vars=1,5, neg=6 pos=9
FAIL support=86 parity=4 residual=5 vars=1,5, neg=6 pos=9
FAIL support=86 parity=4 residual=7 vars=1,2,5, neg=6 pos=9
FAIL support=86 parity=6 residual=4 vars=5, neg=6 pos=9
FAIL support=86 parity=6 residual=5 vars=1,5, neg=6 pos=9
FAIL support=86 parity=6 residual=7 vars=1,2,5, neg=6 pos=9
FAIL support=87 parity=2 residual=2 vars=5, neg=6 pos=9
FAIL support=89 parity=4 residual=4 vars=5, neg=6 pos=9
FAIL support=89 parity=4 residual=5 vars=1,5, neg=6 pos=9
FAIL support=89 parity=4 residual=7 vars=1,2,5, neg=6 pos=9
FAIL support=89 parity=7 residual=4 vars=5, neg=7 pos=8
FAIL support=89 parity=7 residual=5 vars=1,5, neg=7 pos=8
FAIL support=89 parity=7 residual=7 vars=1,2,5, neg=7 pos=8
FAIL support=92 parity=4 residual=5 vars=1,5, neg=6 pos=9
FAIL support=92 parity=4 residual=7 vars=1,3,5, neg=6 pos=9
FAIL support=92 parity=6 residual=5 vars=1,5, neg=6 pos=9
FAIL support=92 parity=6 residual=7 vars=1,3,5, neg=6 pos=9
FAIL support=95 parity=8 residual=9 vars=1,5, neg=6 pos=9
FAIL support=95 parity=8 residual=11 vars=1,2,5, neg=6 pos=9
FAIL support=95 parity=8 residual=13 vars=1,3,5, neg=6 pos=9
FAIL support=95 parity=8 residual=15 vars=1,2,3,5, neg=6 pos=9
FAIL support=95 parity=10 residual=9 vars=1,5, neg=6 pos=9
FAIL support=95 parity=10 residual=11 vars=1,2,5, neg=6 pos=9
FAIL support=95 parity=10 residual=13 vars=1,3,5, neg=6 pos=9
FAIL support=95 parity=10 residual=15 vars=1,2,3,5, neg=6 pos=9
FAIL support=95 parity=12 residual=9 vars=1,5, neg=6 pos=9
FAIL support=95 parity=12 residual=11 vars=1,2,5, neg=6 pos=9
FAIL support=95 parity=12 residual=13 vars=1,3,5, neg=6 pos=9
FAIL support=95 parity=12 residual=15 vars=1,2,3,5, neg=6 pos=9
FAIL support=95 parity=14 residual=9 vars=1,5, neg=4 pos=11
FAIL support=95 parity=14 residual=11 vars=1,2,5, neg=4 pos=11
FAIL support=95 parity=14 residual=13 vars=1,3,5, neg=4 pos=11
FAIL support=95 parity=14 residual=15 vars=1,2,3,5, neg=4 pos=11
FAIL support=98 parity=8 residual=9 vars=1,5, neg=6 pos=9
FAIL support=98 parity=8 residual=11 vars=1,2,5, neg=6 pos=9
FAIL support=98 parity=8 residual=13 vars=1,3,5, neg=6 pos=9
FAIL support=98 parity=8 residual=15 vars=1,2,3,5, neg=6 pos=9
FAIL support=98 parity=11 residual=9 vars=1,5, neg=7 pos=8
FAIL support=98 parity=11 residual=11 vars=1,2,5, neg=7 pos=8
FAIL support=98 parity=11 residual=13 vars=1,3,5, neg=7 pos=8
FAIL support=98 parity=11 residual=15 vars=1,2,3,5, neg=7 pos=8
FAIL support=98 parity=12 residual=9 vars=1,5, neg=6 pos=9
FAIL support=98 parity=12 residual=11 vars=1,2,5, neg=6 pos=9
FAIL support=98 parity=12 residual=13 vars=1,3,5, neg=6 pos=9
FAIL support=98 parity=12 residual=15 vars=1,2,3,5, neg=6 pos=9
FAIL support=98 parity=15 residual=9 vars=1,5, neg=5 pos=10
FAIL support=98 parity=15 residual=11 vars=1,2,5, neg=5 pos=10
FAIL support=98 parity=15 residual=13 vars=1,3,5, neg=5 pos=10
FAIL support=98 parity=15 residual=15 vars=1,2,3,5, neg=5 pos=10
FAIL support=101 parity=3 residual=4 vars=5, neg=6 pos=9
FAIL support=101 parity=3 residual=5 vars=1,5, neg=6 pos=9
FAIL support=101 parity=3 residual=7 vars=1,3,5, neg=6 pos=9
FAIL support=101 parity=4 residual=5 vars=1,5, neg=6 pos=9
FAIL support=101 parity=4 residual=7 vars=1,3,5, neg=6 pos=9
FAIL support=104 parity=5 residual=9 vars=1,5, neg=6 pos=9
FAIL support=104 parity=5 residual=11 vars=1,2,5, neg=6 pos=9
FAIL support=104 parity=5 residual=13 vars=1,3,5, neg=6 pos=9
FAIL support=104 parity=5 residual=15 vars=1,2,3,5, neg=6 pos=9
FAIL support=104 parity=7 residual=9 vars=1,5, neg=4 pos=11
FAIL support=104 parity=7 residual=11 vars=1,2,5, neg=4 pos=11
FAIL support=104 parity=7 residual=13 vars=1,3,5, neg=4 pos=11
FAIL support=104 parity=7 residual=15 vars=1,2,3,5, neg=4 pos=11
FAIL support=104 parity=8 residual=9 vars=1,5, neg=6 pos=9
FAIL support=104 parity=8 residual=11 vars=1,2,5, neg=6 pos=9
FAIL support=104 parity=8 residual=13 vars=1,3,5, neg=6 pos=9
FAIL support=104 parity=8 residual=15 vars=1,2,3,5, neg=6 pos=9
FAIL support=104 parity=10 residual=9 vars=1,5, neg=6 pos=9
FAIL support=104 parity=10 residual=11 vars=1,2,5, neg=6 pos=9
FAIL support=104 parity=10 residual=13 vars=1,3,5, neg=6 pos=9
FAIL support=104 parity=10 residual=15 vars=1,2,3,5, neg=6 pos=9
FAIL support=107 parity=5 residual=9 vars=1,5, neg=6 pos=9
FAIL support=107 parity=5 residual=11 vars=1,2,5, neg=6 pos=9
FAIL support=107 parity=5 residual=13 vars=1,3,5, neg=6 pos=9
FAIL support=107 parity=5 residual=15 vars=1,2,3,5, neg=6 pos=9
FAIL support=107 parity=6 residual=9 vars=1,5, neg=5 pos=10
FAIL support=107 parity=6 residual=11 vars=1,2,5, neg=5 pos=10
FAIL support=107 parity=6 residual=13 vars=1,3,5, neg=5 pos=10
FAIL support=107 parity=6 residual=15 vars=1,2,3,5, neg=5 pos=10
FAIL support=107 parity=8 residual=9 vars=1,5, neg=6 pos=9
FAIL support=107 parity=8 residual=11 vars=1,2,5, neg=6 pos=9
FAIL support=107 parity=8 residual=13 vars=1,3,5, neg=6 pos=9
FAIL support=107 parity=8 residual=15 vars=1,2,3,5, neg=6 pos=9
FAIL support=107 parity=11 residual=9 vars=1,5, neg=7 pos=8
FAIL support=107 parity=11 residual=11 vars=1,2,5, neg=7 pos=8
FAIL support=107 parity=11 residual=13 vars=1,3,5, neg=7 pos=8
FAIL support=107 parity=11 residual=15 vars=1,2,3,5, neg=7 pos=8
FAIL support=110 parity=2 residual=4 vars=5, neg=7 pos=8
FAIL support=110 parity=2 residual=5 vars=1,5, neg=7 pos=8
FAIL support=110 parity=2 residual=7 vars=1,4,5, neg=7 pos=8
FAIL support=110 parity=4 residual=5 vars=1,5, neg=6 pos=9
FAIL support=110 parity=4 residual=7 vars=1,4,5, neg=6 pos=9
FAIL support=113 parity=4 residual=9 vars=1,5, neg=7 pos=8
FAIL support=113 parity=4 residual=11 vars=1,2,5, neg=7 pos=8
FAIL support=113 parity=4 residual=13 vars=1,4,5, neg=7 pos=8
FAIL support=113 parity=4 residual=15 vars=1,2,4,5, neg=7 pos=8
FAIL support=113 parity=6 residual=9 vars=1,5, neg=7 pos=8
FAIL support=113 parity=6 residual=11 vars=1,2,5, neg=7 pos=8
FAIL support=113 parity=6 residual=13 vars=1,4,5, neg=7 pos=8
FAIL support=113 parity=6 residual=15 vars=1,2,4,5, neg=7 pos=8
FAIL support=113 parity=8 residual=9 vars=1,5, neg=6 pos=9
FAIL support=113 parity=8 residual=11 vars=1,2,5, neg=6 pos=9
FAIL support=113 parity=8 residual=13 vars=1,4,5, neg=6 pos=9
FAIL support=113 parity=8 residual=15 vars=1,2,4,5, neg=6 pos=9
FAIL support=113 parity=10 residual=9 vars=1,5, neg=6 pos=9
FAIL support=113 parity=10 residual=11 vars=1,2,5, neg=6 pos=9
FAIL support=113 parity=10 residual=13 vars=1,4,5, neg=6 pos=9
FAIL support=113 parity=10 residual=15 vars=1,2,4,5, neg=6 pos=9
FAIL support=116 parity=4 residual=9 vars=1,5, neg=7 pos=8
FAIL support=116 parity=4 residual=11 vars=1,2,5, neg=7 pos=8
FAIL support=116 parity=4 residual=13 vars=1,4,5, neg=7 pos=8
FAIL support=116 parity=4 residual=15 vars=1,2,4,5, neg=7 pos=8
FAIL support=116 parity=7 residual=9 vars=1,5, neg=6 pos=9
FAIL support=116 parity=7 residual=11 vars=1,2,5, neg=6 pos=9
FAIL support=116 parity=7 residual=13 vars=1,4,5, neg=6 pos=9
FAIL support=116 parity=7 residual=15 vars=1,2,4,5, neg=6 pos=9
FAIL support=116 parity=8 residual=9 vars=1,5, neg=6 pos=9
FAIL support=116 parity=8 residual=11 vars=1,2,5, neg=6 pos=9
FAIL support=116 parity=8 residual=13 vars=1,4,5, neg=6 pos=9
FAIL support=116 parity=8 residual=15 vars=1,2,4,5, neg=6 pos=9
FAIL support=116 parity=11 residual=9 vars=1,5, neg=7 pos=8
FAIL support=116 parity=11 residual=11 vars=1,2,5, neg=7 pos=8
FAIL support=116 parity=11 residual=13 vars=1,4,5, neg=7 pos=8
FAIL support=116 parity=11 residual=15 vars=1,2,4,5, neg=7 pos=8
FAIL support=119 parity=4 residual=9 vars=1,5, neg=7 pos=8
FAIL support=119 parity=4 residual=11 vars=1,3,5, neg=7 pos=8
FAIL support=119 parity=4 residual=13 vars=1,4,5, neg=7 pos=8
FAIL support=119 parity=4 residual=15 vars=1,3,4,5, neg=7 pos=8
FAIL support=119 parity=6 residual=9 vars=1,5, neg=7 pos=8
FAIL support=119 parity=6 residual=11 vars=1,3,5, neg=7 pos=8
FAIL support=119 parity=6 residual=13 vars=1,4,5, neg=7 pos=8
FAIL support=119 parity=6 residual=15 vars=1,3,4,5, neg=7 pos=8
FAIL support=119 parity=8 residual=9 vars=1,5, neg=6 pos=9
FAIL support=119 parity=8 residual=11 vars=1,3,5, neg=6 pos=9
FAIL support=119 parity=8 residual=13 vars=1,4,5, neg=6 pos=9
FAIL support=119 parity=8 residual=15 vars=1,3,4,5, neg=6 pos=9
FAIL support=119 parity=10 residual=9 vars=1,5, neg=6 pos=9
FAIL support=119 parity=10 residual=11 vars=1,3,5, neg=6 pos=9
FAIL support=119 parity=10 residual=13 vars=1,4,5, neg=6 pos=9
FAIL support=119 parity=10 residual=15 vars=1,3,4,5, neg=6 pos=9
FAIL support=122 parity=8 residual=17 vars=1,5, neg=7 pos=8
FAIL support=122 parity=8 residual=19 vars=1,2,5, neg=7 pos=8
FAIL support=122 parity=8 residual=21 vars=1,3,5, neg=7 pos=8
FAIL support=122 parity=8 residual=23 vars=1,2,3,5, neg=7 pos=8
FAIL support=122 parity=8 residual=25 vars=1,4,5, neg=7 pos=8
FAIL support=122 parity=8 residual=27 vars=1,2,4,5, neg=7 pos=8
FAIL support=122 parity=8 residual=29 vars=1,3,4,5, neg=7 pos=8
FAIL support=122 parity=8 residual=31 vars=1,2,3,4,5, neg=7 pos=8
FAIL support=122 parity=10 residual=17 vars=1,5, neg=7 pos=8
FAIL support=122 parity=10 residual=19 vars=1,2,5, neg=7 pos=8
FAIL support=122 parity=10 residual=21 vars=1,3,5, neg=7 pos=8
FAIL support=122 parity=10 residual=23 vars=1,2,3,5, neg=7 pos=8
FAIL support=122 parity=10 residual=25 vars=1,4,5, neg=7 pos=8
FAIL support=122 parity=10 residual=27 vars=1,2,4,5, neg=7 pos=8
FAIL support=122 parity=10 residual=29 vars=1,3,4,5, neg=7 pos=8
FAIL support=122 parity=10 residual=31 vars=1,2,3,4,5, neg=7 pos=8
FAIL support=122 parity=12 residual=17 vars=1,5, neg=7 pos=8
FAIL support=122 parity=12 residual=19 vars=1,2,5, neg=7 pos=8
FAIL support=122 parity=12 residual=21 vars=1,3,5, neg=7 pos=8
FAIL support=122 parity=12 residual=23 vars=1,2,3,5, neg=7 pos=8
FAIL support=122 parity=12 residual=25 vars=1,4,5, neg=7 pos=8
FAIL support=122 parity=12 residual=27 vars=1,2,4,5, neg=7 pos=8
FAIL support=122 parity=12 residual=29 vars=1,3,4,5, neg=7 pos=8
FAIL support=122 parity=12 residual=31 vars=1,2,3,4,5, neg=7 pos=8
FAIL support=122 parity=14 residual=17 vars=1,5, neg=5 pos=10
FAIL support=122 parity=14 residual=19 vars=1,2,5, neg=5 pos=10
FAIL support=122 parity=14 residual=21 vars=1,3,5, neg=5 pos=10
FAIL support=122 parity=14 residual=23 vars=1,2,3,5, neg=5 pos=10
FAIL support=122 parity=14 residual=25 vars=1,4,5, neg=5 pos=10
FAIL support=122 parity=14 residual=27 vars=1,2,4,5, neg=5 pos=10
FAIL support=122 parity=14 residual=29 vars=1,3,4,5, neg=5 pos=10
FAIL support=122 parity=14 residual=31 vars=1,2,3,4,5, neg=5 pos=10
FAIL support=122 parity=16 residual=17 vars=1,5, neg=6 pos=9
FAIL support=122 parity=16 residual=19 vars=1,2,5, neg=6 pos=9
FAIL support=122 parity=16 residual=21 vars=1,3,5, neg=6 pos=9
FAIL support=122 parity=16 residual=23 vars=1,2,3,5, neg=6 pos=9
FAIL support=122 parity=16 residual=25 vars=1,4,5, neg=6 pos=9
FAIL support=122 parity=16 residual=27 vars=1,2,4,5, neg=6 pos=9
FAIL support=122 parity=16 residual=29 vars=1,3,4,5, neg=6 pos=9
FAIL support=122 parity=16 residual=31 vars=1,2,3,4,5, neg=6 pos=9
FAIL support=122 parity=18 residual=17 vars=1,5, neg=6 pos=9
FAIL support=122 parity=18 residual=19 vars=1,2,5, neg=6 pos=9
FAIL support=122 parity=18 residual=21 vars=1,3,5, neg=6 pos=9
FAIL support=122 parity=18 residual=23 vars=1,2,3,5, neg=6 pos=9
FAIL support=122 parity=18 residual=25 vars=1,4,5, neg=6 pos=9
FAIL support=122 parity=18 residual=27 vars=1,2,4,5, neg=6 pos=9
FAIL support=122 parity=18 residual=29 vars=1,3,4,5, neg=6 pos=9
FAIL support=122 parity=18 residual=31 vars=1,2,3,4,5, neg=6 pos=9
FAIL support=122 parity=20 residual=17 vars=1,5, neg=6 pos=9
FAIL support=122 parity=20 residual=19 vars=1,2,5, neg=6 pos=9
FAIL support=122 parity=20 residual=21 vars=1,3,5, neg=6 pos=9
FAIL support=122 parity=20 residual=23 vars=1,2,3,5, neg=6 pos=9
FAIL support=122 parity=20 residual=25 vars=1,4,5, neg=6 pos=9
FAIL support=122 parity=20 residual=27 vars=1,2,4,5, neg=6 pos=9
FAIL support=122 parity=20 residual=29 vars=1,3,4,5, neg=6 pos=9
FAIL support=122 parity=20 residual=31 vars=1,2,3,4,5, neg=6 pos=9
FAIL support=122 parity=22 residual=17 vars=1,5, neg=4 pos=11
FAIL support=122 parity=22 residual=19 vars=1,2,5, neg=4 pos=11
FAIL support=122 parity=22 residual=21 vars=1,3,5, neg=4 pos=11
FAIL support=122 parity=22 residual=23 vars=1,2,3,5, neg=4 pos=11
FAIL support=122 parity=22 residual=25 vars=1,4,5, neg=4 pos=11
FAIL support=122 parity=22 residual=27 vars=1,2,4,5, neg=4 pos=11
FAIL support=122 parity=22 residual=29 vars=1,3,4,5, neg=4 pos=11
FAIL support=122 parity=22 residual=31 vars=1,2,3,4,5, neg=4 pos=11
FAIL support=125 parity=8 residual=17 vars=1,5, neg=7 pos=8
FAIL support=125 parity=8 residual=19 vars=1,2,5, neg=7 pos=8
FAIL support=125 parity=8 residual=21 vars=1,3,5, neg=7 pos=8
FAIL support=125 parity=8 residual=23 vars=1,2,3,5, neg=7 pos=8
FAIL support=125 parity=8 residual=25 vars=1,4,5, neg=7 pos=8
FAIL support=125 parity=8 residual=27 vars=1,2,4,5, neg=7 pos=8
FAIL support=125 parity=8 residual=29 vars=1,3,4,5, neg=7 pos=8
FAIL support=125 parity=8 residual=31 vars=1,2,3,4,5, neg=7 pos=8
FAIL support=125 parity=11 residual=17 vars=1,5, neg=6 pos=9
FAIL support=125 parity=11 residual=19 vars=1,2,5, neg=6 pos=9
FAIL support=125 parity=11 residual=21 vars=1,3,5, neg=6 pos=9
FAIL support=125 parity=11 residual=23 vars=1,2,3,5, neg=6 pos=9
FAIL support=125 parity=11 residual=25 vars=1,4,5, neg=6 pos=9
FAIL support=125 parity=11 residual=27 vars=1,2,4,5, neg=6 pos=9
FAIL support=125 parity=11 residual=29 vars=1,3,4,5, neg=6 pos=9
FAIL support=125 parity=11 residual=31 vars=1,2,3,4,5, neg=6 pos=9
FAIL support=125 parity=12 residual=17 vars=1,5, neg=7 pos=8
FAIL support=125 parity=12 residual=19 vars=1,2,5, neg=7 pos=8
FAIL support=125 parity=12 residual=21 vars=1,3,5, neg=7 pos=8
FAIL support=125 parity=12 residual=23 vars=1,2,3,5, neg=7 pos=8
FAIL support=125 parity=12 residual=25 vars=1,4,5, neg=7 pos=8
FAIL support=125 parity=12 residual=27 vars=1,2,4,5, neg=7 pos=8
FAIL support=125 parity=12 residual=29 vars=1,3,4,5, neg=7 pos=8
FAIL support=125 parity=12 residual=31 vars=1,2,3,4,5, neg=7 pos=8
FAIL support=125 parity=15 residual=17 vars=1,5, neg=4 pos=11
FAIL support=125 parity=15 residual=19 vars=1,2,5, neg=4 pos=11
FAIL support=125 parity=15 residual=21 vars=1,3,5, neg=4 pos=11
FAIL support=125 parity=15 residual=23 vars=1,2,3,5, neg=4 pos=11
FAIL support=125 parity=15 residual=25 vars=1,4,5, neg=4 pos=11
FAIL support=125 parity=15 residual=27 vars=1,2,4,5, neg=4 pos=11
FAIL support=125 parity=15 residual=29 vars=1,3,4,5, neg=4 pos=11
FAIL support=125 parity=15 residual=31 vars=1,2,3,4,5, neg=4 pos=11
FAIL support=125 parity=16 residual=17 vars=1,5, neg=6 pos=9
FAIL support=125 parity=16 residual=19 vars=1,2,5, neg=6 pos=9
FAIL support=125 parity=16 residual=21 vars=1,3,5, neg=6 pos=9
FAIL support=125 parity=16 residual=23 vars=1,2,3,5, neg=6 pos=9
FAIL support=125 parity=16 residual=25 vars=1,4,5, neg=6 pos=9
FAIL support=125 parity=16 residual=27 vars=1,2,4,5, neg=6 pos=9
FAIL support=125 parity=16 residual=29 vars=1,3,4,5, neg=6 pos=9
FAIL support=125 parity=16 residual=31 vars=1,2,3,4,5, neg=6 pos=9
FAIL support=125 parity=19 residual=17 vars=1,5, neg=7 pos=8
FAIL support=125 parity=19 residual=19 vars=1,2,5, neg=7 pos=8
FAIL support=125 parity=19 residual=21 vars=1,3,5, neg=7 pos=8
FAIL support=125 parity=19 residual=23 vars=1,2,3,5, neg=7 pos=8
FAIL support=125 parity=19 residual=25 vars=1,4,5, neg=7 pos=8
FAIL support=125 parity=19 residual=27 vars=1,2,4,5, neg=7 pos=8
FAIL support=125 parity=19 residual=29 vars=1,3,4,5, neg=7 pos=8
FAIL support=125 parity=19 residual=31 vars=1,2,3,4,5, neg=7 pos=8
FAIL support=125 parity=20 residual=17 vars=1,5, neg=6 pos=9
FAIL support=125 parity=20 residual=19 vars=1,2,5, neg=6 pos=9
FAIL support=125 parity=20 residual=21 vars=1,3,5, neg=6 pos=9
FAIL support=125 parity=20 residual=23 vars=1,2,3,5, neg=6 pos=9
FAIL support=125 parity=20 residual=25 vars=1,4,5, neg=6 pos=9
FAIL support=125 parity=20 residual=27 vars=1,2,4,5, neg=6 pos=9
FAIL support=125 parity=20 residual=29 vars=1,3,4,5, neg=6 pos=9
FAIL support=125 parity=20 residual=31 vars=1,2,3,4,5, neg=6 pos=9
FAIL support=125 parity=23 residual=17 vars=1,5, neg=5 pos=10
FAIL support=125 parity=23 residual=19 vars=1,2,5, neg=5 pos=10
FAIL support=125 parity=23 residual=21 vars=1,3,5, neg=5 pos=10
FAIL support=125 parity=23 residual=23 vars=1,2,3,5, neg=5 pos=10
FAIL support=125 parity=23 residual=25 vars=1,4,5, neg=5 pos=10
FAIL support=125 parity=23 residual=27 vars=1,2,4,5, neg=5 pos=10
FAIL support=125 parity=23 residual=29 vars=1,3,4,5, neg=5 pos=10
FAIL support=125 parity=23 residual=31 vars=1,2,3,4,5, neg=5 pos=10
FAIL support=128 parity=3 residual=9 vars=1,5, neg=6 pos=9
FAIL support=128 parity=3 residual=11 vars=1,3,5, neg=6 pos=9
FAIL support=128 parity=3 residual=13 vars=1,4,5, neg=6 pos=9
FAIL support=128 parity=3 residual=15 vars=1,3,4,5, neg=6 pos=9
FAIL support=128 parity=4 residual=9 vars=1,5, neg=7 pos=8
FAIL support=128 parity=4 residual=11 vars=1,3,5, neg=7 pos=8
FAIL support=128 parity=4 residual=13 vars=1,4,5, neg=7 pos=8
FAIL support=128 parity=4 residual=15 vars=1,3,4,5, neg=7 pos=8
FAIL support=128 parity=8 residual=9 vars=1,5, neg=6 pos=9
FAIL support=128 parity=8 residual=11 vars=1,3,5, neg=6 pos=9
FAIL support=128 parity=8 residual=13 vars=1,4,5, neg=6 pos=9
FAIL support=128 parity=8 residual=15 vars=1,3,4,5, neg=6 pos=9
FAIL support=128 parity=15 residual=9 vars=1,5, neg=7 pos=8
FAIL support=128 parity=15 residual=11 vars=1,3,5, neg=7 pos=8
FAIL support=128 parity=15 residual=13 vars=1,4,5, neg=7 pos=8
FAIL support=128 parity=15 residual=15 vars=1,3,4,5, neg=7 pos=8
FAIL support=131 parity=5 residual=17 vars=1,5, neg=6 pos=9
FAIL support=131 parity=5 residual=19 vars=1,2,5, neg=6 pos=9
FAIL support=131 parity=5 residual=21 vars=1,3,5, neg=6 pos=9
FAIL support=131 parity=5 residual=23 vars=1,2,3,5, neg=6 pos=9
FAIL support=131 parity=5 residual=25 vars=1,4,5, neg=6 pos=9
FAIL support=131 parity=5 residual=27 vars=1,2,4,5, neg=6 pos=9
FAIL support=131 parity=5 residual=29 vars=1,3,4,5, neg=6 pos=9
FAIL support=131 parity=5 residual=31 vars=1,2,3,4,5, neg=6 pos=9
FAIL support=131 parity=7 residual=17 vars=1,5, neg=4 pos=11
FAIL support=131 parity=7 residual=19 vars=1,2,5, neg=4 pos=11
FAIL support=131 parity=7 residual=21 vars=1,3,5, neg=4 pos=11
FAIL support=131 parity=7 residual=23 vars=1,2,3,5, neg=4 pos=11
FAIL support=131 parity=7 residual=25 vars=1,4,5, neg=4 pos=11
FAIL support=131 parity=7 residual=27 vars=1,2,4,5, neg=4 pos=11
FAIL support=131 parity=7 residual=29 vars=1,3,4,5, neg=4 pos=11
FAIL support=131 parity=7 residual=31 vars=1,2,3,4,5, neg=4 pos=11
FAIL support=131 parity=8 residual=17 vars=1,5, neg=7 pos=8
FAIL support=131 parity=8 residual=19 vars=1,2,5, neg=7 pos=8
FAIL support=131 parity=8 residual=21 vars=1,3,5, neg=7 pos=8
FAIL support=131 parity=8 residual=23 vars=1,2,3,5, neg=7 pos=8
FAIL support=131 parity=8 residual=25 vars=1,4,5, neg=7 pos=8
FAIL support=131 parity=8 residual=27 vars=1,2,4,5, neg=7 pos=8
FAIL support=131 parity=8 residual=29 vars=1,3,4,5, neg=7 pos=8
FAIL support=131 parity=8 residual=31 vars=1,2,3,4,5, neg=7 pos=8
FAIL support=131 parity=10 residual=17 vars=1,5, neg=7 pos=8
FAIL support=131 parity=10 residual=19 vars=1,2,5, neg=7 pos=8
FAIL support=131 parity=10 residual=21 vars=1,3,5, neg=7 pos=8
FAIL support=131 parity=10 residual=23 vars=1,2,3,5, neg=7 pos=8
FAIL support=131 parity=10 residual=25 vars=1,4,5, neg=7 pos=8
FAIL support=131 parity=10 residual=27 vars=1,2,4,5, neg=7 pos=8
FAIL support=131 parity=10 residual=29 vars=1,3,4,5, neg=7 pos=8
FAIL support=131 parity=10 residual=31 vars=1,2,3,4,5, neg=7 pos=8
FAIL support=131 parity=16 residual=17 vars=1,5, neg=6 pos=9
FAIL support=131 parity=16 residual=19 vars=1,2,5, neg=6 pos=9
FAIL support=131 parity=16 residual=21 vars=1,3,5, neg=6 pos=9
FAIL support=131 parity=16 residual=23 vars=1,2,3,5, neg=6 pos=9
FAIL support=131 parity=16 residual=25 vars=1,4,5, neg=6 pos=9
FAIL support=131 parity=16 residual=27 vars=1,2,4,5, neg=6 pos=9
FAIL support=131 parity=16 residual=29 vars=1,3,4,5, neg=6 pos=9
FAIL support=131 parity=16 residual=31 vars=1,2,3,4,5, neg=6 pos=9
FAIL support=131 parity=18 residual=17 vars=1,5, neg=6 pos=9
FAIL support=131 parity=18 residual=19 vars=1,2,5, neg=6 pos=9
FAIL support=131 parity=18 residual=21 vars=1,3,5, neg=6 pos=9
FAIL support=131 parity=18 residual=23 vars=1,2,3,5, neg=6 pos=9
FAIL support=131 parity=18 residual=25 vars=1,4,5, neg=6 pos=9
FAIL support=131 parity=18 residual=27 vars=1,2,4,5, neg=6 pos=9
FAIL support=131 parity=18 residual=29 vars=1,3,4,5, neg=6 pos=9
FAIL support=131 parity=18 residual=31 vars=1,2,3,4,5, neg=6 pos=9
FAIL support=131 parity=29 residual=17 vars=1,5, neg=7 pos=8
FAIL support=131 parity=29 residual=19 vars=1,2,5, neg=7 pos=8
FAIL support=131 parity=29 residual=21 vars=1,3,5, neg=7 pos=8
FAIL support=131 parity=29 residual=23 vars=1,2,3,5, neg=7 pos=8
FAIL support=131 parity=29 residual=25 vars=1,4,5, neg=7 pos=8
FAIL support=131 parity=29 residual=27 vars=1,2,4,5, neg=7 pos=8
FAIL support=131 parity=29 residual=29 vars=1,3,4,5, neg=7 pos=8
FAIL support=131 parity=29 residual=31 vars=1,2,3,4,5, neg=7 pos=8
FAIL support=131 parity=31 residual=17 vars=1,5, neg=5 pos=10
FAIL support=131 parity=31 residual=19 vars=1,2,5, neg=5 pos=10
FAIL support=131 parity=31 residual=21 vars=1,3,5, neg=5 pos=10
FAIL support=131 parity=31 residual=23 vars=1,2,3,5, neg=5 pos=10
FAIL support=131 parity=31 residual=25 vars=1,4,5, neg=5 pos=10
FAIL support=131 parity=31 residual=27 vars=1,2,4,5, neg=5 pos=10
FAIL support=131 parity=31 residual=29 vars=1,3,4,5, neg=5 pos=10
FAIL support=131 parity=31 residual=31 vars=1,2,3,4,5, neg=5 pos=10
FAIL support=134 parity=5 residual=17 vars=1,5, neg=6 pos=9
FAIL support=134 parity=5 residual=19 vars=1,2,5, neg=6 pos=9
FAIL support=134 parity=5 residual=21 vars=1,3,5, neg=6 pos=9
FAIL support=134 parity=5 residual=23 vars=1,2,3,5, neg=6 pos=9
FAIL support=134 parity=5 residual=25 vars=1,4,5, neg=6 pos=9
FAIL support=134 parity=5 residual=27 vars=1,2,4,5, neg=6 pos=9
FAIL support=134 parity=5 residual=29 vars=1,3,4,5, neg=6 pos=9
FAIL support=134 parity=5 residual=31 vars=1,2,3,4,5, neg=6 pos=9
FAIL support=134 parity=6 residual=17 vars=1,5, neg=5 pos=10
FAIL support=134 parity=6 residual=19 vars=1,2,5, neg=5 pos=10
FAIL support=134 parity=6 residual=21 vars=1,3,5, neg=5 pos=10
FAIL support=134 parity=6 residual=23 vars=1,2,3,5, neg=5 pos=10
FAIL support=134 parity=6 residual=25 vars=1,4,5, neg=5 pos=10
FAIL support=134 parity=6 residual=27 vars=1,2,4,5, neg=5 pos=10
FAIL support=134 parity=6 residual=29 vars=1,3,4,5, neg=5 pos=10
FAIL support=134 parity=6 residual=31 vars=1,2,3,4,5, neg=5 pos=10
FAIL support=134 parity=8 residual=17 vars=1,5, neg=7 pos=8
FAIL support=134 parity=8 residual=19 vars=1,2,5, neg=7 pos=8
FAIL support=134 parity=8 residual=21 vars=1,3,5, neg=7 pos=8
FAIL support=134 parity=8 residual=23 vars=1,2,3,5, neg=7 pos=8
FAIL support=134 parity=8 residual=25 vars=1,4,5, neg=7 pos=8
FAIL support=134 parity=8 residual=27 vars=1,2,4,5, neg=7 pos=8
FAIL support=134 parity=8 residual=29 vars=1,3,4,5, neg=7 pos=8
FAIL support=134 parity=8 residual=31 vars=1,2,3,4,5, neg=7 pos=8
FAIL support=134 parity=11 residual=17 vars=1,5, neg=6 pos=9
FAIL support=134 parity=11 residual=19 vars=1,2,5, neg=6 pos=9
FAIL support=134 parity=11 residual=21 vars=1,3,5, neg=6 pos=9
FAIL support=134 parity=11 residual=23 vars=1,2,3,5, neg=6 pos=9
FAIL support=134 parity=11 residual=25 vars=1,4,5, neg=6 pos=9
FAIL support=134 parity=11 residual=27 vars=1,2,4,5, neg=6 pos=9
FAIL support=134 parity=11 residual=29 vars=1,3,4,5, neg=6 pos=9
FAIL support=134 parity=11 residual=31 vars=1,2,3,4,5, neg=6 pos=9
FAIL support=134 parity=16 residual=17 vars=1,5, neg=6 pos=9
FAIL support=134 parity=16 residual=19 vars=1,2,5, neg=6 pos=9
FAIL support=134 parity=16 residual=21 vars=1,3,5, neg=6 pos=9
FAIL support=134 parity=16 residual=23 vars=1,2,3,5, neg=6 pos=9
FAIL support=134 parity=16 residual=25 vars=1,4,5, neg=6 pos=9
FAIL support=134 parity=16 residual=27 vars=1,2,4,5, neg=6 pos=9
FAIL support=134 parity=16 residual=29 vars=1,3,4,5, neg=6 pos=9
FAIL support=134 parity=16 residual=31 vars=1,2,3,4,5, neg=6 pos=9
FAIL support=134 parity=19 residual=17 vars=1,5, neg=7 pos=8
FAIL support=134 parity=19 residual=19 vars=1,2,5, neg=7 pos=8
FAIL support=134 parity=19 residual=21 vars=1,3,5, neg=7 pos=8
FAIL support=134 parity=19 residual=23 vars=1,2,3,5, neg=7 pos=8
FAIL support=134 parity=19 residual=25 vars=1,4,5, neg=7 pos=8
FAIL support=134 parity=19 residual=27 vars=1,2,4,5, neg=7 pos=8
FAIL support=134 parity=19 residual=29 vars=1,3,4,5, neg=7 pos=8
FAIL support=134 parity=19 residual=31 vars=1,2,3,4,5, neg=7 pos=8
FAIL support=134 parity=29 residual=17 vars=1,5, neg=7 pos=8
FAIL support=134 parity=29 residual=19 vars=1,2,5, neg=7 pos=8
FAIL support=134 parity=29 residual=21 vars=1,3,5, neg=7 pos=8
FAIL support=134 parity=29 residual=23 vars=1,2,3,5, neg=7 pos=8
FAIL support=134 parity=29 residual=25 vars=1,4,5, neg=7 pos=8
FAIL support=134 parity=29 residual=27 vars=1,2,4,5, neg=7 pos=8
FAIL support=134 parity=29 residual=29 vars=1,3,4,5, neg=7 pos=8
FAIL support=134 parity=29 residual=31 vars=1,2,3,4,5, neg=7 pos=8
FAIL support=134 parity=30 residual=17 vars=1,5, neg=4 pos=11
FAIL support=134 parity=30 residual=19 vars=1,2,5, neg=4 pos=11
FAIL support=134 parity=30 residual=21 vars=1,3,5, neg=4 pos=11
FAIL support=134 parity=30 residual=23 vars=1,2,3,5, neg=4 pos=11
FAIL support=134 parity=30 residual=25 vars=1,4,5, neg=4 pos=11
FAIL support=134 parity=30 residual=27 vars=1,2,4,5, neg=4 pos=11
FAIL support=134 parity=30 residual=29 vars=1,3,4,5, neg=4 pos=11
FAIL support=134 parity=30 residual=31 vars=1,2,3,4,5, neg=4 pos=11
FAIL support=135 parity=2 residual=2 vars=5, neg=6 pos=9
FAIL support=135 parity=2 residual=3 vars=4,5, neg=6 pos=9
FAIL support=136 parity=4 residual=4 vars=5, neg=6 pos=9
FAIL support=136 parity=5 residual=4 vars=5, neg=5 pos=10
FAIL support=136 parity=5 residual=6 vars=4,5, neg=5 pos=10
FAIL support=137 parity=3 residual=1 vars=1, neg=7 pos=8
FAIL support=137 parity=3 residual=4 vars=5, neg=7 pos=8
FAIL support=137 parity=3 residual=5 vars=1,5, neg=7 pos=8
FAIL support=137 parity=3 residual=6 vars=4,5, neg=7 pos=8
FAIL support=137 parity=3 residual=7 vars=1,4,5, neg=7 pos=8
FAIL support=137 parity=4 residual=4 vars=5, neg=6 pos=9
FAIL support=137 parity=4 residual=5 vars=1,5, neg=6 pos=9
FAIL support=137 parity=4 residual=6 vars=4,5, neg=6 pos=9
FAIL support=137 parity=4 residual=7 vars=1,4,5, neg=6 pos=9
FAIL support=140 parity=5 residual=9 vars=1,5, neg=7 pos=8
FAIL support=140 parity=5 residual=11 vars=1,2,5, neg=7 pos=8
FAIL support=140 parity=5 residual=13 vars=1,4,5, neg=7 pos=8
FAIL support=140 parity=5 residual=15 vars=1,2,4,5, neg=7 pos=8
FAIL support=140 parity=7 residual=9 vars=1,5, neg=9 pos=6
FAIL support=140 parity=7 residual=11 vars=1,2,5, neg=9 pos=6
FAIL support=140 parity=7 residual=13 vars=1,4,5, neg=9 pos=6
FAIL support=140 parity=7 residual=15 vars=1,2,4,5, neg=9 pos=6
FAIL support=140 parity=8 residual=9 vars=1,5, neg=6 pos=9
FAIL support=140 parity=8 residual=11 vars=1,2,5, neg=6 pos=9
FAIL support=140 parity=8 residual=13 vars=1,4,5, neg=6 pos=9
FAIL support=140 parity=8 residual=15 vars=1,2,4,5, neg=6 pos=9
FAIL support=140 parity=10 residual=9 vars=1,5, neg=6 pos=9
FAIL support=140 parity=10 residual=11 vars=1,2,5, neg=6 pos=9
FAIL support=140 parity=10 residual=13 vars=1,4,5, neg=6 pos=9
FAIL support=140 parity=10 residual=15 vars=1,2,4,5, neg=6 pos=9
FAIL support=141 parity=3 residual=4 vars=5, neg=8 pos=7
FAIL support=141 parity=3 residual=6 vars=4,5, neg=8 pos=7
FAIL support=143 parity=5 residual=8 vars=5, neg=7 pos=8
FAIL support=143 parity=5 residual=9 vars=1,5, neg=7 pos=8
FAIL support=143 parity=5 residual=11 vars=1,2,5, neg=7 pos=8
FAIL support=143 parity=5 residual=13 vars=1,4,5, neg=7 pos=8
FAIL support=143 parity=5 residual=15 vars=1,2,4,5, neg=7 pos=8
FAIL support=143 parity=6 residual=8 vars=5, neg=8 pos=7
FAIL support=143 parity=6 residual=9 vars=1,5, neg=8 pos=7
FAIL support=143 parity=6 residual=11 vars=1,2,5, neg=8 pos=7
FAIL support=143 parity=6 residual=12 vars=4,5, neg=8 pos=7
FAIL support=143 parity=6 residual=13 vars=1,4,5, neg=8 pos=7
FAIL support=143 parity=6 residual=15 vars=1,2,4,5, neg=8 pos=7
FAIL support=143 parity=8 residual=8 vars=5, neg=6 pos=9
FAIL support=143 parity=8 residual=9 vars=1,5, neg=6 pos=9
FAIL support=143 parity=8 residual=11 vars=1,2,5, neg=6 pos=9
FAIL support=143 parity=8 residual=12 vars=4,5, neg=6 pos=9
FAIL support=143 parity=8 residual=13 vars=1,4,5, neg=6 pos=9
FAIL support=143 parity=8 residual=15 vars=1,2,4,5, neg=6 pos=9
FAIL support=143 parity=11 residual=8 vars=5, neg=7 pos=8
FAIL support=143 parity=11 residual=9 vars=1,5, neg=7 pos=8
FAIL support=143 parity=11 residual=11 vars=1,2,5, neg=7 pos=8
FAIL support=143 parity=11 residual=12 vars=4,5, neg=7 pos=8
FAIL support=143 parity=11 residual=13 vars=1,4,5, neg=7 pos=8
FAIL support=143 parity=11 residual=15 vars=1,2,4,5, neg=7 pos=8
FAIL support=146 parity=5 residual=9 vars=1,5, neg=7 pos=8
FAIL support=146 parity=5 residual=11 vars=1,3,5, neg=7 pos=8
FAIL support=146 parity=5 residual=13 vars=1,4,5, neg=7 pos=8
FAIL support=146 parity=5 residual=15 vars=1,3,4,5, neg=7 pos=8
FAIL support=146 parity=7 residual=9 vars=1,5, neg=5 pos=10
FAIL support=146 parity=7 residual=11 vars=1,3,5, neg=5 pos=10
FAIL support=146 parity=7 residual=13 vars=1,4,5, neg=5 pos=10
FAIL support=146 parity=7 residual=15 vars=1,3,4,5, neg=5 pos=10
FAIL support=146 parity=8 residual=9 vars=1,5, neg=6 pos=9
FAIL support=146 parity=8 residual=11 vars=1,3,5, neg=6 pos=9
FAIL support=146 parity=8 residual=13 vars=1,4,5, neg=6 pos=9
FAIL support=146 parity=8 residual=15 vars=1,3,4,5, neg=6 pos=9
FAIL support=146 parity=10 residual=9 vars=1,5, neg=6 pos=9
FAIL support=146 parity=10 residual=11 vars=1,3,5, neg=6 pos=9
FAIL support=146 parity=10 residual=13 vars=1,4,5, neg=6 pos=9
FAIL support=146 parity=10 residual=15 vars=1,3,4,5, neg=6 pos=9
FAIL support=149 parity=9 residual=17 vars=1,5, neg=7 pos=8
FAIL support=149 parity=9 residual=19 vars=1,2,5, neg=7 pos=8
FAIL support=149 parity=9 residual=21 vars=1,3,5, neg=7 pos=8
FAIL support=149 parity=9 residual=23 vars=1,2,3,5, neg=7 pos=8
FAIL support=149 parity=9 residual=25 vars=1,4,5, neg=7 pos=8
FAIL support=149 parity=9 residual=27 vars=1,2,4,5, neg=7 pos=8
FAIL support=149 parity=9 residual=29 vars=1,3,4,5, neg=7 pos=8
FAIL support=149 parity=9 residual=31 vars=1,2,3,4,5, neg=7 pos=8
FAIL support=149 parity=11 residual=17 vars=1,5, neg=9 pos=6
FAIL support=149 parity=11 residual=19 vars=1,2,5, neg=9 pos=6
FAIL support=149 parity=11 residual=21 vars=1,3,5, neg=9 pos=6
FAIL support=149 parity=11 residual=23 vars=1,2,3,5, neg=9 pos=6
FAIL support=149 parity=11 residual=25 vars=1,4,5, neg=9 pos=6
FAIL support=149 parity=11 residual=27 vars=1,2,4,5, neg=9 pos=6
FAIL support=149 parity=11 residual=29 vars=1,3,4,5, neg=9 pos=6
FAIL support=149 parity=11 residual=31 vars=1,2,3,4,5, neg=9 pos=6
FAIL support=149 parity=13 residual=17 vars=1,5, neg=5 pos=10
FAIL support=149 parity=13 residual=19 vars=1,2,5, neg=5 pos=10
FAIL support=149 parity=13 residual=21 vars=1,3,5, neg=5 pos=10
FAIL support=149 parity=13 residual=23 vars=1,2,3,5, neg=5 pos=10
FAIL support=149 parity=13 residual=25 vars=1,4,5, neg=5 pos=10
FAIL support=149 parity=13 residual=27 vars=1,2,4,5, neg=5 pos=10
FAIL support=149 parity=13 residual=29 vars=1,3,4,5, neg=5 pos=10
FAIL support=149 parity=13 residual=31 vars=1,2,3,4,5, neg=5 pos=10
FAIL support=149 parity=15 residual=17 vars=1,5, neg=5 pos=10
FAIL support=149 parity=15 residual=19 vars=1,2,5, neg=5 pos=10
FAIL support=149 parity=15 residual=21 vars=1,3,5, neg=5 pos=10
FAIL support=149 parity=15 residual=23 vars=1,2,3,5, neg=5 pos=10
FAIL support=149 parity=15 residual=25 vars=1,4,5, neg=5 pos=10
FAIL support=149 parity=15 residual=27 vars=1,2,4,5, neg=5 pos=10
FAIL support=149 parity=15 residual=29 vars=1,3,4,5, neg=5 pos=10
FAIL support=149 parity=15 residual=31 vars=1,2,3,4,5, neg=5 pos=10
FAIL support=149 parity=16 residual=17 vars=1,5, neg=6 pos=9
FAIL support=149 parity=16 residual=19 vars=1,2,5, neg=6 pos=9
FAIL support=149 parity=16 residual=21 vars=1,3,5, neg=6 pos=9
FAIL support=149 parity=16 residual=23 vars=1,2,3,5, neg=6 pos=9
FAIL support=149 parity=16 residual=25 vars=1,4,5, neg=6 pos=9
FAIL support=149 parity=16 residual=27 vars=1,2,4,5, neg=6 pos=9
FAIL support=149 parity=16 residual=29 vars=1,3,4,5, neg=6 pos=9
FAIL support=149 parity=16 residual=31 vars=1,2,3,4,5, neg=6 pos=9
FAIL support=149 parity=18 residual=17 vars=1,5, neg=6 pos=9
FAIL support=149 parity=18 residual=19 vars=1,2,5, neg=6 pos=9
FAIL support=149 parity=18 residual=21 vars=1,3,5, neg=6 pos=9
FAIL support=149 parity=18 residual=23 vars=1,2,3,5, neg=6 pos=9
FAIL support=149 parity=18 residual=25 vars=1,4,5, neg=6 pos=9
FAIL support=149 parity=18 residual=27 vars=1,2,4,5, neg=6 pos=9
FAIL support=149 parity=18 residual=29 vars=1,3,4,5, neg=6 pos=9
FAIL support=149 parity=18 residual=31 vars=1,2,3,4,5, neg=6 pos=9
FAIL support=149 parity=20 residual=17 vars=1,5, neg=6 pos=9
FAIL support=149 parity=20 residual=19 vars=1,2,5, neg=6 pos=9
FAIL support=149 parity=20 residual=21 vars=1,3,5, neg=6 pos=9
FAIL support=149 parity=20 residual=23 vars=1,2,3,5, neg=6 pos=9
FAIL support=149 parity=20 residual=25 vars=1,4,5, neg=6 pos=9
FAIL support=149 parity=20 residual=27 vars=1,2,4,5, neg=6 pos=9
FAIL support=149 parity=20 residual=29 vars=1,3,4,5, neg=6 pos=9
FAIL support=149 parity=20 residual=31 vars=1,2,3,4,5, neg=6 pos=9
FAIL support=149 parity=22 residual=17 vars=1,5, neg=4 pos=11
FAIL support=149 parity=22 residual=19 vars=1,2,5, neg=4 pos=11
FAIL support=149 parity=22 residual=21 vars=1,3,5, neg=4 pos=11
FAIL support=149 parity=22 residual=23 vars=1,2,3,5, neg=4 pos=11
FAIL support=149 parity=22 residual=25 vars=1,4,5, neg=4 pos=11
FAIL support=149 parity=22 residual=27 vars=1,2,4,5, neg=4 pos=11
FAIL support=149 parity=22 residual=29 vars=1,3,4,5, neg=4 pos=11
FAIL support=149 parity=22 residual=31 vars=1,2,3,4,5, neg=4 pos=11
FAIL support=152 parity=9 residual=17 vars=1,5, neg=7 pos=8
FAIL support=152 parity=9 residual=19 vars=1,2,5, neg=7 pos=8
FAIL support=152 parity=9 residual=21 vars=1,3,5, neg=7 pos=8
FAIL support=152 parity=9 residual=23 vars=1,2,3,5, neg=7 pos=8
FAIL support=152 parity=9 residual=25 vars=1,4,5, neg=7 pos=8
FAIL support=152 parity=9 residual=27 vars=1,2,4,5, neg=7 pos=8
FAIL support=152 parity=9 residual=29 vars=1,3,4,5, neg=7 pos=8
FAIL support=152 parity=9 residual=31 vars=1,2,3,4,5, neg=7 pos=8
FAIL support=152 parity=10 residual=17 vars=1,5, neg=8 pos=7
FAIL support=152 parity=10 residual=19 vars=1,2,5, neg=8 pos=7
FAIL support=152 parity=10 residual=21 vars=1,3,5, neg=8 pos=7
FAIL support=152 parity=10 residual=23 vars=1,2,3,5, neg=8 pos=7
FAIL support=152 parity=10 residual=25 vars=1,4,5, neg=8 pos=7
FAIL support=152 parity=10 residual=27 vars=1,2,4,5, neg=8 pos=7
FAIL support=152 parity=10 residual=29 vars=1,3,4,5, neg=8 pos=7
FAIL support=152 parity=10 residual=31 vars=1,2,3,4,5, neg=8 pos=7
FAIL support=152 parity=13 residual=17 vars=1,5, neg=5 pos=10
FAIL support=152 parity=13 residual=19 vars=1,2,5, neg=5 pos=10
FAIL support=152 parity=13 residual=21 vars=1,3,5, neg=5 pos=10
FAIL support=152 parity=13 residual=23 vars=1,2,3,5, neg=5 pos=10
FAIL support=152 parity=13 residual=25 vars=1,4,5, neg=5 pos=10
FAIL support=152 parity=13 residual=27 vars=1,2,4,5, neg=5 pos=10
FAIL support=152 parity=13 residual=29 vars=1,3,4,5, neg=5 pos=10
FAIL support=152 parity=13 residual=31 vars=1,2,3,4,5, neg=5 pos=10
FAIL support=152 parity=14 residual=17 vars=1,5, neg=4 pos=11
FAIL support=152 parity=14 residual=19 vars=1,2,5, neg=4 pos=11
FAIL support=152 parity=14 residual=21 vars=1,3,5, neg=4 pos=11
FAIL support=152 parity=14 residual=23 vars=1,2,3,5, neg=4 pos=11
FAIL support=152 parity=14 residual=25 vars=1,4,5, neg=4 pos=11
FAIL support=152 parity=14 residual=27 vars=1,2,4,5, neg=4 pos=11
FAIL support=152 parity=14 residual=29 vars=1,3,4,5, neg=4 pos=11
FAIL support=152 parity=14 residual=31 vars=1,2,3,4,5, neg=4 pos=11
FAIL support=152 parity=16 residual=17 vars=1,5, neg=6 pos=9
FAIL support=152 parity=16 residual=19 vars=1,2,5, neg=6 pos=9
FAIL support=152 parity=16 residual=21 vars=1,3,5, neg=6 pos=9
FAIL support=152 parity=16 residual=23 vars=1,2,3,5, neg=6 pos=9
FAIL support=152 parity=16 residual=25 vars=1,4,5, neg=6 pos=9
FAIL support=152 parity=16 residual=27 vars=1,2,4,5, neg=6 pos=9
FAIL support=152 parity=16 residual=29 vars=1,3,4,5, neg=6 pos=9
FAIL support=152 parity=16 residual=31 vars=1,2,3,4,5, neg=6 pos=9
FAIL support=152 parity=19 residual=17 vars=1,5, neg=7 pos=8
FAIL support=152 parity=19 residual=19 vars=1,2,5, neg=7 pos=8
FAIL support=152 parity=19 residual=21 vars=1,3,5, neg=7 pos=8
FAIL support=152 parity=19 residual=23 vars=1,2,3,5, neg=7 pos=8
FAIL support=152 parity=19 residual=25 vars=1,4,5, neg=7 pos=8
FAIL support=152 parity=19 residual=27 vars=1,2,4,5, neg=7 pos=8
FAIL support=152 parity=19 residual=29 vars=1,3,4,5, neg=7 pos=8
FAIL support=152 parity=19 residual=31 vars=1,2,3,4,5, neg=7 pos=8
FAIL support=152 parity=20 residual=17 vars=1,5, neg=6 pos=9
FAIL support=152 parity=20 residual=19 vars=1,2,5, neg=6 pos=9
FAIL support=152 parity=20 residual=21 vars=1,3,5, neg=6 pos=9
FAIL support=152 parity=20 residual=23 vars=1,2,3,5, neg=6 pos=9
FAIL support=152 parity=20 residual=25 vars=1,4,5, neg=6 pos=9
FAIL support=152 parity=20 residual=27 vars=1,2,4,5, neg=6 pos=9
FAIL support=152 parity=20 residual=29 vars=1,3,4,5, neg=6 pos=9
FAIL support=152 parity=20 residual=31 vars=1,2,3,4,5, neg=6 pos=9
FAIL support=152 parity=23 residual=17 vars=1,5, neg=5 pos=10
FAIL support=152 parity=23 residual=19 vars=1,2,5, neg=5 pos=10
FAIL support=152 parity=23 residual=21 vars=1,3,5, neg=5 pos=10
FAIL support=152 parity=23 residual=23 vars=1,2,3,5, neg=5 pos=10
FAIL support=152 parity=23 residual=25 vars=1,4,5, neg=5 pos=10
FAIL support=152 parity=23 residual=27 vars=1,2,4,5, neg=5 pos=10
FAIL support=152 parity=23 residual=29 vars=1,3,4,5, neg=5 pos=10
FAIL support=152 parity=23 residual=31 vars=1,2,3,4,5, neg=5 pos=10
FAIL support=155 parity=3 residual=9 vars=1,5, neg=6 pos=9
FAIL support=155 parity=3 residual=11 vars=1,3,5, neg=6 pos=9
FAIL support=155 parity=3 residual=13 vars=1,4,5, neg=6 pos=9
FAIL support=155 parity=3 residual=15 vars=1,3,4,5, neg=6 pos=9
FAIL support=155 parity=5 residual=9 vars=1,5, neg=7 pos=8
FAIL support=155 parity=5 residual=11 vars=1,3,5, neg=7 pos=8
FAIL support=155 parity=5 residual=13 vars=1,4,5, neg=7 pos=8
FAIL support=155 parity=5 residual=15 vars=1,3,4,5, neg=7 pos=8
FAIL support=155 parity=8 residual=9 vars=1,5, neg=6 pos=9
FAIL support=155 parity=8 residual=11 vars=1,3,5, neg=6 pos=9
FAIL support=155 parity=8 residual=13 vars=1,4,5, neg=6 pos=9
FAIL support=155 parity=8 residual=15 vars=1,3,4,5, neg=6 pos=9
FAIL support=155 parity=14 residual=9 vars=1,5, neg=5 pos=10
FAIL support=155 parity=14 residual=11 vars=1,3,5, neg=5 pos=10
FAIL support=155 parity=14 residual=13 vars=1,4,5, neg=5 pos=10
FAIL support=155 parity=14 residual=15 vars=1,3,4,5, neg=5 pos=10
FAIL support=158 parity=5 residual=17 vars=1,5, neg=6 pos=9
FAIL support=158 parity=5 residual=19 vars=1,2,5, neg=6 pos=9
FAIL support=158 parity=5 residual=21 vars=1,3,5, neg=6 pos=9
FAIL support=158 parity=5 residual=23 vars=1,2,3,5, neg=6 pos=9
FAIL support=158 parity=5 residual=25 vars=1,4,5, neg=6 pos=9
FAIL support=158 parity=5 residual=27 vars=1,2,4,5, neg=6 pos=9
FAIL support=158 parity=5 residual=29 vars=1,3,4,5, neg=6 pos=9
FAIL support=158 parity=5 residual=31 vars=1,2,3,4,5, neg=6 pos=9
FAIL support=158 parity=7 residual=17 vars=1,5, neg=4 pos=11
FAIL support=158 parity=7 residual=19 vars=1,2,5, neg=4 pos=11
FAIL support=158 parity=7 residual=21 vars=1,3,5, neg=4 pos=11
FAIL support=158 parity=7 residual=23 vars=1,2,3,5, neg=4 pos=11
FAIL support=158 parity=7 residual=25 vars=1,4,5, neg=4 pos=11
FAIL support=158 parity=7 residual=27 vars=1,2,4,5, neg=4 pos=11
FAIL support=158 parity=7 residual=29 vars=1,3,4,5, neg=4 pos=11
FAIL support=158 parity=7 residual=31 vars=1,2,3,4,5, neg=4 pos=11
FAIL support=158 parity=9 residual=17 vars=1,5, neg=7 pos=8
FAIL support=158 parity=9 residual=19 vars=1,2,5, neg=7 pos=8
FAIL support=158 parity=9 residual=21 vars=1,3,5, neg=7 pos=8
FAIL support=158 parity=9 residual=23 vars=1,2,3,5, neg=7 pos=8
FAIL support=158 parity=9 residual=25 vars=1,4,5, neg=7 pos=8
FAIL support=158 parity=9 residual=27 vars=1,2,4,5, neg=7 pos=8
FAIL support=158 parity=9 residual=29 vars=1,3,4,5, neg=7 pos=8
FAIL support=158 parity=9 residual=31 vars=1,2,3,4,5, neg=7 pos=8
FAIL support=158 parity=11 residual=17 vars=1,5, neg=9 pos=6
FAIL support=158 parity=11 residual=19 vars=1,2,5, neg=9 pos=6
FAIL support=158 parity=11 residual=21 vars=1,3,5, neg=9 pos=6
FAIL support=158 parity=11 residual=23 vars=1,2,3,5, neg=9 pos=6
FAIL support=158 parity=11 residual=25 vars=1,4,5, neg=9 pos=6
FAIL support=158 parity=11 residual=27 vars=1,2,4,5, neg=9 pos=6
FAIL support=158 parity=11 residual=29 vars=1,3,4,5, neg=9 pos=6
FAIL support=158 parity=11 residual=31 vars=1,2,3,4,5, neg=9 pos=6
FAIL support=158 parity=16 residual=17 vars=1,5, neg=6 pos=9
FAIL support=158 parity=16 residual=19 vars=1,2,5, neg=6 pos=9
FAIL support=158 parity=16 residual=21 vars=1,3,5, neg=6 pos=9
FAIL support=158 parity=16 residual=23 vars=1,2,3,5, neg=6 pos=9
FAIL support=158 parity=16 residual=25 vars=1,4,5, neg=6 pos=9
FAIL support=158 parity=16 residual=27 vars=1,2,4,5, neg=6 pos=9
FAIL support=158 parity=16 residual=29 vars=1,3,4,5, neg=6 pos=9
FAIL support=158 parity=16 residual=31 vars=1,2,3,4,5, neg=6 pos=9
FAIL support=158 parity=18 residual=17 vars=1,5, neg=6 pos=9
FAIL support=158 parity=18 residual=19 vars=1,2,5, neg=6 pos=9
FAIL support=158 parity=18 residual=21 vars=1,3,5, neg=6 pos=9
FAIL support=158 parity=18 residual=23 vars=1,2,3,5, neg=6 pos=9
FAIL support=158 parity=18 residual=25 vars=1,4,5, neg=6 pos=9
FAIL support=158 parity=18 residual=27 vars=1,2,4,5, neg=6 pos=9
FAIL support=158 parity=18 residual=29 vars=1,3,4,5, neg=6 pos=9
FAIL support=158 parity=18 residual=31 vars=1,2,3,4,5, neg=6 pos=9
FAIL support=158 parity=28 residual=17 vars=1,5, neg=5 pos=10
FAIL support=158 parity=28 residual=19 vars=1,2,5, neg=5 pos=10
FAIL support=158 parity=28 residual=21 vars=1,3,5, neg=5 pos=10
FAIL support=158 parity=28 residual=23 vars=1,2,3,5, neg=5 pos=10
FAIL support=158 parity=28 residual=25 vars=1,4,5, neg=5 pos=10
FAIL support=158 parity=28 residual=27 vars=1,2,4,5, neg=5 pos=10
FAIL support=158 parity=28 residual=29 vars=1,3,4,5, neg=5 pos=10
FAIL support=158 parity=28 residual=31 vars=1,2,3,4,5, neg=5 pos=10
FAIL support=158 parity=30 residual=17 vars=1,5, neg=5 pos=10
FAIL support=158 parity=30 residual=19 vars=1,2,5, neg=5 pos=10
FAIL support=158 parity=30 residual=21 vars=1,3,5, neg=5 pos=10
FAIL support=158 parity=30 residual=23 vars=1,2,3,5, neg=5 pos=10
FAIL support=158 parity=30 residual=25 vars=1,4,5, neg=5 pos=10
FAIL support=158 parity=30 residual=27 vars=1,2,4,5, neg=5 pos=10
FAIL support=158 parity=30 residual=29 vars=1,3,4,5, neg=5 pos=10
FAIL support=158 parity=30 residual=31 vars=1,2,3,4,5, neg=5 pos=10
FAIL support=161 parity=5 residual=17 vars=1,5, neg=6 pos=9
FAIL support=161 parity=5 residual=19 vars=1,2,5, neg=6 pos=9
FAIL support=161 parity=5 residual=21 vars=1,3,5, neg=6 pos=9
FAIL support=161 parity=5 residual=23 vars=1,2,3,5, neg=6 pos=9
FAIL support=161 parity=5 residual=25 vars=1,4,5, neg=6 pos=9
FAIL support=161 parity=5 residual=27 vars=1,2,4,5, neg=6 pos=9
FAIL support=161 parity=5 residual=29 vars=1,3,4,5, neg=6 pos=9
FAIL support=161 parity=5 residual=31 vars=1,2,3,4,5, neg=6 pos=9
FAIL support=161 parity=6 residual=17 vars=1,5, neg=5 pos=10
FAIL support=161 parity=6 residual=19 vars=1,2,5, neg=5 pos=10
FAIL support=161 parity=6 residual=21 vars=1,3,5, neg=5 pos=10
FAIL support=161 parity=6 residual=23 vars=1,2,3,5, neg=5 pos=10
FAIL support=161 parity=6 residual=25 vars=1,4,5, neg=5 pos=10
FAIL support=161 parity=6 residual=27 vars=1,2,4,5, neg=5 pos=10
FAIL support=161 parity=6 residual=29 vars=1,3,4,5, neg=5 pos=10
FAIL support=161 parity=6 residual=31 vars=1,2,3,4,5, neg=5 pos=10
FAIL support=161 parity=9 residual=17 vars=1,5, neg=7 pos=8
FAIL support=161 parity=9 residual=19 vars=1,2,5, neg=7 pos=8
FAIL support=161 parity=9 residual=21 vars=1,3,5, neg=7 pos=8
FAIL support=161 parity=9 residual=23 vars=1,2,3,5, neg=7 pos=8
FAIL support=161 parity=9 residual=25 vars=1,4,5, neg=7 pos=8
FAIL support=161 parity=9 residual=27 vars=1,2,4,5, neg=7 pos=8
FAIL support=161 parity=9 residual=29 vars=1,3,4,5, neg=7 pos=8
FAIL support=161 parity=9 residual=31 vars=1,2,3,4,5, neg=7 pos=8
FAIL support=161 parity=10 residual=17 vars=1,5, neg=8 pos=7
FAIL support=161 parity=10 residual=19 vars=1,2,5, neg=8 pos=7
FAIL support=161 parity=10 residual=21 vars=1,3,5, neg=8 pos=7
FAIL support=161 parity=10 residual=23 vars=1,2,3,5, neg=8 pos=7
FAIL support=161 parity=10 residual=25 vars=1,4,5, neg=8 pos=7
FAIL support=161 parity=10 residual=27 vars=1,2,4,5, neg=8 pos=7
FAIL support=161 parity=10 residual=29 vars=1,3,4,5, neg=8 pos=7
FAIL support=161 parity=10 residual=31 vars=1,2,3,4,5, neg=8 pos=7
FAIL support=161 parity=16 residual=17 vars=1,5, neg=6 pos=9
FAIL support=161 parity=16 residual=19 vars=1,2,5, neg=6 pos=9
FAIL support=161 parity=16 residual=21 vars=1,3,5, neg=6 pos=9
FAIL support=161 parity=16 residual=23 vars=1,2,3,5, neg=6 pos=9
FAIL support=161 parity=16 residual=25 vars=1,4,5, neg=6 pos=9
FAIL support=161 parity=16 residual=27 vars=1,2,4,5, neg=6 pos=9
FAIL support=161 parity=16 residual=29 vars=1,3,4,5, neg=6 pos=9
FAIL support=161 parity=16 residual=31 vars=1,2,3,4,5, neg=6 pos=9
FAIL support=161 parity=19 residual=17 vars=1,5, neg=7 pos=8
FAIL support=161 parity=19 residual=19 vars=1,2,5, neg=7 pos=8
FAIL support=161 parity=19 residual=21 vars=1,3,5, neg=7 pos=8
FAIL support=161 parity=19 residual=23 vars=1,2,3,5, neg=7 pos=8
FAIL support=161 parity=19 residual=25 vars=1,4,5, neg=7 pos=8
FAIL support=161 parity=19 residual=27 vars=1,2,4,5, neg=7 pos=8
FAIL support=161 parity=19 residual=29 vars=1,3,4,5, neg=7 pos=8
FAIL support=161 parity=19 residual=31 vars=1,2,3,4,5, neg=7 pos=8
FAIL support=161 parity=28 residual=17 vars=1,5, neg=5 pos=10
FAIL support=161 parity=28 residual=19 vars=1,2,5, neg=5 pos=10
FAIL support=161 parity=28 residual=21 vars=1,3,5, neg=5 pos=10
FAIL support=161 parity=28 residual=23 vars=1,2,3,5, neg=5 pos=10
FAIL support=161 parity=28 residual=25 vars=1,4,5, neg=5 pos=10
FAIL support=161 parity=28 residual=27 vars=1,2,4,5, neg=5 pos=10
FAIL support=161 parity=28 residual=29 vars=1,3,4,5, neg=5 pos=10
FAIL support=161 parity=28 residual=31 vars=1,2,3,4,5, neg=5 pos=10
FAIL support=161 parity=31 residual=17 vars=1,5, neg=4 pos=11
FAIL support=161 parity=31 residual=19 vars=1,2,5, neg=4 pos=11
FAIL support=161 parity=31 residual=21 vars=1,3,5, neg=4 pos=11
FAIL support=161 parity=31 residual=23 vars=1,2,3,5, neg=4 pos=11
FAIL support=161 parity=31 residual=25 vars=1,4,5, neg=4 pos=11
FAIL support=161 parity=31 residual=27 vars=1,2,4,5, neg=4 pos=11
FAIL support=161 parity=31 residual=29 vars=1,3,4,5, neg=4 pos=11
FAIL support=161 parity=31 residual=31 vars=1,2,3,4,5, neg=4 pos=11
FAIL support=167 parity=5 residual=5 vars=1,5, neg=6 pos=9
FAIL support=167 parity=5 residual=7 vars=1,2,5, neg=6 pos=9
FAIL support=167 parity=7 residual=4 vars=5, neg=6 pos=9
FAIL support=167 parity=7 residual=5 vars=1,5, neg=6 pos=9
FAIL support=167 parity=7 residual=7 vars=1,2,5, neg=6 pos=9
FAIL support=168 parity=3 residual=2 vars=5, neg=7 pos=8
FAIL support=168 parity=3 residual=3 vars=2,5, neg=7 pos=8
FAIL support=169 parity=6 residual=1 vars=1, neg=7 pos=8
FAIL support=169 parity=6 residual=4 vars=5, neg=7 pos=8
FAIL support=169 parity=6 residual=5 vars=1,5, neg=7 pos=8
FAIL support=169 parity=6 residual=6 vars=2,5, neg=7 pos=8
FAIL support=169 parity=7 residual=1 vars=1, neg=8 pos=7
FAIL support=169 parity=7 residual=4 vars=5, neg=8 pos=7
FAIL support=169 parity=7 residual=5 vars=1,5, neg=8 pos=7
FAIL support=169 parity=7 residual=6 vars=2,5, neg=8 pos=7
FAIL support=169 parity=7 residual=7 vars=1,2,5, neg=8 pos=7
FAIL support=170 parity=5 residual=4 vars=5, neg=6 pos=9
FAIL support=170 parity=5 residual=5 vars=1,5, neg=6 pos=9
FAIL support=170 parity=5 residual=6 vars=2,5, neg=6 pos=9
FAIL support=170 parity=5 residual=7 vars=1,2,5, neg=6 pos=9
FAIL support=170 parity=6 residual=4 vars=5, neg=7 pos=8
FAIL support=170 parity=6 residual=5 vars=1,5, neg=7 pos=8
FAIL support=170 parity=6 residual=6 vars=2,5, neg=7 pos=8
FAIL support=170 parity=6 residual=7 vars=1,2,5, neg=7 pos=8
FAIL support=171 parity=1 residual=2 vars=5, neg=6 pos=9
FAIL support=172 parity=2 residual=4 vars=5, neg=6 pos=9
FAIL support=172 parity=3 residual=1 vars=1, neg=7 pos=8
FAIL support=172 parity=3 residual=4 vars=5, neg=7 pos=8
FAIL support=173 parity=2 residual=4 vars=5, neg=6 pos=9
FAIL support=173 parity=2 residual=5 vars=1,5, neg=6 pos=9
FAIL support=173 parity=2 residual=6 vars=3,5, neg=6 pos=9
FAIL support=173 parity=2 residual=7 vars=1,3,5, neg=6 pos=9
FAIL support=173 parity=5 residual=4 vars=5, neg=6 pos=9
FAIL support=173 parity=5 residual=5 vars=1,5, neg=6 pos=9
FAIL support=173 parity=5 residual=7 vars=1,3,5, neg=6 pos=9
FAIL support=173 parity=7 residual=5 vars=1,5, neg=6 pos=9
FAIL support=173 parity=7 residual=7 vars=1,3,5, neg=6 pos=9
FAIL support=176 parity=4 residual=9 vars=1,5, neg=6 pos=9
FAIL support=176 parity=4 residual=11 vars=1,2,5, neg=6 pos=9
FAIL support=176 parity=4 residual=13 vars=1,3,5, neg=6 pos=9
FAIL support=176 parity=4 residual=15 vars=1,2,3,5, neg=6 pos=9
FAIL support=176 parity=6 residual=9 vars=1,5, neg=4 pos=11
FAIL support=176 parity=6 residual=11 vars=1,2,5, neg=4 pos=11
FAIL support=176 parity=6 residual=13 vars=1,3,5, neg=4 pos=11
FAIL support=176 parity=6 residual=15 vars=1,2,3,5, neg=4 pos=11
FAIL support=176 parity=9 residual=9 vars=1,5, neg=6 pos=9
FAIL support=176 parity=9 residual=11 vars=1,2,5, neg=6 pos=9
FAIL support=176 parity=9 residual=13 vars=1,3,5, neg=6 pos=9
FAIL support=176 parity=9 residual=15 vars=1,2,3,5, neg=6 pos=9
FAIL support=176 parity=11 residual=9 vars=1,5, neg=6 pos=9
FAIL support=176 parity=11 residual=11 vars=1,2,5, neg=6 pos=9
FAIL support=176 parity=11 residual=13 vars=1,3,5, neg=6 pos=9
FAIL support=176 parity=11 residual=15 vars=1,2,3,5, neg=6 pos=9
FAIL support=176 parity=13 residual=9 vars=1,5, neg=6 pos=9
FAIL support=176 parity=13 residual=11 vars=1,2,5, neg=6 pos=9
FAIL support=176 parity=13 residual=13 vars=1,3,5, neg=6 pos=9
FAIL support=176 parity=13 residual=15 vars=1,2,3,5, neg=6 pos=9
FAIL support=176 parity=15 residual=9 vars=1,5, neg=4 pos=11
FAIL support=176 parity=15 residual=11 vars=1,2,5, neg=4 pos=11
FAIL support=176 parity=15 residual=13 vars=1,3,5, neg=4 pos=11
FAIL support=176 parity=15 residual=15 vars=1,2,3,5, neg=4 pos=11
FAIL support=177 parity=2 residual=4 vars=5, neg=6 pos=9
FAIL support=177 parity=2 residual=5 vars=2,5, neg=6 pos=9
FAIL support=177 parity=5 residual=4 vars=5, neg=7 pos=8
FAIL support=178 parity=5 residual=8 vars=5, neg=7 pos=8
FAIL support=179 parity=4 residual=8 vars=5, neg=6 pos=9
FAIL support=179 parity=4 residual=9 vars=1,5, neg=6 pos=9
FAIL support=179 parity=4 residual=10 vars=2,5, neg=6 pos=9
FAIL support=179 parity=4 residual=11 vars=1,2,5, neg=6 pos=9
FAIL support=179 parity=4 residual=12 vars=3,5, neg=6 pos=9
FAIL support=179 parity=4 residual=13 vars=1,3,5, neg=6 pos=9
FAIL support=179 parity=4 residual=15 vars=1,2,3,5, neg=6 pos=9
FAIL support=179 parity=7 residual=8 vars=5, neg=5 pos=10
FAIL support=179 parity=7 residual=9 vars=1,5, neg=5 pos=10
FAIL support=179 parity=7 residual=10 vars=2,5, neg=5 pos=10
FAIL support=179 parity=7 residual=11 vars=1,2,5, neg=5 pos=10
FAIL support=179 parity=7 residual=13 vars=1,3,5, neg=5 pos=10
FAIL support=179 parity=7 residual=15 vars=1,2,3,5, neg=5 pos=10
FAIL support=179 parity=9 residual=8 vars=5, neg=6 pos=9
FAIL support=179 parity=9 residual=9 vars=1,5, neg=6 pos=9
FAIL support=179 parity=9 residual=10 vars=2,5, neg=6 pos=9
FAIL support=179 parity=9 residual=11 vars=1,2,5, neg=6 pos=9
FAIL support=179 parity=9 residual=13 vars=1,3,5, neg=6 pos=9
FAIL support=179 parity=9 residual=15 vars=1,2,3,5, neg=6 pos=9
FAIL support=179 parity=10 residual=8 vars=5, neg=7 pos=8
FAIL support=179 parity=10 residual=9 vars=1,5, neg=7 pos=8
FAIL support=179 parity=10 residual=10 vars=2,5, neg=7 pos=8
FAIL support=179 parity=10 residual=11 vars=1,2,5, neg=7 pos=8
FAIL support=179 parity=10 residual=13 vars=1,3,5, neg=7 pos=8
FAIL support=179 parity=10 residual=15 vars=1,2,3,5, neg=7 pos=8
FAIL support=179 parity=13 residual=9 vars=1,5, neg=6 pos=9
FAIL support=179 parity=13 residual=11 vars=1,2,5, neg=6 pos=9
FAIL support=179 parity=13 residual=13 vars=1,3,5, neg=6 pos=9
FAIL support=179 parity=13 residual=15 vars=1,2,3,5, neg=6 pos=9
FAIL support=179 parity=14 residual=9 vars=1,5, neg=5 pos=10
FAIL support=179 parity=14 residual=11 vars=1,2,5, neg=5 pos=10
FAIL support=179 parity=14 residual=13 vars=1,3,5, neg=5 pos=10
FAIL support=179 parity=14 residual=15 vars=1,2,3,5, neg=5 pos=10
FAIL support=180 parity=3 residual=2 vars=5, neg=6 pos=9
FAIL support=182 parity=3 residual=4 vars=5, neg=6 pos=9
FAIL support=182 parity=3 residual=5 vars=1,5, neg=6 pos=9
FAIL support=182 parity=3 residual=7 vars=1,3,5, neg=6 pos=9
FAIL support=182 parity=5 residual=5 vars=1,5, neg=6 pos=9
FAIL support=182 parity=5 residual=7 vars=1,3,5, neg=6 pos=9
FAIL support=182 parity=6 residual=4 vars=5, neg=6 pos=9
FAIL support=182 parity=6 residual=5 vars=1,5, neg=6 pos=9
FAIL support=182 parity=6 residual=7 vars=1,3,5, neg=6 pos=9
FAIL support=185 parity=5 residual=9 vars=1,5, neg=6 pos=9
FAIL support=185 parity=5 residual=11 vars=1,2,5, neg=6 pos=9
FAIL support=185 parity=5 residual=13 vars=1,3,5, neg=6 pos=9
FAIL support=185 parity=5 residual=15 vars=1,2,3,5, neg=6 pos=9
FAIL support=185 parity=7 residual=9 vars=1,5, neg=4 pos=11
FAIL support=185 parity=7 residual=11 vars=1,2,5, neg=4 pos=11
FAIL support=185 parity=7 residual=13 vars=1,3,5, neg=4 pos=11
FAIL support=185 parity=7 residual=15 vars=1,2,3,5, neg=4 pos=11
FAIL support=185 parity=9 residual=9 vars=1,5, neg=6 pos=9
FAIL support=185 parity=9 residual=11 vars=1,2,5, neg=6 pos=9
FAIL support=185 parity=9 residual=13 vars=1,3,5, neg=6 pos=9
FAIL support=185 parity=9 residual=15 vars=1,2,3,5, neg=6 pos=9
FAIL support=185 parity=11 residual=9 vars=1,5, neg=6 pos=9
FAIL support=185 parity=11 residual=11 vars=1,2,5, neg=6 pos=9
FAIL support=185 parity=11 residual=13 vars=1,3,5, neg=6 pos=9
FAIL support=185 parity=11 residual=15 vars=1,2,3,5, neg=6 pos=9
FAIL support=185 parity=12 residual=9 vars=1,5, neg=6 pos=9
FAIL support=185 parity=12 residual=11 vars=1,2,5, neg=6 pos=9
FAIL support=185 parity=12 residual=13 vars=1,3,5, neg=6 pos=9
FAIL support=185 parity=12 residual=15 vars=1,2,3,5, neg=6 pos=9
FAIL support=185 parity=14 residual=9 vars=1,5, neg=4 pos=11
FAIL support=185 parity=14 residual=11 vars=1,2,5, neg=4 pos=11
FAIL support=185 parity=14 residual=13 vars=1,3,5, neg=4 pos=11
FAIL support=185 parity=14 residual=15 vars=1,2,3,5, neg=4 pos=11
FAIL support=188 parity=5 residual=9 vars=1,5, neg=6 pos=9
FAIL support=188 parity=5 residual=11 vars=1,2,5, neg=6 pos=9
FAIL support=188 parity=5 residual=13 vars=1,3,5, neg=6 pos=9
FAIL support=188 parity=5 residual=15 vars=1,2,3,5, neg=6 pos=9
FAIL support=188 parity=6 residual=9 vars=1,5, neg=5 pos=10
FAIL support=188 parity=6 residual=11 vars=1,2,5, neg=5 pos=10
FAIL support=188 parity=6 residual=13 vars=1,3,5, neg=5 pos=10
FAIL support=188 parity=6 residual=15 vars=1,2,3,5, neg=5 pos=10
FAIL support=188 parity=9 residual=9 vars=1,5, neg=6 pos=9
FAIL support=188 parity=9 residual=11 vars=1,2,5, neg=6 pos=9
FAIL support=188 parity=9 residual=13 vars=1,3,5, neg=6 pos=9
FAIL support=188 parity=9 residual=15 vars=1,2,3,5, neg=6 pos=9
FAIL support=188 parity=10 residual=9 vars=1,5, neg=7 pos=8
FAIL support=188 parity=10 residual=11 vars=1,2,5, neg=7 pos=8
FAIL support=188 parity=10 residual=13 vars=1,3,5, neg=7 pos=8
FAIL support=188 parity=10 residual=15 vars=1,2,3,5, neg=7 pos=8
FAIL support=188 parity=12 residual=8 vars=5, neg=6 pos=9
FAIL support=188 parity=12 residual=9 vars=1,5, neg=6 pos=9
FAIL support=188 parity=12 residual=10 vars=2,5, neg=6 pos=9
FAIL support=188 parity=12 residual=11 vars=1,2,5, neg=6 pos=9
FAIL support=188 parity=12 residual=13 vars=1,3,5, neg=6 pos=9
FAIL support=188 parity=12 residual=15 vars=1,2,3,5, neg=6 pos=9
FAIL support=188 parity=15 residual=8 vars=5, neg=5 pos=10
FAIL support=188 parity=15 residual=9 vars=1,5, neg=5 pos=10
FAIL support=188 parity=15 residual=11 vars=1,2,5, neg=5 pos=10
FAIL support=188 parity=15 residual=13 vars=1,3,5, neg=5 pos=10
FAIL support=188 parity=15 residual=15 vars=1,2,3,5, neg=5 pos=10
FAIL support=189 parity=1 residual=2 vars=5, neg=7 pos=8
FAIL support=189 parity=1 residual=3 vars=4,5, neg=7 pos=8
FAIL support=190 parity=2 residual=1 vars=1, neg=7 pos=8
FAIL support=190 parity=2 residual=3 vars=1,4, neg=7 pos=8
FAIL support=190 parity=2 residual=4 vars=5, neg=7 pos=8
FAIL support=190 parity=2 residual=5 vars=1,5, neg=7 pos=8
FAIL support=190 parity=2 residual=6 vars=4,5, neg=7 pos=8
FAIL support=190 parity=2 residual=7 vars=1,4,5, neg=7 pos=8
FAIL support=190 parity=3 residual=1 vars=1, neg=6 pos=9
FAIL support=190 parity=3 residual=3 vars=1,4, neg=6 pos=9
FAIL support=190 parity=3 residual=4 vars=5, neg=6 pos=9
FAIL support=190 parity=3 residual=5 vars=1,5, neg=6 pos=9
FAIL support=190 parity=3 residual=6 vars=4,5, neg=6 pos=9
FAIL support=190 parity=3 residual=7 vars=1,4,5, neg=6 pos=9
FAIL support=191 parity=2 residual=1 vars=1, neg=7 pos=8
FAIL support=191 parity=2 residual=4 vars=5, neg=7 pos=8
FAIL support=191 parity=2 residual=5 vars=1,5, neg=7 pos=8
FAIL support=191 parity=2 residual=6 vars=4,5, neg=7 pos=8
FAIL support=191 parity=2 residual=7 vars=1,4,5, neg=7 pos=8
FAIL support=191 parity=5 residual=4 vars=5, neg=6 pos=9
FAIL support=191 parity=5 residual=5 vars=1,5, neg=6 pos=9
FAIL support=191 parity=5 residual=6 vars=4,5, neg=6 pos=9
FAIL support=191 parity=5 residual=7 vars=1,4,5, neg=6 pos=9
FAIL support=192 parity=2 residual=6 vars=4,5, neg=7 pos=8
FAIL support=192 parity=2 residual=7 vars=2,4,5, neg=7 pos=8
FAIL support=192 parity=3 residual=4 vars=5, neg=7 pos=8
FAIL support=192 parity=3 residual=6 vars=4,5, neg=7 pos=8
FAIL support=192 parity=3 residual=7 vars=2,4,5, neg=7 pos=8
FAIL support=193 parity=4 residual=12 vars=4,5, neg=7 pos=8
FAIL support=193 parity=4 residual=13 vars=1,4,5, neg=7 pos=8
FAIL support=193 parity=4 residual=14 vars=2,4,5, neg=7 pos=8
FAIL support=193 parity=4 residual=15 vars=1,2,4,5, neg=7 pos=8
FAIL support=193 parity=5 residual=12 vars=4,5, neg=6 pos=9
FAIL support=193 parity=5 residual=13 vars=1,4,5, neg=6 pos=9
FAIL support=193 parity=5 residual=14 vars=2,4,5, neg=6 pos=9
FAIL support=193 parity=5 residual=15 vars=1,2,4,5, neg=6 pos=9
FAIL support=193 parity=6 residual=5 vars=1,4, neg=7 pos=8
FAIL support=193 parity=6 residual=12 vars=4,5, neg=7 pos=8
FAIL support=193 parity=6 residual=13 vars=1,4,5, neg=7 pos=8
FAIL support=193 parity=6 residual=14 vars=2,4,5, neg=7 pos=8
FAIL support=193 parity=6 residual=15 vars=1,2,4,5, neg=7 pos=8
FAIL support=193 parity=7 residual=5 vars=1,4, neg=6 pos=9
FAIL support=193 parity=7 residual=12 vars=4,5, neg=6 pos=9
FAIL support=193 parity=7 residual=13 vars=1,4,5, neg=6 pos=9
FAIL support=193 parity=7 residual=14 vars=2,4,5, neg=6 pos=9
FAIL support=193 parity=7 residual=15 vars=1,2,4,5, neg=6 pos=9
FAIL support=194 parity=4 residual=9 vars=1,5, neg=7 pos=8
FAIL support=194 parity=4 residual=11 vars=1,2,5, neg=7 pos=8
FAIL support=194 parity=4 residual=12 vars=4,5, neg=7 pos=8
FAIL support=194 parity=4 residual=13 vars=1,4,5, neg=7 pos=8
FAIL support=194 parity=4 residual=14 vars=2,4,5, neg=7 pos=8
FAIL support=194 parity=4 residual=15 vars=1,2,4,5, neg=7 pos=8
FAIL support=194 parity=6 residual=8 vars=5, neg=7 pos=8
FAIL support=194 parity=6 residual=9 vars=1,5, neg=7 pos=8
FAIL support=194 parity=6 residual=11 vars=1,2,5, neg=7 pos=8
FAIL support=194 parity=6 residual=12 vars=4,5, neg=7 pos=8
FAIL support=194 parity=6 residual=13 vars=1,4,5, neg=7 pos=8
FAIL support=194 parity=6 residual=14 vars=2,4,5, neg=7 pos=8
FAIL support=194 parity=6 residual=15 vars=1,2,4,5, neg=7 pos=8
FAIL support=194 parity=9 residual=9 vars=1,5, neg=6 pos=9
FAIL support=194 parity=9 residual=11 vars=1,2,5, neg=6 pos=9
FAIL support=194 parity=9 residual=12 vars=4,5, neg=6 pos=9
FAIL support=194 parity=9 residual=13 vars=1,4,5, neg=6 pos=9
FAIL support=194 parity=9 residual=14 vars=2,4,5, neg=6 pos=9
FAIL support=194 parity=9 residual=15 vars=1,2,4,5, neg=6 pos=9
FAIL support=194 parity=11 residual=8 vars=5, neg=6 pos=9
FAIL support=194 parity=11 residual=9 vars=1,5, neg=6 pos=9
FAIL support=194 parity=11 residual=11 vars=1,2,5, neg=6 pos=9
FAIL support=194 parity=11 residual=12 vars=4,5, neg=6 pos=9
FAIL support=194 parity=11 residual=13 vars=1,4,5, neg=6 pos=9
FAIL support=194 parity=11 residual=14 vars=2,4,5, neg=6 pos=9
FAIL support=194 parity=11 residual=15 vars=1,2,4,5, neg=6 pos=9
FAIL support=195 parity=2 residual=4 vars=5, neg=7 pos=8
FAIL support=195 parity=2 residual=5 vars=2,5, neg=7 pos=8
FAIL support=195 parity=2 residual=6 vars=4,5, neg=7 pos=8
FAIL support=195 parity=2 residual=7 vars=2,4,5, neg=7 pos=8
FAIL support=195 parity=5 residual=4 vars=5, neg=7 pos=8
FAIL support=195 parity=5 residual=5 vars=2,5, neg=7 pos=8
FAIL support=195 parity=5 residual=6 vars=4,5, neg=7 pos=8
FAIL support=195 parity=5 residual=7 vars=2,4,5, neg=7 pos=8
FAIL support=196 parity=4 residual=1 vars=1, neg=7 pos=8
FAIL support=196 parity=4 residual=5 vars=1,4, neg=7 pos=8
FAIL support=196 parity=4 residual=8 vars=5, neg=7 pos=8
FAIL support=196 parity=4 residual=10 vars=2,5, neg=7 pos=8
FAIL support=196 parity=4 residual=12 vars=4,5, neg=7 pos=8
FAIL support=196 parity=4 residual=13 vars=1,4,5, neg=7 pos=8
FAIL support=196 parity=4 residual=14 vars=2,4,5, neg=7 pos=8
FAIL support=196 parity=4 residual=15 vars=1,2,4,5, neg=7 pos=8
FAIL support=196 parity=5 residual=1 vars=1, neg=6 pos=9
FAIL support=196 parity=5 residual=5 vars=1,4, neg=6 pos=9
FAIL support=196 parity=5 residual=8 vars=5, neg=6 pos=9
FAIL support=196 parity=5 residual=9 vars=1,5, neg=6 pos=9
FAIL support=196 parity=5 residual=10 vars=2,5, neg=6 pos=9
FAIL support=196 parity=5 residual=12 vars=4,5, neg=6 pos=9
FAIL support=196 parity=5 residual=13 vars=1,4,5, neg=6 pos=9
FAIL support=196 parity=5 residual=14 vars=2,4,5, neg=6 pos=9
FAIL support=196 parity=5 residual=15 vars=1,2,4,5, neg=6 pos=9
FAIL support=196 parity=10 residual=8 vars=5, neg=7 pos=8
FAIL support=196 parity=10 residual=9 vars=1,5, neg=7 pos=8
FAIL support=196 parity=10 residual=10 vars=2,5, neg=7 pos=8
FAIL support=196 parity=10 residual=12 vars=4,5, neg=7 pos=8
FAIL support=196 parity=10 residual=13 vars=1,4,5, neg=7 pos=8
FAIL support=196 parity=10 residual=14 vars=2,4,5, neg=7 pos=8
FAIL support=196 parity=10 residual=15 vars=1,2,4,5, neg=7 pos=8
FAIL support=196 parity=11 residual=8 vars=5, neg=8 pos=7
FAIL support=196 parity=11 residual=9 vars=1,5, neg=8 pos=7
FAIL support=196 parity=11 residual=10 vars=2,5, neg=8 pos=7
FAIL support=196 parity=11 residual=11 vars=1,2,5, neg=8 pos=7
FAIL support=196 parity=11 residual=12 vars=4,5, neg=8 pos=7
FAIL support=196 parity=11 residual=13 vars=1,4,5, neg=8 pos=7
FAIL support=196 parity=11 residual=14 vars=2,4,5, neg=8 pos=7
FAIL support=196 parity=11 residual=15 vars=1,2,4,5, neg=8 pos=7
FAIL support=197 parity=4 residual=8 vars=5, neg=7 pos=8
FAIL support=197 parity=4 residual=9 vars=1,5, neg=7 pos=8
FAIL support=197 parity=4 residual=10 vars=2,5, neg=7 pos=8
FAIL support=197 parity=4 residual=11 vars=1,2,5, neg=7 pos=8
FAIL support=197 parity=4 residual=12 vars=4,5, neg=7 pos=8
FAIL support=197 parity=4 residual=13 vars=1,4,5, neg=7 pos=8
FAIL support=197 parity=4 residual=14 vars=2,4,5, neg=7 pos=8
FAIL support=197 parity=4 residual=15 vars=1,2,4,5, neg=7 pos=8
FAIL support=197 parity=7 residual=8 vars=5, neg=6 pos=9
FAIL support=197 parity=7 residual=9 vars=1,5, neg=6 pos=9
FAIL support=197 parity=7 residual=10 vars=2,5, neg=6 pos=9
FAIL support=197 parity=7 residual=11 vars=1,2,5, neg=6 pos=9
FAIL support=197 parity=7 residual=12 vars=4,5, neg=6 pos=9
FAIL support=197 parity=7 residual=13 vars=1,4,5, neg=6 pos=9
FAIL support=197 parity=7 residual=14 vars=2,4,5, neg=6 pos=9
FAIL support=197 parity=7 residual=15 vars=1,2,4,5, neg=6 pos=9
FAIL support=197 parity=9 residual=8 vars=5, neg=6 pos=9
FAIL support=197 parity=9 residual=9 vars=1,5, neg=6 pos=9
FAIL support=197 parity=9 residual=10 vars=2,5, neg=6 pos=9
FAIL support=197 parity=9 residual=11 vars=1,2,5, neg=6 pos=9
FAIL support=197 parity=9 residual=12 vars=4,5, neg=6 pos=9
FAIL support=197 parity=9 residual=13 vars=1,4,5, neg=6 pos=9
FAIL support=197 parity=9 residual=14 vars=2,4,5, neg=6 pos=9
FAIL support=197 parity=9 residual=15 vars=1,2,4,5, neg=6 pos=9
FAIL support=197 parity=10 residual=8 vars=5, neg=7 pos=8
FAIL support=197 parity=10 residual=9 vars=1,5, neg=7 pos=8
FAIL support=197 parity=10 residual=10 vars=2,5, neg=7 pos=8
FAIL support=197 parity=10 residual=11 vars=1,2,5, neg=7 pos=8
FAIL support=197 parity=10 residual=12 vars=4,5, neg=7 pos=8
FAIL support=197 parity=10 residual=13 vars=1,4,5, neg=7 pos=8
FAIL support=197 parity=10 residual=14 vars=2,4,5, neg=7 pos=8
FAIL support=197 parity=10 residual=15 vars=1,2,4,5, neg=7 pos=8
FAIL support=198 parity=1 residual=4 vars=5, neg=6 pos=9
FAIL support=198 parity=1 residual=6 vars=4,5, neg=6 pos=9
FAIL support=198 parity=1 residual=7 vars=3,4,5, neg=6 pos=9
FAIL support=198 parity=2 residual=4 vars=5, neg=7 pos=8
FAIL support=198 parity=2 residual=6 vars=4,5, neg=7 pos=8
FAIL support=198 parity=2 residual=7 vars=3,4,5, neg=7 pos=8
FAIL support=199 parity=2 residual=5 vars=1,4, neg=6 pos=9
FAIL support=199 parity=2 residual=7 vars=1,3,4, neg=6 pos=9
FAIL support=199 parity=2 residual=8 vars=5, neg=6 pos=9
FAIL support=199 parity=2 residual=12 vars=4,5, neg=6 pos=9
FAIL support=199 parity=2 residual=13 vars=1,4,5, neg=6 pos=9
FAIL support=199 parity=2 residual=14 vars=3,4,5, neg=6 pos=9
FAIL support=199 parity=2 residual=15 vars=1,3,4,5, neg=6 pos=9
FAIL support=199 parity=3 residual=1 vars=1, neg=7 pos=8
FAIL support=199 parity=3 residual=5 vars=1,4, neg=7 pos=8
FAIL support=199 parity=3 residual=7 vars=1,3,4, neg=7 pos=8
FAIL support=199 parity=3 residual=8 vars=5, neg=7 pos=8
FAIL support=199 parity=3 residual=9 vars=1,5, neg=7 pos=8
FAIL support=199 parity=3 residual=12 vars=4,5, neg=7 pos=8
FAIL support=199 parity=3 residual=13 vars=1,4,5, neg=7 pos=8
FAIL support=199 parity=3 residual=14 vars=3,4,5, neg=7 pos=8
FAIL support=199 parity=3 residual=15 vars=1,3,4,5, neg=7 pos=8
FAIL support=199 parity=4 residual=5 vars=1,4, neg=7 pos=8
FAIL support=199 parity=4 residual=7 vars=1,3,4, neg=7 pos=8
FAIL support=199 parity=4 residual=12 vars=4,5, neg=7 pos=8
FAIL support=199 parity=4 residual=13 vars=1,4,5, neg=7 pos=8
FAIL support=199 parity=4 residual=14 vars=3,4,5, neg=7 pos=8
FAIL support=199 parity=4 residual=15 vars=1,3,4,5, neg=7 pos=8
FAIL support=199 parity=5 residual=5 vars=1,4, neg=6 pos=9
FAIL support=199 parity=5 residual=7 vars=1,3,4, neg=6 pos=9
FAIL support=199 parity=5 residual=8 vars=5, neg=6 pos=9
FAIL support=199 parity=5 residual=12 vars=4,5, neg=6 pos=9
FAIL support=199 parity=5 residual=13 vars=1,4,5, neg=6 pos=9
FAIL support=199 parity=5 residual=14 vars=3,4,5, neg=6 pos=9
FAIL support=199 parity=5 residual=15 vars=1,3,4,5, neg=6 pos=9
FAIL support=200 parity=2 residual=8 vars=5, neg=6 pos=9
FAIL support=200 parity=2 residual=9 vars=1,5, neg=6 pos=9
FAIL support=200 parity=2 residual=10 vars=3,5, neg=6 pos=9
FAIL support=200 parity=2 residual=11 vars=1,3,5, neg=6 pos=9
FAIL support=200 parity=2 residual=12 vars=4,5, neg=6 pos=9
FAIL support=200 parity=2 residual=13 vars=1,4,5, neg=6 pos=9
FAIL support=200 parity=2 residual=14 vars=3,4,5, neg=6 pos=9
FAIL support=200 parity=2 residual=15 vars=1,3,4,5, neg=6 pos=9
FAIL support=200 parity=4 residual=8 vars=5, neg=7 pos=8
FAIL support=200 parity=4 residual=9 vars=1,5, neg=7 pos=8
FAIL support=200 parity=4 residual=11 vars=1,3,5, neg=7 pos=8
FAIL support=200 parity=4 residual=12 vars=4,5, neg=7 pos=8
FAIL support=200 parity=4 residual=13 vars=1,4,5, neg=7 pos=8
FAIL support=200 parity=4 residual=14 vars=3,4,5, neg=7 pos=8
FAIL support=200 parity=4 residual=15 vars=1,3,4,5, neg=7 pos=8
FAIL support=200 parity=6 residual=9 vars=1,5, neg=7 pos=8
FAIL support=200 parity=6 residual=11 vars=1,3,5, neg=7 pos=8
FAIL support=200 parity=6 residual=13 vars=1,4,5, neg=7 pos=8
FAIL support=200 parity=6 residual=15 vars=1,3,4,5, neg=7 pos=8
FAIL support=200 parity=9 residual=8 vars=5, neg=6 pos=9
FAIL support=200 parity=9 residual=9 vars=1,5, neg=6 pos=9
FAIL support=200 parity=9 residual=11 vars=1,3,5, neg=6 pos=9
FAIL support=200 parity=9 residual=12 vars=4,5, neg=6 pos=9
FAIL support=200 parity=9 residual=13 vars=1,4,5, neg=6 pos=9
FAIL support=200 parity=9 residual=14 vars=3,4,5, neg=6 pos=9
FAIL support=200 parity=9 residual=15 vars=1,3,4,5, neg=6 pos=9
FAIL support=200 parity=11 residual=9 vars=1,5, neg=6 pos=9
FAIL support=200 parity=11 residual=11 vars=1,3,5, neg=6 pos=9
FAIL support=200 parity=11 residual=13 vars=1,4,5, neg=6 pos=9
FAIL support=200 parity=11 residual=15 vars=1,3,4,5, neg=6 pos=9
FAIL support=200 parity=15 residual=8 vars=5, neg=5 pos=10
FAIL support=200 parity=15 residual=9 vars=1,5, neg=5 pos=10
FAIL support=200 parity=15 residual=10 vars=3,5, neg=5 pos=10
FAIL support=200 parity=15 residual=11 vars=1,3,5, neg=5 pos=10
FAIL support=200 parity=15 residual=12 vars=4,5, neg=5 pos=10
FAIL support=200 parity=15 residual=13 vars=1,4,5, neg=5 pos=10
FAIL support=200 parity=15 residual=14 vars=3,4,5, neg=5 pos=10
FAIL support=200 parity=15 residual=15 vars=1,3,4,5, neg=5 pos=10
FAIL support=201 parity=2 residual=12 vars=4,5, neg=6 pos=9
FAIL support=201 parity=2 residual=13 vars=2,4,5, neg=6 pos=9
FAIL support=201 parity=2 residual=14 vars=3,4,5, neg=6 pos=9
FAIL support=201 parity=2 residual=15 vars=2,3,4,5, neg=6 pos=9
FAIL support=201 parity=3 residual=12 vars=4,5, neg=4 pos=11
FAIL support=201 parity=3 residual=13 vars=2,4,5, neg=4 pos=11
FAIL support=201 parity=3 residual=14 vars=3,4,5, neg=4 pos=11
FAIL support=201 parity=3 residual=15 vars=2,3,4,5, neg=4 pos=11
FAIL support=201 parity=4 residual=12 vars=4,5, neg=7 pos=8
FAIL support=201 parity=4 residual=13 vars=2,4,5, neg=7 pos=8
FAIL support=201 parity=4 residual=14 vars=3,4,5, neg=7 pos=8
FAIL support=201 parity=4 residual=15 vars=2,3,4,5, neg=7 pos=8
FAIL support=201 parity=5 residual=12 vars=4,5, neg=7 pos=8
FAIL support=201 parity=5 residual=13 vars=2,4,5, neg=7 pos=8
FAIL support=201 parity=5 residual=14 vars=3,4,5, neg=7 pos=8
FAIL support=201 parity=5 residual=15 vars=2,3,4,5, neg=7 pos=8
FAIL support=202 parity=4 residual=24 vars=4,5, neg=6 pos=9
FAIL support=202 parity=4 residual=25 vars=1,4,5, neg=6 pos=9
FAIL support=202 parity=4 residual=26 vars=2,4,5, neg=6 pos=9
FAIL support=202 parity=4 residual=27 vars=1,2,4,5, neg=6 pos=9
FAIL support=202 parity=4 residual=28 vars=3,4,5, neg=6 pos=9
FAIL support=202 parity=4 residual=29 vars=1,3,4,5, neg=6 pos=9
FAIL support=202 parity=4 residual=30 vars=2,3,4,5, neg=6 pos=9
FAIL support=202 parity=4 residual=31 vars=1,2,3,4,5, neg=6 pos=9
FAIL support=202 parity=5 residual=24 vars=4,5, neg=7 pos=8
FAIL support=202 parity=5 residual=25 vars=1,4,5, neg=7 pos=8
FAIL support=202 parity=5 residual=26 vars=2,4,5, neg=7 pos=8
FAIL support=202 parity=5 residual=27 vars=1,2,4,5, neg=7 pos=8
FAIL support=202 parity=5 residual=28 vars=3,4,5, neg=7 pos=8
FAIL support=202 parity=5 residual=29 vars=1,3,4,5, neg=7 pos=8
FAIL support=202 parity=5 residual=30 vars=2,3,4,5, neg=7 pos=8
FAIL support=202 parity=5 residual=31 vars=1,2,3,4,5, neg=7 pos=8
FAIL support=202 parity=6 residual=24 vars=4,5, neg=4 pos=11
FAIL support=202 parity=6 residual=25 vars=1,4,5, neg=4 pos=11
FAIL support=202 parity=6 residual=26 vars=2,4,5, neg=4 pos=11
FAIL support=202 parity=6 residual=27 vars=1,2,4,5, neg=4 pos=11
FAIL support=202 parity=6 residual=28 vars=3,4,5, neg=4 pos=11
FAIL support=202 parity=6 residual=29 vars=1,3,4,5, neg=4 pos=11
FAIL support=202 parity=6 residual=30 vars=2,3,4,5, neg=4 pos=11
FAIL support=202 parity=6 residual=31 vars=1,2,3,4,5, neg=4 pos=11
FAIL support=202 parity=7 residual=24 vars=4,5, neg=5 pos=10
FAIL support=202 parity=7 residual=25 vars=1,4,5, neg=5 pos=10
FAIL support=202 parity=7 residual=26 vars=2,4,5, neg=5 pos=10
FAIL support=202 parity=7 residual=27 vars=1,2,4,5, neg=5 pos=10
FAIL support=202 parity=7 residual=28 vars=3,4,5, neg=5 pos=10
FAIL support=202 parity=7 residual=29 vars=1,3,4,5, neg=5 pos=10
FAIL support=202 parity=7 residual=30 vars=2,3,4,5, neg=5 pos=10
FAIL support=202 parity=7 residual=31 vars=1,2,3,4,5, neg=5 pos=10
FAIL support=202 parity=8 residual=24 vars=4,5, neg=7 pos=8
FAIL support=202 parity=8 residual=25 vars=1,4,5, neg=7 pos=8
FAIL support=202 parity=8 residual=26 vars=2,4,5, neg=7 pos=8
FAIL support=202 parity=8 residual=27 vars=1,2,4,5, neg=7 pos=8
FAIL support=202 parity=8 residual=28 vars=3,4,5, neg=7 pos=8
FAIL support=202 parity=8 residual=29 vars=1,3,4,5, neg=7 pos=8
FAIL support=202 parity=8 residual=30 vars=2,3,4,5, neg=7 pos=8
FAIL support=202 parity=8 residual=31 vars=1,2,3,4,5, neg=7 pos=8
FAIL support=202 parity=9 residual=24 vars=4,5, neg=6 pos=9
FAIL support=202 parity=9 residual=25 vars=1,4,5, neg=6 pos=9
FAIL support=202 parity=9 residual=26 vars=2,4,5, neg=6 pos=9
FAIL support=202 parity=9 residual=27 vars=1,2,4,5, neg=6 pos=9
FAIL support=202 parity=9 residual=28 vars=3,4,5, neg=6 pos=9
FAIL support=202 parity=9 residual=29 vars=1,3,4,5, neg=6 pos=9
FAIL support=202 parity=9 residual=30 vars=2,3,4,5, neg=6 pos=9
FAIL support=202 parity=9 residual=31 vars=1,2,3,4,5, neg=6 pos=9
FAIL support=202 parity=10 residual=24 vars=4,5, neg=7 pos=8
FAIL support=202 parity=10 residual=25 vars=1,4,5, neg=7 pos=8
FAIL support=202 parity=10 residual=26 vars=2,4,5, neg=7 pos=8
FAIL support=202 parity=10 residual=27 vars=1,2,4,5, neg=7 pos=8
FAIL support=202 parity=10 residual=28 vars=3,4,5, neg=7 pos=8
FAIL support=202 parity=10 residual=29 vars=1,3,4,5, neg=7 pos=8
FAIL support=202 parity=10 residual=30 vars=2,3,4,5, neg=7 pos=8
FAIL support=202 parity=10 residual=31 vars=1,2,3,4,5, neg=7 pos=8
FAIL support=202 parity=11 residual=9 vars=1,4, neg=6 pos=9
FAIL support=202 parity=11 residual=24 vars=4,5, neg=6 pos=9
FAIL support=202 parity=11 residual=25 vars=1,4,5, neg=6 pos=9
FAIL support=202 parity=11 residual=26 vars=2,4,5, neg=6 pos=9
FAIL support=202 parity=11 residual=27 vars=1,2,4,5, neg=6 pos=9
FAIL support=202 parity=11 residual=28 vars=3,4,5, neg=6 pos=9
FAIL support=202 parity=11 residual=29 vars=1,3,4,5, neg=6 pos=9
FAIL support=202 parity=11 residual=30 vars=2,3,4,5, neg=6 pos=9
FAIL support=202 parity=11 residual=31 vars=1,2,3,4,5, neg=6 pos=9
FAIL support=203 parity=4 residual=17 vars=1,5, neg=6 pos=9
FAIL support=203 parity=4 residual=19 vars=1,2,5, neg=6 pos=9
FAIL support=203 parity=4 residual=21 vars=1,3,5, neg=6 pos=9
FAIL support=203 parity=4 residual=23 vars=1,2,3,5, neg=6 pos=9
FAIL support=203 parity=4 residual=24 vars=4,5, neg=6 pos=9
FAIL support=203 parity=4 residual=25 vars=1,4,5, neg=6 pos=9
FAIL support=203 parity=4 residual=26 vars=2,4,5, neg=6 pos=9
FAIL support=203 parity=4 residual=27 vars=1,2,4,5, neg=6 pos=9
FAIL support=203 parity=4 residual=28 vars=3,4,5, neg=6 pos=9
FAIL support=203 parity=4 residual=29 vars=1,3,4,5, neg=6 pos=9
FAIL support=203 parity=4 residual=30 vars=2,3,4,5, neg=6 pos=9
FAIL support=203 parity=4 residual=31 vars=1,2,3,4,5, neg=6 pos=9
FAIL support=203 parity=6 residual=17 vars=1,5, neg=4 pos=11
FAIL support=203 parity=6 residual=19 vars=1,2,5, neg=4 pos=11
FAIL support=203 parity=6 residual=21 vars=1,3,5, neg=4 pos=11
FAIL support=203 parity=6 residual=23 vars=1,2,3,5, neg=4 pos=11
FAIL support=203 parity=6 residual=24 vars=4,5, neg=4 pos=11
FAIL support=203 parity=6 residual=25 vars=1,4,5, neg=4 pos=11
FAIL support=203 parity=6 residual=26 vars=2,4,5, neg=4 pos=11
FAIL support=203 parity=6 residual=27 vars=1,2,4,5, neg=4 pos=11
FAIL support=203 parity=6 residual=28 vars=3,4,5, neg=4 pos=11
FAIL support=203 parity=6 residual=29 vars=1,3,4,5, neg=4 pos=11
FAIL support=203 parity=6 residual=30 vars=2,3,4,5, neg=4 pos=11
FAIL support=203 parity=6 residual=31 vars=1,2,3,4,5, neg=4 pos=11
FAIL support=203 parity=8 residual=17 vars=1,5, neg=7 pos=8
FAIL support=203 parity=8 residual=19 vars=1,2,5, neg=7 pos=8
FAIL support=203 parity=8 residual=21 vars=1,3,5, neg=7 pos=8
FAIL support=203 parity=8 residual=23 vars=1,2,3,5, neg=7 pos=8
FAIL support=203 parity=8 residual=24 vars=4,5, neg=7 pos=8
FAIL support=203 parity=8 residual=25 vars=1,4,5, neg=7 pos=8
FAIL support=203 parity=8 residual=26 vars=2,4,5, neg=7 pos=8
FAIL support=203 parity=8 residual=27 vars=1,2,4,5, neg=7 pos=8
FAIL support=203 parity=8 residual=28 vars=3,4,5, neg=7 pos=8
FAIL support=203 parity=8 residual=29 vars=1,3,4,5, neg=7 pos=8
FAIL support=203 parity=8 residual=30 vars=2,3,4,5, neg=7 pos=8
FAIL support=203 parity=8 residual=31 vars=1,2,3,4,5, neg=7 pos=8
FAIL support=203 parity=10 residual=17 vars=1,5, neg=7 pos=8
FAIL support=203 parity=10 residual=19 vars=1,2,5, neg=7 pos=8
FAIL support=203 parity=10 residual=21 vars=1,3,5, neg=7 pos=8
FAIL support=203 parity=10 residual=23 vars=1,2,3,5, neg=7 pos=8
FAIL support=203 parity=10 residual=24 vars=4,5, neg=7 pos=8
FAIL support=203 parity=10 residual=25 vars=1,4,5, neg=7 pos=8
FAIL support=203 parity=10 residual=26 vars=2,4,5, neg=7 pos=8
FAIL support=203 parity=10 residual=27 vars=1,2,4,5, neg=7 pos=8
FAIL support=203 parity=10 residual=28 vars=3,4,5, neg=7 pos=8
FAIL support=203 parity=10 residual=29 vars=1,3,4,5, neg=7 pos=8
FAIL support=203 parity=10 residual=30 vars=2,3,4,5, neg=7 pos=8
FAIL support=203 parity=10 residual=31 vars=1,2,3,4,5, neg=7 pos=8
FAIL support=203 parity=12 residual=17 vars=1,5, neg=7 pos=8
FAIL support=203 parity=12 residual=19 vars=1,2,5, neg=7 pos=8
FAIL support=203 parity=12 residual=21 vars=1,3,5, neg=7 pos=8
FAIL support=203 parity=12 residual=23 vars=1,2,3,5, neg=7 pos=8
FAIL support=203 parity=12 residual=25 vars=1,4,5, neg=7 pos=8
FAIL support=203 parity=12 residual=27 vars=1,2,4,5, neg=7 pos=8
FAIL support=203 parity=12 residual=29 vars=1,3,4,5, neg=7 pos=8
FAIL support=203 parity=12 residual=31 vars=1,2,3,4,5, neg=7 pos=8
FAIL support=203 parity=14 residual=17 vars=1,5, neg=5 pos=10
FAIL support=203 parity=14 residual=19 vars=1,2,5, neg=5 pos=10
FAIL support=203 parity=14 residual=21 vars=1,3,5, neg=5 pos=10
FAIL support=203 parity=14 residual=23 vars=1,2,3,5, neg=5 pos=10
FAIL support=203 parity=14 residual=25 vars=1,4,5, neg=5 pos=10
FAIL support=203 parity=14 residual=27 vars=1,2,4,5, neg=5 pos=10
FAIL support=203 parity=14 residual=29 vars=1,3,4,5, neg=5 pos=10
FAIL support=203 parity=14 residual=31 vars=1,2,3,4,5, neg=5 pos=10
FAIL support=203 parity=17 residual=17 vars=1,5, neg=6 pos=9
FAIL support=203 parity=17 residual=19 vars=1,2,5, neg=6 pos=9
FAIL support=203 parity=17 residual=21 vars=1,3,5, neg=6 pos=9
FAIL support=203 parity=17 residual=23 vars=1,2,3,5, neg=6 pos=9
FAIL support=203 parity=17 residual=24 vars=4,5, neg=6 pos=9
FAIL support=203 parity=17 residual=25 vars=1,4,5, neg=6 pos=9
FAIL support=203 parity=17 residual=26 vars=2,4,5, neg=6 pos=9
FAIL support=203 parity=17 residual=27 vars=1,2,4,5, neg=6 pos=9
FAIL support=203 parity=17 residual=28 vars=3,4,5, neg=6 pos=9
FAIL support=203 parity=17 residual=29 vars=1,3,4,5, neg=6 pos=9
FAIL support=203 parity=17 residual=30 vars=2,3,4,5, neg=6 pos=9
FAIL support=203 parity=17 residual=31 vars=1,2,3,4,5, neg=6 pos=9
FAIL support=203 parity=19 residual=17 vars=1,5, neg=6 pos=9
FAIL support=203 parity=19 residual=19 vars=1,2,5, neg=6 pos=9
FAIL support=203 parity=19 residual=21 vars=1,3,5, neg=6 pos=9
FAIL support=203 parity=19 residual=23 vars=1,2,3,5, neg=6 pos=9
FAIL support=203 parity=19 residual=24 vars=4,5, neg=6 pos=9
FAIL support=203 parity=19 residual=25 vars=1,4,5, neg=6 pos=9
FAIL support=203 parity=19 residual=26 vars=2,4,5, neg=6 pos=9
FAIL support=203 parity=19 residual=27 vars=1,2,4,5, neg=6 pos=9
FAIL support=203 parity=19 residual=28 vars=3,4,5, neg=6 pos=9
FAIL support=203 parity=19 residual=29 vars=1,3,4,5, neg=6 pos=9
FAIL support=203 parity=19 residual=30 vars=2,3,4,5, neg=6 pos=9
FAIL support=203 parity=19 residual=31 vars=1,2,3,4,5, neg=6 pos=9
FAIL support=203 parity=21 residual=17 vars=1,5, neg=6 pos=9
FAIL support=203 parity=21 residual=19 vars=1,2,5, neg=6 pos=9
FAIL support=203 parity=21 residual=21 vars=1,3,5, neg=6 pos=9
FAIL support=203 parity=21 residual=23 vars=1,2,3,5, neg=6 pos=9
FAIL support=203 parity=21 residual=25 vars=1,4,5, neg=6 pos=9
FAIL support=203 parity=21 residual=27 vars=1,2,4,5, neg=6 pos=9
FAIL support=203 parity=21 residual=29 vars=1,3,4,5, neg=6 pos=9
FAIL support=203 parity=21 residual=31 vars=1,2,3,4,5, neg=6 pos=9
FAIL support=203 parity=23 residual=17 vars=1,5, neg=4 pos=11
FAIL support=203 parity=23 residual=19 vars=1,2,5, neg=4 pos=11
FAIL support=203 parity=23 residual=21 vars=1,3,5, neg=4 pos=11
FAIL support=203 parity=23 residual=23 vars=1,2,3,5, neg=4 pos=11
FAIL support=203 parity=23 residual=25 vars=1,4,5, neg=4 pos=11
FAIL support=203 parity=23 residual=27 vars=1,2,4,5, neg=4 pos=11
FAIL support=203 parity=23 residual=29 vars=1,3,4,5, neg=4 pos=11
FAIL support=203 parity=23 residual=31 vars=1,2,3,4,5, neg=4 pos=11
FAIL support=203 parity=29 residual=17 vars=1,5, neg=5 pos=10
FAIL support=203 parity=29 residual=19 vars=1,2,5, neg=5 pos=10
FAIL support=203 parity=29 residual=21 vars=1,3,5, neg=5 pos=10
FAIL support=203 parity=29 residual=23 vars=1,2,3,5, neg=5 pos=10
FAIL support=203 parity=29 residual=24 vars=4,5, neg=5 pos=10
FAIL support=203 parity=29 residual=25 vars=1,4,5, neg=5 pos=10
FAIL support=203 parity=29 residual=26 vars=2,4,5, neg=5 pos=10
FAIL support=203 parity=29 residual=27 vars=1,2,4,5, neg=5 pos=10
FAIL support=203 parity=29 residual=28 vars=3,4,5, neg=5 pos=10
FAIL support=203 parity=29 residual=29 vars=1,3,4,5, neg=5 pos=10
FAIL support=203 parity=29 residual=30 vars=2,3,4,5, neg=5 pos=10
FAIL support=203 parity=29 residual=31 vars=1,2,3,4,5, neg=5 pos=10
FAIL support=203 parity=31 residual=17 vars=1,5, neg=7 pos=8
FAIL support=203 parity=31 residual=19 vars=1,2,5, neg=7 pos=8
FAIL support=203 parity=31 residual=21 vars=1,3,5, neg=7 pos=8
FAIL support=203 parity=31 residual=23 vars=1,2,3,5, neg=7 pos=8
FAIL support=203 parity=31 residual=24 vars=4,5, neg=7 pos=8
FAIL support=203 parity=31 residual=25 vars=1,4,5, neg=7 pos=8
FAIL support=203 parity=31 residual=26 vars=2,4,5, neg=7 pos=8
FAIL support=203 parity=31 residual=27 vars=1,2,4,5, neg=7 pos=8
FAIL support=203 parity=31 residual=28 vars=3,4,5, neg=7 pos=8
FAIL support=203 parity=31 residual=29 vars=1,3,4,5, neg=7 pos=8
FAIL support=203 parity=31 residual=30 vars=2,3,4,5, neg=7 pos=8
FAIL support=203 parity=31 residual=31 vars=1,2,3,4,5, neg=7 pos=8
FAIL support=204 parity=2 residual=8 vars=5, neg=6 pos=9
FAIL support=204 parity=2 residual=9 vars=2,5, neg=6 pos=9
FAIL support=204 parity=2 residual=12 vars=4,5, neg=6 pos=9
FAIL support=204 parity=2 residual=13 vars=2,4,5, neg=6 pos=9
FAIL support=204 parity=2 residual=14 vars=3,4,5, neg=6 pos=9
FAIL support=204 parity=2 residual=15 vars=2,3,4,5, neg=6 pos=9
FAIL support=204 parity=4 residual=8 vars=5, neg=7 pos=8
FAIL support=204 parity=4 residual=12 vars=4,5, neg=7 pos=8
FAIL support=204 parity=4 residual=13 vars=2,4,5, neg=7 pos=8
FAIL support=204 parity=4 residual=14 vars=3,4,5, neg=7 pos=8
FAIL support=204 parity=4 residual=15 vars=2,3,4,5, neg=7 pos=8
FAIL support=204 parity=9 residual=8 vars=5, neg=7 pos=8
FAIL support=204 parity=9 residual=9 vars=2,5, neg=7 pos=8
FAIL support=204 parity=9 residual=12 vars=4,5, neg=7 pos=8
FAIL support=204 parity=9 residual=13 vars=2,4,5, neg=7 pos=8
FAIL support=204 parity=9 residual=14 vars=3,4,5, neg=7 pos=8
FAIL support=204 parity=9 residual=15 vars=2,3,4,5, neg=7 pos=8
FAIL support=204 parity=15 residual=8 vars=5, neg=6 pos=9
FAIL support=204 parity=15 residual=9 vars=2,5, neg=6 pos=9
FAIL support=204 parity=15 residual=12 vars=4,5, neg=6 pos=9
FAIL support=204 parity=15 residual=13 vars=2,4,5, neg=6 pos=9
FAIL support=204 parity=15 residual=14 vars=3,4,5, neg=6 pos=9
FAIL support=204 parity=15 residual=15 vars=2,3,4,5, neg=6 pos=9
FAIL support=205 parity=4 residual=16 vars=5, neg=6 pos=9
FAIL support=205 parity=4 residual=24 vars=4,5, neg=6 pos=9
FAIL support=205 parity=4 residual=25 vars=1,4,5, neg=6 pos=9
FAIL support=205 parity=4 residual=26 vars=2,4,5, neg=6 pos=9
FAIL support=205 parity=4 residual=27 vars=1,2,4,5, neg=6 pos=9
FAIL support=205 parity=4 residual=28 vars=3,4,5, neg=6 pos=9
FAIL support=205 parity=4 residual=29 vars=1,3,4,5, neg=6 pos=9
FAIL support=205 parity=4 residual=30 vars=2,3,4,5, neg=6 pos=9
FAIL support=205 parity=4 residual=31 vars=1,2,3,4,5, neg=6 pos=9
FAIL support=205 parity=5 residual=16 vars=5, neg=7 pos=8
FAIL support=205 parity=5 residual=18 vars=2,5, neg=7 pos=8
FAIL support=205 parity=5 residual=24 vars=4,5, neg=7 pos=8
FAIL support=205 parity=5 residual=25 vars=1,4,5, neg=7 pos=8
FAIL support=205 parity=5 residual=26 vars=2,4,5, neg=7 pos=8
FAIL support=205 parity=5 residual=27 vars=1,2,4,5, neg=7 pos=8
FAIL support=205 parity=5 residual=28 vars=3,4,5, neg=7 pos=8
FAIL support=205 parity=5 residual=29 vars=1,3,4,5, neg=7 pos=8
FAIL support=205 parity=5 residual=30 vars=2,3,4,5, neg=7 pos=8
FAIL support=205 parity=5 residual=31 vars=1,2,3,4,5, neg=7 pos=8
FAIL support=205 parity=8 residual=24 vars=4,5, neg=7 pos=8
FAIL support=205 parity=8 residual=25 vars=1,4,5, neg=7 pos=8
FAIL support=205 parity=8 residual=26 vars=2,4,5, neg=7 pos=8
FAIL support=205 parity=8 residual=27 vars=1,2,4,5, neg=7 pos=8
FAIL support=205 parity=8 residual=28 vars=3,4,5, neg=7 pos=8
FAIL support=205 parity=8 residual=29 vars=1,3,4,5, neg=7 pos=8
FAIL support=205 parity=8 residual=30 vars=2,3,4,5, neg=7 pos=8
FAIL support=205 parity=8 residual=31 vars=1,2,3,4,5, neg=7 pos=8
FAIL support=205 parity=9 residual=9 vars=1,4, neg=6 pos=9
FAIL support=205 parity=9 residual=24 vars=4,5, neg=6 pos=9
FAIL support=205 parity=9 residual=25 vars=1,4,5, neg=6 pos=9
FAIL support=205 parity=9 residual=26 vars=2,4,5, neg=6 pos=9
FAIL support=205 parity=9 residual=27 vars=1,2,4,5, neg=6 pos=9
FAIL support=205 parity=9 residual=28 vars=3,4,5, neg=6 pos=9
FAIL support=205 parity=9 residual=29 vars=1,3,4,5, neg=6 pos=9
FAIL support=205 parity=9 residual=30 vars=2,3,4,5, neg=6 pos=9
FAIL support=205 parity=9 residual=31 vars=1,2,3,4,5, neg=6 pos=9
FAIL support=205 parity=18 residual=24 vars=4,5, neg=7 pos=8
FAIL support=205 parity=18 residual=25 vars=1,4,5, neg=7 pos=8
FAIL support=205 parity=18 residual=26 vars=2,4,5, neg=7 pos=8
FAIL support=205 parity=18 residual=27 vars=1,2,4,5, neg=7 pos=8
FAIL support=205 parity=18 residual=28 vars=3,4,5, neg=7 pos=8
FAIL support=205 parity=18 residual=29 vars=1,3,4,5, neg=7 pos=8
FAIL support=205 parity=18 residual=30 vars=2,3,4,5, neg=7 pos=8
FAIL support=205 parity=18 residual=31 vars=1,2,3,4,5, neg=7 pos=8
FAIL support=205 parity=19 residual=16 vars=5, neg=8 pos=7
FAIL support=205 parity=19 residual=24 vars=4,5, neg=8 pos=7
FAIL support=205 parity=19 residual=25 vars=1,4,5, neg=8 pos=7
FAIL support=205 parity=19 residual=26 vars=2,4,5, neg=8 pos=7
FAIL support=205 parity=19 residual=27 vars=1,2,4,5, neg=8 pos=7
FAIL support=205 parity=19 residual=28 vars=3,4,5, neg=8 pos=7
FAIL support=205 parity=19 residual=29 vars=1,3,4,5, neg=8 pos=7
FAIL support=205 parity=19 residual=30 vars=2,3,4,5, neg=8 pos=7
FAIL support=205 parity=19 residual=31 vars=1,2,3,4,5, neg=8 pos=7
FAIL support=205 parity=30 residual=16 vars=5, neg=6 pos=9
FAIL support=205 parity=30 residual=24 vars=4,5, neg=6 pos=9
FAIL support=205 parity=30 residual=25 vars=1,4,5, neg=6 pos=9
FAIL support=205 parity=30 residual=26 vars=2,4,5, neg=6 pos=9
FAIL support=205 parity=30 residual=27 vars=1,2,4,5, neg=6 pos=9
FAIL support=205 parity=30 residual=28 vars=3,4,5, neg=6 pos=9
FAIL support=205 parity=30 residual=29 vars=1,3,4,5, neg=6 pos=9
FAIL support=205 parity=30 residual=30 vars=2,3,4,5, neg=6 pos=9
FAIL support=205 parity=30 residual=31 vars=1,2,3,4,5, neg=6 pos=9
FAIL support=205 parity=31 residual=16 vars=5, neg=5 pos=10
FAIL support=205 parity=31 residual=18 vars=2,5, neg=5 pos=10
FAIL support=205 parity=31 residual=24 vars=4,5, neg=5 pos=10
FAIL support=205 parity=31 residual=25 vars=1,4,5, neg=5 pos=10
FAIL support=205 parity=31 residual=26 vars=2,4,5, neg=5 pos=10
FAIL support=205 parity=31 residual=27 vars=1,2,4,5, neg=5 pos=10
FAIL support=205 parity=31 residual=28 vars=3,4,5, neg=5 pos=10
FAIL support=205 parity=31 residual=29 vars=1,3,4,5, neg=5 pos=10
FAIL support=205 parity=31 residual=30 vars=2,3,4,5, neg=5 pos=10
FAIL support=205 parity=31 residual=31 vars=1,2,3,4,5, neg=5 pos=10
FAIL support=206 parity=4 residual=16 vars=5, neg=6 pos=9
FAIL support=206 parity=4 residual=17 vars=1,5, neg=6 pos=9
FAIL support=206 parity=4 residual=18 vars=2,5, neg=6 pos=9
FAIL support=206 parity=4 residual=19 vars=1,2,5, neg=6 pos=9
FAIL support=206 parity=4 residual=20 vars=3,5, neg=6 pos=9
FAIL support=206 parity=4 residual=21 vars=1,3,5, neg=6 pos=9
FAIL support=206 parity=4 residual=23 vars=1,2,3,5, neg=6 pos=9
FAIL support=206 parity=4 residual=24 vars=4,5, neg=6 pos=9
FAIL support=206 parity=4 residual=25 vars=1,4,5, neg=6 pos=9
FAIL support=206 parity=4 residual=26 vars=2,4,5, neg=6 pos=9
FAIL support=206 parity=4 residual=27 vars=1,2,4,5, neg=6 pos=9
FAIL support=206 parity=4 residual=28 vars=3,4,5, neg=6 pos=9
FAIL support=206 parity=4 residual=29 vars=1,3,4,5, neg=6 pos=9
FAIL support=206 parity=4 residual=30 vars=2,3,4,5, neg=6 pos=9
FAIL support=206 parity=4 residual=31 vars=1,2,3,4,5, neg=6 pos=9
FAIL support=206 parity=7 residual=16 vars=5, neg=5 pos=10
FAIL support=206 parity=7 residual=17 vars=1,5, neg=5 pos=10
FAIL support=206 parity=7 residual=18 vars=2,5, neg=5 pos=10
FAIL support=206 parity=7 residual=19 vars=1,2,5, neg=5 pos=10
FAIL support=206 parity=7 residual=20 vars=3,5, neg=5 pos=10
FAIL support=206 parity=7 residual=21 vars=1,3,5, neg=5 pos=10
FAIL support=206 parity=7 residual=23 vars=1,2,3,5, neg=5 pos=10
FAIL support=206 parity=7 residual=24 vars=4,5, neg=5 pos=10
FAIL support=206 parity=7 residual=25 vars=1,4,5, neg=5 pos=10
FAIL support=206 parity=7 residual=26 vars=2,4,5, neg=5 pos=10
FAIL support=206 parity=7 residual=27 vars=1,2,4,5, neg=5 pos=10
FAIL support=206 parity=7 residual=28 vars=3,4,5, neg=5 pos=10
FAIL support=206 parity=7 residual=29 vars=1,3,4,5, neg=5 pos=10
FAIL support=206 parity=7 residual=30 vars=2,3,4,5, neg=5 pos=10
FAIL support=206 parity=7 residual=31 vars=1,2,3,4,5, neg=5 pos=10
FAIL support=206 parity=8 residual=16 vars=5, neg=7 pos=8
FAIL support=206 parity=8 residual=17 vars=1,5, neg=7 pos=8
FAIL support=206 parity=8 residual=18 vars=2,5, neg=7 pos=8
FAIL support=206 parity=8 residual=19 vars=1,2,5, neg=7 pos=8
FAIL support=206 parity=8 residual=21 vars=1,3,5, neg=7 pos=8
FAIL support=206 parity=8 residual=23 vars=1,2,3,5, neg=7 pos=8
FAIL support=206 parity=8 residual=24 vars=4,5, neg=7 pos=8
FAIL support=206 parity=8 residual=25 vars=1,4,5, neg=7 pos=8
FAIL support=206 parity=8 residual=26 vars=2,4,5, neg=7 pos=8
FAIL support=206 parity=8 residual=27 vars=1,2,4,5, neg=7 pos=8
FAIL support=206 parity=8 residual=28 vars=3,4,5, neg=7 pos=8
FAIL support=206 parity=8 residual=29 vars=1,3,4,5, neg=7 pos=8
FAIL support=206 parity=8 residual=30 vars=2,3,4,5, neg=7 pos=8
FAIL support=206 parity=8 residual=31 vars=1,2,3,4,5, neg=7 pos=8
FAIL support=206 parity=11 residual=16 vars=5, neg=6 pos=9
FAIL support=206 parity=11 residual=17 vars=1,5, neg=6 pos=9
FAIL support=206 parity=11 residual=18 vars=2,5, neg=6 pos=9
FAIL support=206 parity=11 residual=19 vars=1,2,5, neg=6 pos=9
FAIL support=206 parity=11 residual=21 vars=1,3,5, neg=6 pos=9
FAIL support=206 parity=11 residual=23 vars=1,2,3,5, neg=6 pos=9
FAIL support=206 parity=11 residual=24 vars=4,5, neg=6 pos=9
FAIL support=206 parity=11 residual=25 vars=1,4,5, neg=6 pos=9
FAIL support=206 parity=11 residual=26 vars=2,4,5, neg=6 pos=9
FAIL support=206 parity=11 residual=27 vars=1,2,4,5, neg=6 pos=9
FAIL support=206 parity=11 residual=28 vars=3,4,5, neg=6 pos=9
FAIL support=206 parity=11 residual=29 vars=1,3,4,5, neg=6 pos=9
FAIL support=206 parity=11 residual=30 vars=2,3,4,5, neg=6 pos=9
FAIL support=206 parity=11 residual=31 vars=1,2,3,4,5, neg=6 pos=9
FAIL support=206 parity=12 residual=17 vars=1,5, neg=7 pos=8
FAIL support=206 parity=12 residual=19 vars=1,2,5, neg=7 pos=8
FAIL support=206 parity=12 residual=21 vars=1,3,5, neg=7 pos=8
FAIL support=206 parity=12 residual=23 vars=1,2,3,5, neg=7 pos=8
FAIL support=206 parity=12 residual=25 vars=1,4,5, neg=7 pos=8
FAIL support=206 parity=12 residual=27 vars=1,2,4,5, neg=7 pos=8
FAIL support=206 parity=12 residual=29 vars=1,3,4,5, neg=7 pos=8
FAIL support=206 parity=12 residual=31 vars=1,2,3,4,5, neg=7 pos=8
FAIL support=206 parity=15 residual=17 vars=1,5, neg=4 pos=11
FAIL support=206 parity=15 residual=19 vars=1,2,5, neg=4 pos=11
FAIL support=206 parity=15 residual=21 vars=1,3,5, neg=4 pos=11
FAIL support=206 parity=15 residual=23 vars=1,2,3,5, neg=4 pos=11
FAIL support=206 parity=15 residual=25 vars=1,4,5, neg=4 pos=11
FAIL support=206 parity=15 residual=27 vars=1,2,4,5, neg=4 pos=11
FAIL support=206 parity=15 residual=29 vars=1,3,4,5, neg=4 pos=11
FAIL support=206 parity=15 residual=31 vars=1,2,3,4,5, neg=4 pos=11
FAIL support=206 parity=17 residual=16 vars=5, neg=6 pos=9
FAIL support=206 parity=17 residual=17 vars=1,5, neg=6 pos=9
FAIL support=206 parity=17 residual=18 vars=2,5, neg=6 pos=9
FAIL support=206 parity=17 residual=19 vars=1,2,5, neg=6 pos=9
FAIL support=206 parity=17 residual=21 vars=1,3,5, neg=6 pos=9
FAIL support=206 parity=17 residual=23 vars=1,2,3,5, neg=6 pos=9
FAIL support=206 parity=17 residual=24 vars=4,5, neg=6 pos=9
FAIL support=206 parity=17 residual=25 vars=1,4,5, neg=6 pos=9
FAIL support=206 parity=17 residual=26 vars=2,4,5, neg=6 pos=9
FAIL support=206 parity=17 residual=27 vars=1,2,4,5, neg=6 pos=9
FAIL support=206 parity=17 residual=28 vars=3,4,5, neg=6 pos=9
FAIL support=206 parity=17 residual=29 vars=1,3,4,5, neg=6 pos=9
FAIL support=206 parity=17 residual=30 vars=2,3,4,5, neg=6 pos=9
FAIL support=206 parity=17 residual=31 vars=1,2,3,4,5, neg=6 pos=9
FAIL support=206 parity=18 residual=16 vars=5, neg=7 pos=8
FAIL support=206 parity=18 residual=17 vars=1,5, neg=7 pos=8
FAIL support=206 parity=18 residual=18 vars=2,5, neg=7 pos=8
FAIL support=206 parity=18 residual=19 vars=1,2,5, neg=7 pos=8
FAIL support=206 parity=18 residual=21 vars=1,3,5, neg=7 pos=8
FAIL support=206 parity=18 residual=23 vars=1,2,3,5, neg=7 pos=8
FAIL support=206 parity=18 residual=24 vars=4,5, neg=7 pos=8
FAIL support=206 parity=18 residual=25 vars=1,4,5, neg=7 pos=8
FAIL support=206 parity=18 residual=26 vars=2,4,5, neg=7 pos=8
FAIL support=206 parity=18 residual=27 vars=1,2,4,5, neg=7 pos=8
FAIL support=206 parity=18 residual=28 vars=3,4,5, neg=7 pos=8
FAIL support=206 parity=18 residual=29 vars=1,3,4,5, neg=7 pos=8
FAIL support=206 parity=18 residual=30 vars=2,3,4,5, neg=7 pos=8
FAIL support=206 parity=18 residual=31 vars=1,2,3,4,5, neg=7 pos=8
FAIL support=206 parity=21 residual=17 vars=1,5, neg=6 pos=9
FAIL support=206 parity=21 residual=19 vars=1,2,5, neg=6 pos=9
FAIL support=206 parity=21 residual=21 vars=1,3,5, neg=6 pos=9
FAIL support=206 parity=21 residual=23 vars=1,2,3,5, neg=6 pos=9
FAIL support=206 parity=21 residual=25 vars=1,4,5, neg=6 pos=9
FAIL support=206 parity=21 residual=27 vars=1,2,4,5, neg=6 pos=9
FAIL support=206 parity=21 residual=29 vars=1,3,4,5, neg=6 pos=9
FAIL support=206 parity=21 residual=31 vars=1,2,3,4,5, neg=6 pos=9
FAIL support=206 parity=22 residual=17 vars=1,5, neg=5 pos=10
FAIL support=206 parity=22 residual=19 vars=1,2,5, neg=5 pos=10
FAIL support=206 parity=22 residual=21 vars=1,3,5, neg=5 pos=10
FAIL support=206 parity=22 residual=23 vars=1,2,3,5, neg=5 pos=10
FAIL support=206 parity=22 residual=25 vars=1,4,5, neg=5 pos=10
FAIL support=206 parity=22 residual=27 vars=1,2,4,5, neg=5 pos=10
FAIL support=206 parity=22 residual=29 vars=1,3,4,5, neg=5 pos=10
FAIL support=206 parity=22 residual=31 vars=1,2,3,4,5, neg=5 pos=10
FAIL support=206 parity=29 residual=16 vars=5, neg=5 pos=10
FAIL support=206 parity=29 residual=17 vars=1,5, neg=5 pos=10
FAIL support=206 parity=29 residual=18 vars=2,5, neg=5 pos=10
FAIL support=206 parity=29 residual=19 vars=1,2,5, neg=5 pos=10
FAIL support=206 parity=29 residual=21 vars=1,3,5, neg=5 pos=10
FAIL support=206 parity=29 residual=23 vars=1,2,3,5, neg=5 pos=10
FAIL support=206 parity=29 residual=24 vars=4,5, neg=5 pos=10
FAIL support=206 parity=29 residual=25 vars=1,4,5, neg=5 pos=10
FAIL support=206 parity=29 residual=26 vars=2,4,5, neg=5 pos=10
FAIL support=206 parity=29 residual=27 vars=1,2,4,5, neg=5 pos=10
FAIL support=206 parity=29 residual=28 vars=3,4,5, neg=5 pos=10
FAIL support=206 parity=29 residual=29 vars=1,3,4,5, neg=5 pos=10
FAIL support=206 parity=29 residual=30 vars=2,3,4,5, neg=5 pos=10
FAIL support=206 parity=29 residual=31 vars=1,2,3,4,5, neg=5 pos=10
FAIL support=206 parity=30 residual=16 vars=5, neg=6 pos=9
FAIL support=206 parity=30 residual=17 vars=1,5, neg=6 pos=9
FAIL support=206 parity=30 residual=18 vars=2,5, neg=6 pos=9
FAIL support=206 parity=30 residual=19 vars=1,2,5, neg=6 pos=9
FAIL support=206 parity=30 residual=20 vars=3,5, neg=6 pos=9
FAIL support=206 parity=30 residual=21 vars=1,3,5, neg=6 pos=9
FAIL support=206 parity=30 residual=22 vars=2,3,5, neg=6 pos=9
FAIL support=206 parity=30 residual=23 vars=1,2,3,5, neg=6 pos=9
FAIL support=206 parity=30 residual=24 vars=4,5, neg=6 pos=9
FAIL support=206 parity=30 residual=25 vars=1,4,5, neg=6 pos=9
FAIL support=206 parity=30 residual=26 vars=2,4,5, neg=6 pos=9
FAIL support=206 parity=30 residual=27 vars=1,2,4,5, neg=6 pos=9
FAIL support=206 parity=30 residual=28 vars=3,4,5, neg=6 pos=9
FAIL support=206 parity=30 residual=29 vars=1,3,4,5, neg=6 pos=9
FAIL support=206 parity=30 residual=30 vars=2,3,4,5, neg=6 pos=9
FAIL support=206 parity=30 residual=31 vars=1,2,3,4,5, neg=6 pos=9
FAIL support=207 parity=2 residual=6 vars=4,5, neg=7 pos=8
FAIL support=207 parity=2 residual=7 vars=3,4,5, neg=7 pos=8
FAIL support=207 parity=5 residual=4 vars=5, neg=6 pos=9
FAIL support=207 parity=5 residual=6 vars=4,5, neg=6 pos=9
FAIL support=207 parity=5 residual=7 vars=3,4,5, neg=6 pos=9
FAIL support=208 parity=4 residual=12 vars=4,5, neg=7 pos=8
FAIL support=208 parity=4 residual=13 vars=1,4,5, neg=7 pos=8
FAIL support=208 parity=4 residual=14 vars=3,4,5, neg=7 pos=8
FAIL support=208 parity=4 residual=15 vars=1,3,4,5, neg=7 pos=8
FAIL support=208 parity=5 residual=12 vars=4,5, neg=6 pos=9
FAIL support=208 parity=5 residual=13 vars=1,4,5, neg=6 pos=9
FAIL support=208 parity=5 residual=14 vars=3,4,5, neg=6 pos=9
FAIL support=208 parity=5 residual=15 vars=1,3,4,5, neg=6 pos=9
FAIL support=208 parity=10 residual=12 vars=4,5, neg=6 pos=9
FAIL support=208 parity=10 residual=13 vars=1,4,5, neg=6 pos=9
FAIL support=208 parity=10 residual=14 vars=3,4,5, neg=6 pos=9
FAIL support=208 parity=10 residual=15 vars=1,3,4,5, neg=6 pos=9
FAIL support=208 parity=11 residual=12 vars=4,5, neg=7 pos=8
FAIL support=208 parity=11 residual=13 vars=1,4,5, neg=7 pos=8
FAIL support=208 parity=11 residual=14 vars=3,4,5, neg=7 pos=8
FAIL support=208 parity=11 residual=15 vars=1,3,4,5, neg=7 pos=8
FAIL support=209 parity=3 residual=9 vars=1,5, neg=6 pos=9
FAIL support=209 parity=3 residual=11 vars=1,3,5, neg=6 pos=9
FAIL support=209 parity=3 residual=13 vars=1,4,5, neg=6 pos=9
FAIL support=209 parity=3 residual=15 vars=1,3,4,5, neg=6 pos=9
FAIL support=209 parity=4 residual=9 vars=1,5, neg=7 pos=8
FAIL support=209 parity=4 residual=11 vars=1,3,5, neg=7 pos=8
FAIL support=209 parity=4 residual=12 vars=4,5, neg=7 pos=8
FAIL support=209 parity=4 residual=13 vars=1,4,5, neg=7 pos=8
FAIL support=209 parity=4 residual=14 vars=3,4,5, neg=7 pos=8
FAIL support=209 parity=4 residual=15 vars=1,3,4,5, neg=7 pos=8
FAIL support=209 parity=7 residual=8 vars=5, neg=5 pos=10
FAIL support=209 parity=7 residual=9 vars=1,5, neg=5 pos=10
FAIL support=209 parity=7 residual=11 vars=1,3,5, neg=5 pos=10
FAIL support=209 parity=7 residual=12 vars=4,5, neg=5 pos=10
FAIL support=209 parity=7 residual=13 vars=1,4,5, neg=5 pos=10
FAIL support=209 parity=7 residual=14 vars=3,4,5, neg=5 pos=10
FAIL support=209 parity=7 residual=15 vars=1,3,4,5, neg=5 pos=10
FAIL support=209 parity=9 residual=9 vars=1,5, neg=6 pos=9
FAIL support=209 parity=9 residual=11 vars=1,3,5, neg=6 pos=9
FAIL support=209 parity=9 residual=12 vars=4,5, neg=6 pos=9
FAIL support=209 parity=9 residual=13 vars=1,4,5, neg=6 pos=9
FAIL support=209 parity=9 residual=14 vars=3,4,5, neg=6 pos=9
FAIL support=209 parity=9 residual=15 vars=1,3,4,5, neg=6 pos=9
FAIL support=209 parity=10 residual=8 vars=5, neg=6 pos=9
FAIL support=209 parity=10 residual=9 vars=1,5, neg=6 pos=9
FAIL support=209 parity=10 residual=11 vars=1,3,5, neg=6 pos=9
FAIL support=209 parity=10 residual=12 vars=4,5, neg=6 pos=9
FAIL support=209 parity=10 residual=13 vars=1,4,5, neg=6 pos=9
FAIL support=209 parity=10 residual=14 vars=3,4,5, neg=6 pos=9
FAIL support=209 parity=10 residual=15 vars=1,3,4,5, neg=6 pos=9
FAIL support=209 parity=14 residual=9 vars=1,5, neg=7 pos=8
FAIL support=209 parity=14 residual=11 vars=1,3,5, neg=7 pos=8
FAIL support=209 parity=14 residual=13 vars=1,4,5, neg=7 pos=8
FAIL support=209 parity=14 residual=15 vars=1,3,4,5, neg=7 pos=8
FAIL support=210 parity=4 residual=12 vars=4,5, neg=7 pos=8
FAIL support=210 parity=4 residual=13 vars=2,4,5, neg=7 pos=8
FAIL support=210 parity=4 residual=14 vars=3,4,5, neg=7 pos=8
FAIL support=210 parity=4 residual=15 vars=2,3,4,5, neg=7 pos=8
FAIL support=210 parity=5 residual=12 vars=4,5, neg=7 pos=8
FAIL support=210 parity=5 residual=13 vars=2,4,5, neg=7 pos=8
FAIL support=210 parity=5 residual=14 vars=3,4,5, neg=7 pos=8
FAIL support=210 parity=5 residual=15 vars=2,3,4,5, neg=7 pos=8
FAIL support=210 parity=10 residual=12 vars=4,5, neg=6 pos=9
FAIL support=210 parity=10 residual=13 vars=2,4,5, neg=6 pos=9
FAIL support=210 parity=10 residual=14 vars=3,4,5, neg=6 pos=9
FAIL support=210 parity=10 residual=15 vars=2,3,4,5, neg=6 pos=9
FAIL support=210 parity=11 residual=12 vars=4,5, neg=4 pos=11
FAIL support=210 parity=11 residual=13 vars=2,4,5, neg=4 pos=11
FAIL support=210 parity=11 residual=14 vars=3,4,5, neg=4 pos=11
FAIL support=210 parity=11 residual=15 vars=2,3,4,5, neg=4 pos=11
FAIL support=211 parity=8 residual=24 vars=4,5, neg=7 pos=8
FAIL support=211 parity=8 residual=25 vars=1,4,5, neg=7 pos=8
FAIL support=211 parity=8 residual=26 vars=2,4,5, neg=7 pos=8
FAIL support=211 parity=8 residual=27 vars=1,2,4,5, neg=7 pos=8
FAIL support=211 parity=8 residual=28 vars=3,4,5, neg=7 pos=8
FAIL support=211 parity=8 residual=29 vars=1,3,4,5, neg=7 pos=8
FAIL support=211 parity=8 residual=30 vars=2,3,4,5, neg=7 pos=8
FAIL support=211 parity=8 residual=31 vars=1,2,3,4,5, neg=7 pos=8
FAIL support=211 parity=9 residual=24 vars=4,5, neg=6 pos=9
FAIL support=211 parity=9 residual=25 vars=1,4,5, neg=6 pos=9
FAIL support=211 parity=9 residual=26 vars=2,4,5, neg=6 pos=9
FAIL support=211 parity=9 residual=27 vars=1,2,4,5, neg=6 pos=9
FAIL support=211 parity=9 residual=28 vars=3,4,5, neg=6 pos=9
FAIL support=211 parity=9 residual=29 vars=1,3,4,5, neg=6 pos=9
FAIL support=211 parity=9 residual=30 vars=2,3,4,5, neg=6 pos=9
FAIL support=211 parity=9 residual=31 vars=1,2,3,4,5, neg=6 pos=9
FAIL support=211 parity=10 residual=24 vars=4,5, neg=7 pos=8
FAIL support=211 parity=10 residual=25 vars=1,4,5, neg=7 pos=8
FAIL support=211 parity=10 residual=26 vars=2,4,5, neg=7 pos=8
FAIL support=211 parity=10 residual=27 vars=1,2,4,5, neg=7 pos=8
FAIL support=211 parity=10 residual=28 vars=3,4,5, neg=7 pos=8
FAIL support=211 parity=10 residual=29 vars=1,3,4,5, neg=7 pos=8
FAIL support=211 parity=10 residual=30 vars=2,3,4,5, neg=7 pos=8
FAIL support=211 parity=10 residual=31 vars=1,2,3,4,5, neg=7 pos=8
FAIL support=211 parity=11 residual=24 vars=4,5, neg=6 pos=9
FAIL support=211 parity=11 residual=25 vars=1,4,5, neg=6 pos=9
FAIL support=211 parity=11 residual=26 vars=2,4,5, neg=6 pos=9
FAIL support=211 parity=11 residual=27 vars=1,2,4,5, neg=6 pos=9
FAIL support=211 parity=11 residual=28 vars=3,4,5, neg=6 pos=9
FAIL support=211 parity=11 residual=29 vars=1,3,4,5, neg=6 pos=9
FAIL support=211 parity=11 residual=30 vars=2,3,4,5, neg=6 pos=9
FAIL support=211 parity=11 residual=31 vars=1,2,3,4,5, neg=6 pos=9
FAIL support=211 parity=20 residual=24 vars=4,5, neg=6 pos=9
FAIL support=211 parity=20 residual=25 vars=1,4,5, neg=6 pos=9
FAIL support=211 parity=20 residual=26 vars=2,4,5, neg=6 pos=9
FAIL support=211 parity=20 residual=27 vars=1,2,4,5, neg=6 pos=9
FAIL support=211 parity=20 residual=28 vars=3,4,5, neg=6 pos=9
FAIL support=211 parity=20 residual=29 vars=1,3,4,5, neg=6 pos=9
FAIL support=211 parity=20 residual=30 vars=2,3,4,5, neg=6 pos=9
FAIL support=211 parity=20 residual=31 vars=1,2,3,4,5, neg=6 pos=9
FAIL support=211 parity=21 residual=24 vars=4,5, neg=7 pos=8
FAIL support=211 parity=21 residual=25 vars=1,4,5, neg=7 pos=8
FAIL support=211 parity=21 residual=26 vars=2,4,5, neg=7 pos=8
FAIL support=211 parity=21 residual=27 vars=1,2,4,5, neg=7 pos=8
FAIL support=211 parity=21 residual=28 vars=3,4,5, neg=7 pos=8
FAIL support=211 parity=21 residual=29 vars=1,3,4,5, neg=7 pos=8
FAIL support=211 parity=21 residual=30 vars=2,3,4,5, neg=7 pos=8
FAIL support=211 parity=21 residual=31 vars=1,2,3,4,5, neg=7 pos=8
FAIL support=211 parity=22 residual=24 vars=4,5, neg=4 pos=11
FAIL support=211 parity=22 residual=25 vars=1,4,5, neg=4 pos=11
FAIL support=211 parity=22 residual=26 vars=2,4,5, neg=4 pos=11
FAIL support=211 parity=22 residual=27 vars=1,2,4,5, neg=4 pos=11
FAIL support=211 parity=22 residual=28 vars=3,4,5, neg=4 pos=11
FAIL support=211 parity=22 residual=29 vars=1,3,4,5, neg=4 pos=11
FAIL support=211 parity=22 residual=30 vars=2,3,4,5, neg=4 pos=11
FAIL support=211 parity=22 residual=31 vars=1,2,3,4,5, neg=4 pos=11
FAIL support=211 parity=23 residual=24 vars=4,5, neg=5 pos=10
FAIL support=211 parity=23 residual=25 vars=1,4,5, neg=5 pos=10
FAIL support=211 parity=23 residual=26 vars=2,4,5, neg=5 pos=10
FAIL support=211 parity=23 residual=27 vars=1,2,4,5, neg=5 pos=10
FAIL support=211 parity=23 residual=28 vars=3,4,5, neg=5 pos=10
FAIL support=211 parity=23 residual=29 vars=1,3,4,5, neg=5 pos=10
FAIL support=211 parity=23 residual=30 vars=2,3,4,5, neg=5 pos=10
FAIL support=211 parity=23 residual=31 vars=1,2,3,4,5, neg=5 pos=10
FAIL support=212 parity=5 residual=17 vars=1,5, neg=6 pos=9
FAIL support=212 parity=5 residual=19 vars=1,2,5, neg=6 pos=9
FAIL support=212 parity=5 residual=21 vars=1,3,5, neg=6 pos=9
FAIL support=212 parity=5 residual=23 vars=1,2,3,5, neg=6 pos=9
FAIL support=212 parity=5 residual=25 vars=1,4,5, neg=6 pos=9
FAIL support=212 parity=5 residual=27 vars=1,2,4,5, neg=6 pos=9
FAIL support=212 parity=5 residual=29 vars=1,3,4,5, neg=6 pos=9
FAIL support=212 parity=5 residual=31 vars=1,2,3,4,5, neg=6 pos=9
FAIL support=212 parity=7 residual=17 vars=1,5, neg=4 pos=11
FAIL support=212 parity=7 residual=19 vars=1,2,5, neg=4 pos=11
FAIL support=212 parity=7 residual=21 vars=1,3,5, neg=4 pos=11
FAIL support=212 parity=7 residual=23 vars=1,2,3,5, neg=4 pos=11
FAIL support=212 parity=7 residual=25 vars=1,4,5, neg=4 pos=11
FAIL support=212 parity=7 residual=27 vars=1,2,4,5, neg=4 pos=11
FAIL support=212 parity=7 residual=29 vars=1,3,4,5, neg=4 pos=11
FAIL support=212 parity=7 residual=31 vars=1,2,3,4,5, neg=4 pos=11
FAIL support=212 parity=8 residual=17 vars=1,5, neg=7 pos=8
FAIL support=212 parity=8 residual=19 vars=1,2,5, neg=7 pos=8
FAIL support=212 parity=8 residual=21 vars=1,3,5, neg=7 pos=8
FAIL support=212 parity=8 residual=23 vars=1,2,3,5, neg=7 pos=8
FAIL support=212 parity=8 residual=24 vars=4,5, neg=7 pos=8
FAIL support=212 parity=8 residual=25 vars=1,4,5, neg=7 pos=8
FAIL support=212 parity=8 residual=26 vars=2,4,5, neg=7 pos=8
FAIL support=212 parity=8 residual=27 vars=1,2,4,5, neg=7 pos=8
FAIL support=212 parity=8 residual=28 vars=3,4,5, neg=7 pos=8
FAIL support=212 parity=8 residual=29 vars=1,3,4,5, neg=7 pos=8
FAIL support=212 parity=8 residual=30 vars=2,3,4,5, neg=7 pos=8
FAIL support=212 parity=8 residual=31 vars=1,2,3,4,5, neg=7 pos=8
FAIL support=212 parity=10 residual=17 vars=1,5, neg=7 pos=8
FAIL support=212 parity=10 residual=19 vars=1,2,5, neg=7 pos=8
FAIL support=212 parity=10 residual=21 vars=1,3,5, neg=7 pos=8
FAIL support=212 parity=10 residual=23 vars=1,2,3,5, neg=7 pos=8
FAIL support=212 parity=10 residual=24 vars=4,5, neg=7 pos=8
FAIL support=212 parity=10 residual=25 vars=1,4,5, neg=7 pos=8
FAIL support=212 parity=10 residual=26 vars=2,4,5, neg=7 pos=8
FAIL support=212 parity=10 residual=27 vars=1,2,4,5, neg=7 pos=8
FAIL support=212 parity=10 residual=28 vars=3,4,5, neg=7 pos=8
FAIL support=212 parity=10 residual=29 vars=1,3,4,5, neg=7 pos=8
FAIL support=212 parity=10 residual=30 vars=2,3,4,5, neg=7 pos=8
FAIL support=212 parity=10 residual=31 vars=1,2,3,4,5, neg=7 pos=8
FAIL support=212 parity=13 residual=17 vars=1,5, neg=5 pos=10
FAIL support=212 parity=13 residual=19 vars=1,2,5, neg=5 pos=10
FAIL support=212 parity=13 residual=21 vars=1,3,5, neg=5 pos=10
FAIL support=212 parity=13 residual=23 vars=1,2,3,5, neg=5 pos=10
FAIL support=212 parity=13 residual=24 vars=4,5, neg=5 pos=10
FAIL support=212 parity=13 residual=25 vars=1,4,5, neg=5 pos=10
FAIL support=212 parity=13 residual=26 vars=2,4,5, neg=5 pos=10
FAIL support=212 parity=13 residual=27 vars=1,2,4,5, neg=5 pos=10
FAIL support=212 parity=13 residual=28 vars=3,4,5, neg=5 pos=10
FAIL support=212 parity=13 residual=29 vars=1,3,4,5, neg=5 pos=10
FAIL support=212 parity=13 residual=30 vars=2,3,4,5, neg=5 pos=10
FAIL support=212 parity=13 residual=31 vars=1,2,3,4,5, neg=5 pos=10
FAIL support=212 parity=15 residual=17 vars=1,5, neg=7 pos=8
FAIL support=212 parity=15 residual=19 vars=1,2,5, neg=7 pos=8
FAIL support=212 parity=15 residual=21 vars=1,3,5, neg=7 pos=8
FAIL support=212 parity=15 residual=23 vars=1,2,3,5, neg=7 pos=8
FAIL support=212 parity=15 residual=24 vars=4,5, neg=7 pos=8
FAIL support=212 parity=15 residual=25 vars=1,4,5, neg=7 pos=8
FAIL support=212 parity=15 residual=26 vars=2,4,5, neg=7 pos=8
FAIL support=212 parity=15 residual=27 vars=1,2,4,5, neg=7 pos=8
FAIL support=212 parity=15 residual=28 vars=3,4,5, neg=7 pos=8
FAIL support=212 parity=15 residual=29 vars=1,3,4,5, neg=7 pos=8
FAIL support=212 parity=15 residual=30 vars=2,3,4,5, neg=7 pos=8
FAIL support=212 parity=15 residual=31 vars=1,2,3,4,5, neg=7 pos=8
FAIL support=212 parity=17 residual=17 vars=1,5, neg=6 pos=9
FAIL support=212 parity=17 residual=19 vars=1,2,5, neg=6 pos=9
FAIL support=212 parity=17 residual=21 vars=1,3,5, neg=6 pos=9
FAIL support=212 parity=17 residual=23 vars=1,2,3,5, neg=6 pos=9
FAIL support=212 parity=17 residual=24 vars=4,5, neg=6 pos=9
FAIL support=212 parity=17 residual=25 vars=1,4,5, neg=6 pos=9
FAIL support=212 parity=17 residual=26 vars=2,4,5, neg=6 pos=9
FAIL support=212 parity=17 residual=27 vars=1,2,4,5, neg=6 pos=9
FAIL support=212 parity=17 residual=28 vars=3,4,5, neg=6 pos=9
FAIL support=212 parity=17 residual=29 vars=1,3,4,5, neg=6 pos=9
FAIL support=212 parity=17 residual=30 vars=2,3,4,5, neg=6 pos=9
FAIL support=212 parity=17 residual=31 vars=1,2,3,4,5, neg=6 pos=9
FAIL support=212 parity=19 residual=17 vars=1,5, neg=6 pos=9
FAIL support=212 parity=19 residual=19 vars=1,2,5, neg=6 pos=9
FAIL support=212 parity=19 residual=21 vars=1,3,5, neg=6 pos=9
FAIL support=212 parity=19 residual=23 vars=1,2,3,5, neg=6 pos=9
FAIL support=212 parity=19 residual=24 vars=4,5, neg=6 pos=9
FAIL support=212 parity=19 residual=25 vars=1,4,5, neg=6 pos=9
FAIL support=212 parity=19 residual=26 vars=2,4,5, neg=6 pos=9
FAIL support=212 parity=19 residual=27 vars=1,2,4,5, neg=6 pos=9
FAIL support=212 parity=19 residual=28 vars=3,4,5, neg=6 pos=9
FAIL support=212 parity=19 residual=29 vars=1,3,4,5, neg=6 pos=9
FAIL support=212 parity=19 residual=30 vars=2,3,4,5, neg=6 pos=9
FAIL support=212 parity=19 residual=31 vars=1,2,3,4,5, neg=6 pos=9
FAIL support=212 parity=20 residual=17 vars=1,5, neg=6 pos=9
FAIL support=212 parity=20 residual=19 vars=1,2,5, neg=6 pos=9
FAIL support=212 parity=20 residual=21 vars=1,3,5, neg=6 pos=9
FAIL support=212 parity=20 residual=23 vars=1,2,3,5, neg=6 pos=9
FAIL support=212 parity=20 residual=24 vars=4,5, neg=6 pos=9
FAIL support=212 parity=20 residual=25 vars=1,4,5, neg=6 pos=9
FAIL support=212 parity=20 residual=26 vars=2,4,5, neg=6 pos=9
FAIL support=212 parity=20 residual=27 vars=1,2,4,5, neg=6 pos=9
FAIL support=212 parity=20 residual=28 vars=3,4,5, neg=6 pos=9
FAIL support=212 parity=20 residual=29 vars=1,3,4,5, neg=6 pos=9
FAIL support=212 parity=20 residual=30 vars=2,3,4,5, neg=6 pos=9
FAIL support=212 parity=20 residual=31 vars=1,2,3,4,5, neg=6 pos=9
FAIL support=212 parity=22 residual=17 vars=1,5, neg=4 pos=11
FAIL support=212 parity=22 residual=19 vars=1,2,5, neg=4 pos=11
FAIL support=212 parity=22 residual=21 vars=1,3,5, neg=4 pos=11
FAIL support=212 parity=22 residual=23 vars=1,2,3,5, neg=4 pos=11
FAIL support=212 parity=22 residual=24 vars=4,5, neg=4 pos=11
FAIL support=212 parity=22 residual=25 vars=1,4,5, neg=4 pos=11
FAIL support=212 parity=22 residual=26 vars=2,4,5, neg=4 pos=11
FAIL support=212 parity=22 residual=27 vars=1,2,4,5, neg=4 pos=11
FAIL support=212 parity=22 residual=28 vars=3,4,5, neg=4 pos=11
FAIL support=212 parity=22 residual=29 vars=1,3,4,5, neg=4 pos=11
FAIL support=212 parity=22 residual=30 vars=2,3,4,5, neg=4 pos=11
FAIL support=212 parity=22 residual=31 vars=1,2,3,4,5, neg=4 pos=11
FAIL support=212 parity=28 residual=17 vars=1,5, neg=7 pos=8
FAIL support=212 parity=28 residual=19 vars=1,2,5, neg=7 pos=8
FAIL support=212 parity=28 residual=21 vars=1,3,5, neg=7 pos=8
FAIL support=212 parity=28 residual=23 vars=1,2,3,5, neg=7 pos=8
FAIL support=212 parity=28 residual=25 vars=1,4,5, neg=7 pos=8
FAIL support=212 parity=28 residual=27 vars=1,2,4,5, neg=7 pos=8
FAIL support=212 parity=28 residual=29 vars=1,3,4,5, neg=7 pos=8
FAIL support=212 parity=28 residual=31 vars=1,2,3,4,5, neg=7 pos=8
FAIL support=212 parity=30 residual=17 vars=1,5, neg=5 pos=10
FAIL support=212 parity=30 residual=19 vars=1,2,5, neg=5 pos=10
FAIL support=212 parity=30 residual=21 vars=1,3,5, neg=5 pos=10
FAIL support=212 parity=30 residual=23 vars=1,2,3,5, neg=5 pos=10
FAIL support=212 parity=30 residual=25 vars=1,4,5, neg=5 pos=10
FAIL support=212 parity=30 residual=27 vars=1,2,4,5, neg=5 pos=10
FAIL support=212 parity=30 residual=29 vars=1,3,4,5, neg=5 pos=10
FAIL support=212 parity=30 residual=31 vars=1,2,3,4,5, neg=5 pos=10
FAIL support=213 parity=4 residual=12 vars=4,5, neg=7 pos=8
FAIL support=213 parity=4 residual=13 vars=2,4,5, neg=7 pos=8
FAIL support=213 parity=4 residual=14 vars=3,4,5, neg=7 pos=8
FAIL support=213 parity=4 residual=15 vars=2,3,4,5, neg=7 pos=8
FAIL support=213 parity=7 residual=12 vars=4,5, neg=6 pos=9
FAIL support=213 parity=7 residual=13 vars=2,4,5, neg=6 pos=9
FAIL support=213 parity=7 residual=14 vars=3,4,5, neg=6 pos=9
FAIL support=213 parity=7 residual=15 vars=2,3,4,5, neg=6 pos=9
FAIL support=213 parity=9 residual=12 vars=4,5, neg=7 pos=8
FAIL support=213 parity=9 residual=13 vars=2,4,5, neg=7 pos=8
FAIL support=213 parity=9 residual=14 vars=3,4,5, neg=7 pos=8
FAIL support=213 parity=9 residual=15 vars=2,3,4,5, neg=7 pos=8
FAIL support=213 parity=10 residual=12 vars=4,5, neg=6 pos=9
FAIL support=213 parity=10 residual=13 vars=2,4,5, neg=6 pos=9
FAIL support=213 parity=10 residual=14 vars=3,4,5, neg=6 pos=9
FAIL support=213 parity=10 residual=15 vars=2,3,4,5, neg=6 pos=9
FAIL support=214 parity=8 residual=24 vars=4,5, neg=7 pos=8
FAIL support=214 parity=8 residual=25 vars=1,4,5, neg=7 pos=8
FAIL support=214 parity=8 residual=26 vars=2,4,5, neg=7 pos=8
FAIL support=214 parity=8 residual=27 vars=1,2,4,5, neg=7 pos=8
FAIL support=214 parity=8 residual=28 vars=3,4,5, neg=7 pos=8
FAIL support=214 parity=8 residual=29 vars=1,3,4,5, neg=7 pos=8
FAIL support=214 parity=8 residual=30 vars=2,3,4,5, neg=7 pos=8
FAIL support=214 parity=8 residual=31 vars=1,2,3,4,5, neg=7 pos=8
FAIL support=214 parity=9 residual=24 vars=4,5, neg=6 pos=9
FAIL support=214 parity=9 residual=25 vars=1,4,5, neg=6 pos=9
FAIL support=214 parity=9 residual=26 vars=2,4,5, neg=6 pos=9
FAIL support=214 parity=9 residual=27 vars=1,2,4,5, neg=6 pos=9
FAIL support=214 parity=9 residual=28 vars=3,4,5, neg=6 pos=9
FAIL support=214 parity=9 residual=29 vars=1,3,4,5, neg=6 pos=9
FAIL support=214 parity=9 residual=30 vars=2,3,4,5, neg=6 pos=9
FAIL support=214 parity=9 residual=31 vars=1,2,3,4,5, neg=6 pos=9
FAIL support=214 parity=14 residual=24 vars=4,5, neg=6 pos=9
FAIL support=214 parity=14 residual=25 vars=1,4,5, neg=6 pos=9
FAIL support=214 parity=14 residual=26 vars=2,4,5, neg=6 pos=9
FAIL support=214 parity=14 residual=27 vars=1,2,4,5, neg=6 pos=9
FAIL support=214 parity=14 residual=28 vars=3,4,5, neg=6 pos=9
FAIL support=214 parity=14 residual=29 vars=1,3,4,5, neg=6 pos=9
FAIL support=214 parity=14 residual=30 vars=2,3,4,5, neg=6 pos=9
FAIL support=214 parity=14 residual=31 vars=1,2,3,4,5, neg=6 pos=9
FAIL support=214 parity=15 residual=24 vars=4,5, neg=5 pos=10
FAIL support=214 parity=15 residual=25 vars=1,4,5, neg=5 pos=10
FAIL support=214 parity=15 residual=26 vars=2,4,5, neg=5 pos=10
FAIL support=214 parity=15 residual=27 vars=1,2,4,5, neg=5 pos=10
FAIL support=214 parity=15 residual=28 vars=3,4,5, neg=5 pos=10
FAIL support=214 parity=15 residual=29 vars=1,3,4,5, neg=5 pos=10
FAIL support=214 parity=15 residual=30 vars=2,3,4,5, neg=5 pos=10
FAIL support=214 parity=15 residual=31 vars=1,2,3,4,5, neg=5 pos=10
FAIL support=214 parity=18 residual=24 vars=4,5, neg=7 pos=8
FAIL support=214 parity=18 residual=25 vars=1,4,5, neg=7 pos=8
FAIL support=214 parity=18 residual=26 vars=2,4,5, neg=7 pos=8
FAIL support=214 parity=18 residual=27 vars=1,2,4,5, neg=7 pos=8
FAIL support=214 parity=18 residual=28 vars=3,4,5, neg=7 pos=8
FAIL support=214 parity=18 residual=29 vars=1,3,4,5, neg=7 pos=8
FAIL support=214 parity=18 residual=30 vars=2,3,4,5, neg=7 pos=8
FAIL support=214 parity=18 residual=31 vars=1,2,3,4,5, neg=7 pos=8
FAIL support=214 parity=19 residual=24 vars=4,5, neg=8 pos=7
FAIL support=214 parity=19 residual=25 vars=1,4,5, neg=8 pos=7
FAIL support=214 parity=19 residual=26 vars=2,4,5, neg=8 pos=7
FAIL support=214 parity=19 residual=27 vars=1,2,4,5, neg=8 pos=7
FAIL support=214 parity=19 residual=28 vars=3,4,5, neg=8 pos=7
FAIL support=214 parity=19 residual=29 vars=1,3,4,5, neg=8 pos=7
FAIL support=214 parity=19 residual=30 vars=2,3,4,5, neg=8 pos=7
FAIL support=214 parity=19 residual=31 vars=1,2,3,4,5, neg=8 pos=7
FAIL support=214 parity=20 residual=24 vars=4,5, neg=6 pos=9
FAIL support=214 parity=20 residual=25 vars=1,4,5, neg=6 pos=9
FAIL support=214 parity=20 residual=26 vars=2,4,5, neg=6 pos=9
FAIL support=214 parity=20 residual=27 vars=1,2,4,5, neg=6 pos=9
FAIL support=214 parity=20 residual=28 vars=3,4,5, neg=6 pos=9
FAIL support=214 parity=20 residual=29 vars=1,3,4,5, neg=6 pos=9
FAIL support=214 parity=20 residual=30 vars=2,3,4,5, neg=6 pos=9
FAIL support=214 parity=20 residual=31 vars=1,2,3,4,5, neg=6 pos=9
FAIL support=214 parity=21 residual=24 vars=4,5, neg=7 pos=8
FAIL support=214 parity=21 residual=25 vars=1,4,5, neg=7 pos=8
FAIL support=214 parity=21 residual=26 vars=2,4,5, neg=7 pos=8
FAIL support=214 parity=21 residual=27 vars=1,2,4,5, neg=7 pos=8
FAIL support=214 parity=21 residual=28 vars=3,4,5, neg=7 pos=8
FAIL support=214 parity=21 residual=29 vars=1,3,4,5, neg=7 pos=8
FAIL support=214 parity=21 residual=30 vars=2,3,4,5, neg=7 pos=8
FAIL support=214 parity=21 residual=31 vars=1,2,3,4,5, neg=7 pos=8
FAIL support=215 parity=5 residual=17 vars=1,5, neg=6 pos=9
FAIL support=215 parity=5 residual=19 vars=1,2,5, neg=6 pos=9
FAIL support=215 parity=5 residual=21 vars=1,3,5, neg=6 pos=9
FAIL support=215 parity=5 residual=23 vars=1,2,3,5, neg=6 pos=9
FAIL support=215 parity=5 residual=25 vars=1,4,5, neg=6 pos=9
FAIL support=215 parity=5 residual=27 vars=1,2,4,5, neg=6 pos=9
FAIL support=215 parity=5 residual=29 vars=1,3,4,5, neg=6 pos=9
FAIL support=215 parity=5 residual=31 vars=1,2,3,4,5, neg=6 pos=9
FAIL support=215 parity=6 residual=17 vars=1,5, neg=5 pos=10
FAIL support=215 parity=6 residual=19 vars=1,2,5, neg=5 pos=10
FAIL support=215 parity=6 residual=21 vars=1,3,5, neg=5 pos=10
FAIL support=215 parity=6 residual=23 vars=1,2,3,5, neg=5 pos=10
FAIL support=215 parity=6 residual=25 vars=1,4,5, neg=5 pos=10
FAIL support=215 parity=6 residual=27 vars=1,2,4,5, neg=5 pos=10
FAIL support=215 parity=6 residual=29 vars=1,3,4,5, neg=5 pos=10
FAIL support=215 parity=6 residual=31 vars=1,2,3,4,5, neg=5 pos=10
FAIL support=215 parity=8 residual=17 vars=1,5, neg=7 pos=8
FAIL support=215 parity=8 residual=19 vars=1,2,5, neg=7 pos=8
FAIL support=215 parity=8 residual=21 vars=1,3,5, neg=7 pos=8
FAIL support=215 parity=8 residual=23 vars=1,2,3,5, neg=7 pos=8
FAIL support=215 parity=8 residual=24 vars=4,5, neg=7 pos=8
FAIL support=215 parity=8 residual=25 vars=1,4,5, neg=7 pos=8
FAIL support=215 parity=8 residual=26 vars=2,4,5, neg=7 pos=8
FAIL support=215 parity=8 residual=27 vars=1,2,4,5, neg=7 pos=8
FAIL support=215 parity=8 residual=28 vars=3,4,5, neg=7 pos=8
FAIL support=215 parity=8 residual=29 vars=1,3,4,5, neg=7 pos=8
FAIL support=215 parity=8 residual=30 vars=2,3,4,5, neg=7 pos=8
FAIL support=215 parity=8 residual=31 vars=1,2,3,4,5, neg=7 pos=8
FAIL support=215 parity=11 residual=17 vars=1,5, neg=6 pos=9
FAIL support=215 parity=11 residual=19 vars=1,2,5, neg=6 pos=9
FAIL support=215 parity=11 residual=21 vars=1,3,5, neg=6 pos=9
FAIL support=215 parity=11 residual=23 vars=1,2,3,5, neg=6 pos=9
FAIL support=215 parity=11 residual=24 vars=4,5, neg=6 pos=9
FAIL support=215 parity=11 residual=25 vars=1,4,5, neg=6 pos=9
FAIL support=215 parity=11 residual=26 vars=2,4,5, neg=6 pos=9
FAIL support=215 parity=11 residual=27 vars=1,2,4,5, neg=6 pos=9
FAIL support=215 parity=11 residual=28 vars=3,4,5, neg=6 pos=9
FAIL support=215 parity=11 residual=29 vars=1,3,4,5, neg=6 pos=9
FAIL support=215 parity=11 residual=30 vars=2,3,4,5, neg=6 pos=9
FAIL support=215 parity=11 residual=31 vars=1,2,3,4,5, neg=6 pos=9
FAIL support=215 parity=13 residual=16 vars=5, neg=5 pos=10
FAIL support=215 parity=13 residual=17 vars=1,5, neg=5 pos=10
FAIL support=215 parity=13 residual=19 vars=1,2,5, neg=5 pos=10
FAIL support=215 parity=13 residual=21 vars=1,3,5, neg=5 pos=10
FAIL support=215 parity=13 residual=23 vars=1,2,3,5, neg=5 pos=10
FAIL support=215 parity=13 residual=24 vars=4,5, neg=5 pos=10
FAIL support=215 parity=13 residual=25 vars=1,4,5, neg=5 pos=10
FAIL support=215 parity=13 residual=26 vars=2,4,5, neg=5 pos=10
FAIL support=215 parity=13 residual=27 vars=1,2,4,5, neg=5 pos=10
FAIL support=215 parity=13 residual=28 vars=3,4,5, neg=5 pos=10
FAIL support=215 parity=13 residual=29 vars=1,3,4,5, neg=5 pos=10
FAIL support=215 parity=13 residual=30 vars=2,3,4,5, neg=5 pos=10
FAIL support=215 parity=13 residual=31 vars=1,2,3,4,5, neg=5 pos=10
FAIL support=215 parity=14 residual=16 vars=5, neg=6 pos=9
FAIL support=215 parity=14 residual=17 vars=1,5, neg=6 pos=9
FAIL support=215 parity=14 residual=18 vars=2,5, neg=6 pos=9
FAIL support=215 parity=14 residual=19 vars=1,2,5, neg=6 pos=9
FAIL support=215 parity=14 residual=21 vars=1,3,5, neg=6 pos=9
FAIL support=215 parity=14 residual=23 vars=1,2,3,5, neg=6 pos=9
FAIL support=215 parity=14 residual=24 vars=4,5, neg=6 pos=9
FAIL support=215 parity=14 residual=25 vars=1,4,5, neg=6 pos=9
FAIL support=215 parity=14 residual=26 vars=2,4,5, neg=6 pos=9
FAIL support=215 parity=14 residual=27 vars=1,2,4,5, neg=6 pos=9
FAIL support=215 parity=14 residual=28 vars=3,4,5, neg=6 pos=9
FAIL support=215 parity=14 residual=29 vars=1,3,4,5, neg=6 pos=9
FAIL support=215 parity=14 residual=30 vars=2,3,4,5, neg=6 pos=9
FAIL support=215 parity=14 residual=31 vars=1,2,3,4,5, neg=6 pos=9
FAIL support=215 parity=17 residual=17 vars=1,5, neg=6 pos=9
FAIL support=215 parity=17 residual=19 vars=1,2,5, neg=6 pos=9
FAIL support=215 parity=17 residual=21 vars=1,3,5, neg=6 pos=9
FAIL support=215 parity=17 residual=23 vars=1,2,3,5, neg=6 pos=9
FAIL support=215 parity=17 residual=24 vars=4,5, neg=6 pos=9
FAIL support=215 parity=17 residual=25 vars=1,4,5, neg=6 pos=9
FAIL support=215 parity=17 residual=26 vars=2,4,5, neg=6 pos=9
FAIL support=215 parity=17 residual=27 vars=1,2,4,5, neg=6 pos=9
FAIL support=215 parity=17 residual=28 vars=3,4,5, neg=6 pos=9
FAIL support=215 parity=17 residual=29 vars=1,3,4,5, neg=6 pos=9
FAIL support=215 parity=17 residual=30 vars=2,3,4,5, neg=6 pos=9
FAIL support=215 parity=17 residual=31 vars=1,2,3,4,5, neg=6 pos=9
FAIL support=215 parity=18 residual=17 vars=1,5, neg=7 pos=8
FAIL support=215 parity=18 residual=19 vars=1,2,5, neg=7 pos=8
FAIL support=215 parity=18 residual=21 vars=1,3,5, neg=7 pos=8
FAIL support=215 parity=18 residual=23 vars=1,2,3,5, neg=7 pos=8
FAIL support=215 parity=18 residual=24 vars=4,5, neg=7 pos=8
FAIL support=215 parity=18 residual=25 vars=1,4,5, neg=7 pos=8
FAIL support=215 parity=18 residual=26 vars=2,4,5, neg=7 pos=8
FAIL support=215 parity=18 residual=27 vars=1,2,4,5, neg=7 pos=8
FAIL support=215 parity=18 residual=28 vars=3,4,5, neg=7 pos=8
FAIL support=215 parity=18 residual=29 vars=1,3,4,5, neg=7 pos=8
FAIL support=215 parity=18 residual=30 vars=2,3,4,5, neg=7 pos=8
FAIL support=215 parity=18 residual=31 vars=1,2,3,4,5, neg=7 pos=8
FAIL support=215 parity=20 residual=16 vars=5, neg=6 pos=9
FAIL support=215 parity=20 residual=17 vars=1,5, neg=6 pos=9
FAIL support=215 parity=20 residual=18 vars=2,5, neg=6 pos=9
FAIL support=215 parity=20 residual=19 vars=1,2,5, neg=6 pos=9
FAIL support=215 parity=20 residual=21 vars=1,3,5, neg=6 pos=9
FAIL support=215 parity=20 residual=23 vars=1,2,3,5, neg=6 pos=9
FAIL support=215 parity=20 residual=24 vars=4,5, neg=6 pos=9
FAIL support=215 parity=20 residual=25 vars=1,4,5, neg=6 pos=9
FAIL support=215 parity=20 residual=26 vars=2,4,5, neg=6 pos=9
FAIL support=215 parity=20 residual=27 vars=1,2,4,5, neg=6 pos=9
FAIL support=215 parity=20 residual=28 vars=3,4,5, neg=6 pos=9
FAIL support=215 parity=20 residual=29 vars=1,3,4,5, neg=6 pos=9
FAIL support=215 parity=20 residual=30 vars=2,3,4,5, neg=6 pos=9
FAIL support=215 parity=20 residual=31 vars=1,2,3,4,5, neg=6 pos=9
FAIL support=215 parity=23 residual=16 vars=5, neg=5 pos=10
FAIL support=215 parity=23 residual=17 vars=1,5, neg=5 pos=10
FAIL support=215 parity=23 residual=18 vars=2,5, neg=5 pos=10
FAIL support=215 parity=23 residual=19 vars=1,2,5, neg=5 pos=10
FAIL support=215 parity=23 residual=21 vars=1,3,5, neg=5 pos=10
FAIL support=215 parity=23 residual=23 vars=1,2,3,5, neg=5 pos=10
FAIL support=215 parity=23 residual=24 vars=4,5, neg=5 pos=10
FAIL support=215 parity=23 residual=25 vars=1,4,5, neg=5 pos=10
FAIL support=215 parity=23 residual=26 vars=2,4,5, neg=5 pos=10
FAIL support=215 parity=23 residual=27 vars=1,2,4,5, neg=5 pos=10
FAIL support=215 parity=23 residual=28 vars=3,4,5, neg=5 pos=10
FAIL support=215 parity=23 residual=29 vars=1,3,4,5, neg=5 pos=10
FAIL support=215 parity=23 residual=30 vars=2,3,4,5, neg=5 pos=10
FAIL support=215 parity=23 residual=31 vars=1,2,3,4,5, neg=5 pos=10
FAIL support=215 parity=28 residual=17 vars=1,5, neg=7 pos=8
FAIL support=215 parity=28 residual=19 vars=1,2,5, neg=7 pos=8
FAIL support=215 parity=28 residual=21 vars=1,3,5, neg=7 pos=8
FAIL support=215 parity=28 residual=23 vars=1,2,3,5, neg=7 pos=8
FAIL support=215 parity=28 residual=25 vars=1,4,5, neg=7 pos=8
FAIL support=215 parity=28 residual=27 vars=1,2,4,5, neg=7 pos=8
FAIL support=215 parity=28 residual=29 vars=1,3,4,5, neg=7 pos=8
FAIL support=215 parity=28 residual=31 vars=1,2,3,4,5, neg=7 pos=8
FAIL support=215 parity=31 residual=17 vars=1,5, neg=4 pos=11
FAIL support=215 parity=31 residual=19 vars=1,2,5, neg=4 pos=11
FAIL support=215 parity=31 residual=21 vars=1,3,5, neg=4 pos=11
FAIL support=215 parity=31 residual=23 vars=1,2,3,5, neg=4 pos=11
FAIL support=215 parity=31 residual=25 vars=1,4,5, neg=4 pos=11
FAIL support=215 parity=31 residual=27 vars=1,2,4,5, neg=4 pos=11
FAIL support=215 parity=31 residual=29 vars=1,3,4,5, neg=4 pos=11
FAIL support=215 parity=31 residual=31 vars=1,2,3,4,5, neg=4 pos=11
FAIL support=218 parity=3 residual=1 vars=1, neg=7 pos=8
FAIL support=218 parity=3 residual=4 vars=5, neg=7 pos=8
FAIL support=218 parity=3 residual=5 vars=1,5, neg=7 pos=8
FAIL support=218 parity=3 residual=7 vars=1,4,5, neg=7 pos=8
FAIL support=218 parity=5 residual=4 vars=5, neg=6 pos=9
FAIL support=218 parity=5 residual=5 vars=1,5, neg=6 pos=9
FAIL support=218 parity=5 residual=7 vars=1,4,5, neg=6 pos=9
FAIL support=221 parity=5 residual=9 vars=1,5, neg=7 pos=8
FAIL support=221 parity=5 residual=11 vars=1,2,5, neg=7 pos=8
FAIL support=221 parity=5 residual=13 vars=1,4,5, neg=7 pos=8
FAIL support=221 parity=5 residual=15 vars=1,2,4,5, neg=7 pos=8
FAIL support=221 parity=7 residual=9 vars=1,5, neg=9 pos=6
FAIL support=221 parity=7 residual=11 vars=1,2,5, neg=9 pos=6
FAIL support=221 parity=7 residual=13 vars=1,4,5, neg=9 pos=6
FAIL support=221 parity=7 residual=15 vars=1,2,4,5, neg=9 pos=6
FAIL support=221 parity=9 residual=9 vars=1,5, neg=6 pos=9
FAIL support=221 parity=9 residual=11 vars=1,2,5, neg=6 pos=9
FAIL support=221 parity=9 residual=13 vars=1,4,5, neg=6 pos=9
FAIL support=221 parity=9 residual=15 vars=1,2,4,5, neg=6 pos=9
FAIL support=221 parity=11 residual=9 vars=1,5, neg=6 pos=9
FAIL support=221 parity=11 residual=11 vars=1,2,5, neg=6 pos=9
FAIL support=221 parity=11 residual=13 vars=1,4,5, neg=6 pos=9
FAIL support=221 parity=11 residual=15 vars=1,2,4,5, neg=6 pos=9
FAIL support=222 parity=3 residual=4 vars=5, neg=8 pos=7
FAIL support=222 parity=3 residual=5 vars=2,5, neg=8 pos=7
FAIL support=223 parity=6 residual=15 vars=1,2,4,5, neg=8 pos=7
FAIL support=223 parity=7 residual=8 vars=5, neg=7 pos=8
FAIL support=223 parity=7 residual=15 vars=1,2,4,5, neg=7 pos=8
FAIL support=223 parity=10 residual=15 vars=1,2,4,5, neg=7 pos=8
FAIL support=223 parity=11 residual=15 vars=1,2,4,5, neg=8 pos=7
FAIL support=224 parity=5 residual=8 vars=5, neg=7 pos=8
FAIL support=224 parity=5 residual=9 vars=1,5, neg=7 pos=8
FAIL support=224 parity=5 residual=10 vars=2,5, neg=7 pos=8
FAIL support=224 parity=5 residual=11 vars=1,2,5, neg=7 pos=8
FAIL support=224 parity=5 residual=13 vars=1,4,5, neg=7 pos=8
FAIL support=224 parity=5 residual=15 vars=1,2,4,5, neg=7 pos=8
FAIL support=224 parity=6 residual=8 vars=5, neg=8 pos=7
FAIL support=224 parity=6 residual=9 vars=1,5, neg=8 pos=7
FAIL support=224 parity=6 residual=10 vars=2,5, neg=8 pos=7
FAIL support=224 parity=6 residual=11 vars=1,2,5, neg=8 pos=7
FAIL support=224 parity=6 residual=13 vars=1,4,5, neg=8 pos=7
FAIL support=224 parity=6 residual=15 vars=1,2,4,5, neg=8 pos=7
FAIL support=224 parity=9 residual=8 vars=5, neg=6 pos=9
FAIL support=224 parity=9 residual=9 vars=1,5, neg=6 pos=9
FAIL support=224 parity=9 residual=11 vars=1,2,5, neg=6 pos=9
FAIL support=224 parity=9 residual=13 vars=1,4,5, neg=6 pos=9
FAIL support=224 parity=9 residual=15 vars=1,2,4,5, neg=6 pos=9
FAIL support=224 parity=10 residual=8 vars=5, neg=7 pos=8
FAIL support=224 parity=10 residual=9 vars=1,5, neg=7 pos=8
FAIL support=224 parity=10 residual=10 vars=2,5, neg=7 pos=8
FAIL support=224 parity=10 residual=11 vars=1,2,5, neg=7 pos=8
FAIL support=224 parity=10 residual=13 vars=1,4,5, neg=7 pos=8
FAIL support=224 parity=10 residual=15 vars=1,2,4,5, neg=7 pos=8
FAIL support=225 parity=7 residual=4 vars=5, neg=5 pos=10
FAIL support=227 parity=2 residual=9 vars=1,5, neg=6 pos=9
FAIL support=227 parity=2 residual=11 vars=1,3,5, neg=6 pos=9
FAIL support=227 parity=2 residual=13 vars=1,4,5, neg=6 pos=9
FAIL support=227 parity=2 residual=15 vars=1,3,4,5, neg=6 pos=9
FAIL support=227 parity=5 residual=9 vars=1,5, neg=7 pos=8
FAIL support=227 parity=5 residual=11 vars=1,3,5, neg=7 pos=8
FAIL support=227 parity=5 residual=13 vars=1,4,5, neg=7 pos=8
FAIL support=227 parity=5 residual=15 vars=1,3,4,5, neg=7 pos=8
FAIL support=227 parity=7 residual=9 vars=1,5, neg=5 pos=10
FAIL support=227 parity=7 residual=11 vars=1,3,5, neg=5 pos=10
FAIL support=227 parity=7 residual=13 vars=1,4,5, neg=5 pos=10
FAIL support=227 parity=7 residual=15 vars=1,3,4,5, neg=5 pos=10
FAIL support=227 parity=9 residual=9 vars=1,5, neg=6 pos=9
FAIL support=227 parity=9 residual=11 vars=1,3,5, neg=6 pos=9
FAIL support=227 parity=9 residual=13 vars=1,4,5, neg=6 pos=9
FAIL support=227 parity=9 residual=15 vars=1,3,4,5, neg=6 pos=9
FAIL support=227 parity=11 residual=9 vars=1,5, neg=6 pos=9
FAIL support=227 parity=11 residual=11 vars=1,3,5, neg=6 pos=9
FAIL support=227 parity=11 residual=13 vars=1,4,5, neg=6 pos=9
FAIL support=227 parity=11 residual=15 vars=1,3,4,5, neg=6 pos=9
FAIL support=227 parity=14 residual=8 vars=5, neg=5 pos=10
FAIL support=227 parity=14 residual=9 vars=1,5, neg=5 pos=10
FAIL support=227 parity=14 residual=11 vars=1,3,5, neg=5 pos=10
FAIL support=227 parity=14 residual=13 vars=1,4,5, neg=5 pos=10
FAIL support=227 parity=14 residual=15 vars=1,3,4,5, neg=5 pos=10
FAIL support=230 parity=4 residual=17 vars=1,5, neg=6 pos=9
FAIL support=230 parity=4 residual=19 vars=1,2,5, neg=6 pos=9
FAIL support=230 parity=4 residual=21 vars=1,3,5, neg=6 pos=9
FAIL support=230 parity=4 residual=23 vars=1,2,3,5, neg=6 pos=9
FAIL support=230 parity=4 residual=25 vars=1,4,5, neg=6 pos=9
FAIL support=230 parity=4 residual=27 vars=1,2,4,5, neg=6 pos=9
FAIL support=230 parity=4 residual=29 vars=1,3,4,5, neg=6 pos=9
FAIL support=230 parity=4 residual=31 vars=1,2,3,4,5, neg=6 pos=9
FAIL support=230 parity=6 residual=17 vars=1,5, neg=4 pos=11
FAIL support=230 parity=6 residual=19 vars=1,2,5, neg=4 pos=11
FAIL support=230 parity=6 residual=21 vars=1,3,5, neg=4 pos=11
FAIL support=230 parity=6 residual=23 vars=1,2,3,5, neg=4 pos=11
FAIL support=230 parity=6 residual=25 vars=1,4,5, neg=4 pos=11
FAIL support=230 parity=6 residual=27 vars=1,2,4,5, neg=4 pos=11
FAIL support=230 parity=6 residual=29 vars=1,3,4,5, neg=4 pos=11
FAIL support=230 parity=6 residual=31 vars=1,2,3,4,5, neg=4 pos=11
FAIL support=230 parity=9 residual=17 vars=1,5, neg=7 pos=8
FAIL support=230 parity=9 residual=19 vars=1,2,5, neg=7 pos=8
FAIL support=230 parity=9 residual=21 vars=1,3,5, neg=7 pos=8
FAIL support=230 parity=9 residual=23 vars=1,2,3,5, neg=7 pos=8
FAIL support=230 parity=9 residual=25 vars=1,4,5, neg=7 pos=8
FAIL support=230 parity=9 residual=27 vars=1,2,4,5, neg=7 pos=8
FAIL support=230 parity=9 residual=29 vars=1,3,4,5, neg=7 pos=8
FAIL support=230 parity=9 residual=31 vars=1,2,3,4,5, neg=7 pos=8
FAIL support=230 parity=11 residual=17 vars=1,5, neg=9 pos=6
FAIL support=230 parity=11 residual=19 vars=1,2,5, neg=9 pos=6
FAIL support=230 parity=11 residual=21 vars=1,3,5, neg=9 pos=6
FAIL support=230 parity=11 residual=23 vars=1,2,3,5, neg=9 pos=6
FAIL support=230 parity=11 residual=25 vars=1,4,5, neg=9 pos=6
FAIL support=230 parity=11 residual=27 vars=1,2,4,5, neg=9 pos=6
FAIL support=230 parity=11 residual=29 vars=1,3,4,5, neg=9 pos=6
FAIL support=230 parity=11 residual=31 vars=1,2,3,4,5, neg=9 pos=6
FAIL support=230 parity=13 residual=17 vars=1,5, neg=5 pos=10
FAIL support=230 parity=13 residual=19 vars=1,2,5, neg=5 pos=10
FAIL support=230 parity=13 residual=21 vars=1,3,5, neg=5 pos=10
FAIL support=230 parity=13 residual=23 vars=1,2,3,5, neg=5 pos=10
FAIL support=230 parity=13 residual=25 vars=1,4,5, neg=5 pos=10
FAIL support=230 parity=13 residual=27 vars=1,2,4,5, neg=5 pos=10
FAIL support=230 parity=13 residual=29 vars=1,3,4,5, neg=5 pos=10
FAIL support=230 parity=13 residual=31 vars=1,2,3,4,5, neg=5 pos=10
FAIL support=230 parity=15 residual=17 vars=1,5, neg=5 pos=10
FAIL support=230 parity=15 residual=19 vars=1,2,5, neg=5 pos=10
FAIL support=230 parity=15 residual=21 vars=1,3,5, neg=5 pos=10
FAIL support=230 parity=15 residual=23 vars=1,2,3,5, neg=5 pos=10
FAIL support=230 parity=15 residual=25 vars=1,4,5, neg=5 pos=10
FAIL support=230 parity=15 residual=27 vars=1,2,4,5, neg=5 pos=10
FAIL support=230 parity=15 residual=29 vars=1,3,4,5, neg=5 pos=10
FAIL support=230 parity=15 residual=31 vars=1,2,3,4,5, neg=5 pos=10
FAIL support=230 parity=17 residual=17 vars=1,5, neg=6 pos=9
FAIL support=230 parity=17 residual=19 vars=1,2,5, neg=6 pos=9
FAIL support=230 parity=17 residual=21 vars=1,3,5, neg=6 pos=9
FAIL support=230 parity=17 residual=23 vars=1,2,3,5, neg=6 pos=9
FAIL support=230 parity=17 residual=25 vars=1,4,5, neg=6 pos=9
FAIL support=230 parity=17 residual=27 vars=1,2,4,5, neg=6 pos=9
FAIL support=230 parity=17 residual=29 vars=1,3,4,5, neg=6 pos=9
FAIL support=230 parity=17 residual=31 vars=1,2,3,4,5, neg=6 pos=9
FAIL support=230 parity=19 residual=17 vars=1,5, neg=6 pos=9
FAIL support=230 parity=19 residual=19 vars=1,2,5, neg=6 pos=9
FAIL support=230 parity=19 residual=21 vars=1,3,5, neg=6 pos=9
FAIL support=230 parity=19 residual=23 vars=1,2,3,5, neg=6 pos=9
FAIL support=230 parity=19 residual=25 vars=1,4,5, neg=6 pos=9
FAIL support=230 parity=19 residual=27 vars=1,2,4,5, neg=6 pos=9
FAIL support=230 parity=19 residual=29 vars=1,3,4,5, neg=6 pos=9
FAIL support=230 parity=19 residual=31 vars=1,2,3,4,5, neg=6 pos=9
FAIL support=230 parity=21 residual=17 vars=1,5, neg=6 pos=9
FAIL support=230 parity=21 residual=19 vars=1,2,5, neg=6 pos=9
FAIL support=230 parity=21 residual=21 vars=1,3,5, neg=6 pos=9
FAIL support=230 parity=21 residual=23 vars=1,2,3,5, neg=6 pos=9
FAIL support=230 parity=21 residual=25 vars=1,4,5, neg=6 pos=9
FAIL support=230 parity=21 residual=27 vars=1,2,4,5, neg=6 pos=9
FAIL support=230 parity=21 residual=29 vars=1,3,4,5, neg=6 pos=9
FAIL support=230 parity=21 residual=31 vars=1,2,3,4,5, neg=6 pos=9
FAIL support=230 parity=23 residual=17 vars=1,5, neg=4 pos=11
FAIL support=230 parity=23 residual=19 vars=1,2,5, neg=4 pos=11
FAIL support=230 parity=23 residual=21 vars=1,3,5, neg=4 pos=11
FAIL support=230 parity=23 residual=23 vars=1,2,3,5, neg=4 pos=11
FAIL support=230 parity=23 residual=25 vars=1,4,5, neg=4 pos=11
FAIL support=230 parity=23 residual=27 vars=1,2,4,5, neg=4 pos=11
FAIL support=230 parity=23 residual=29 vars=1,3,4,5, neg=4 pos=11
FAIL support=230 parity=23 residual=31 vars=1,2,3,4,5, neg=4 pos=11
FAIL support=230 parity=28 residual=17 vars=1,5, neg=5 pos=10
FAIL support=230 parity=28 residual=19 vars=1,2,5, neg=5 pos=10
FAIL support=230 parity=28 residual=21 vars=1,3,5, neg=5 pos=10
FAIL support=230 parity=28 residual=23 vars=1,2,3,5, neg=5 pos=10
FAIL support=230 parity=28 residual=25 vars=1,4,5, neg=5 pos=10
FAIL support=230 parity=28 residual=27 vars=1,2,4,5, neg=5 pos=10
FAIL support=230 parity=28 residual=29 vars=1,3,4,5, neg=5 pos=10
FAIL support=230 parity=28 residual=31 vars=1,2,3,4,5, neg=5 pos=10
FAIL support=230 parity=30 residual=17 vars=1,5, neg=5 pos=10
FAIL support=230 parity=30 residual=19 vars=1,2,5, neg=5 pos=10
FAIL support=230 parity=30 residual=21 vars=1,3,5, neg=5 pos=10
FAIL support=230 parity=30 residual=23 vars=1,2,3,5, neg=5 pos=10
FAIL support=230 parity=30 residual=25 vars=1,4,5, neg=5 pos=10
FAIL support=230 parity=30 residual=27 vars=1,2,4,5, neg=5 pos=10
FAIL support=230 parity=30 residual=29 vars=1,3,4,5, neg=5 pos=10
FAIL support=230 parity=30 residual=31 vars=1,2,3,4,5, neg=5 pos=10
FAIL support=232 parity=10 residual=27 vars=1,2,4,5, neg=8 pos=7
FAIL support=232 parity=10 residual=31 vars=1,2,3,4,5, neg=8 pos=7
FAIL support=232 parity=11 residual=27 vars=1,2,4,5, neg=7 pos=8
FAIL support=232 parity=11 residual=31 vars=1,2,3,4,5, neg=7 pos=8
FAIL support=232 parity=14 residual=27 vars=1,2,4,5, neg=4 pos=11
FAIL support=232 parity=14 residual=31 vars=1,2,3,4,5, neg=4 pos=11
FAIL support=232 parity=15 residual=27 vars=1,2,4,5, neg=5 pos=10
FAIL support=232 parity=15 residual=31 vars=1,2,3,4,5, neg=5 pos=10
FAIL support=232 parity=18 residual=27 vars=1,2,4,5, neg=7 pos=8
FAIL support=232 parity=18 residual=31 vars=1,2,3,4,5, neg=7 pos=8
FAIL support=232 parity=19 residual=27 vars=1,2,4,5, neg=8 pos=7
FAIL support=232 parity=19 residual=31 vars=1,2,3,4,5, neg=8 pos=7
FAIL support=232 parity=22 residual=27 vars=1,2,4,5, neg=5 pos=10
FAIL support=232 parity=22 residual=31 vars=1,2,3,4,5, neg=5 pos=10
FAIL support=232 parity=23 residual=27 vars=1,2,4,5, neg=4 pos=11
FAIL support=232 parity=23 residual=31 vars=1,2,3,4,5, neg=4 pos=11
FAIL support=233 parity=4 residual=17 vars=1,5, neg=6 pos=9
FAIL support=233 parity=4 residual=19 vars=1,2,5, neg=6 pos=9
FAIL support=233 parity=4 residual=21 vars=1,3,5, neg=6 pos=9
FAIL support=233 parity=4 residual=23 vars=1,2,3,5, neg=6 pos=9
FAIL support=233 parity=4 residual=25 vars=1,4,5, neg=6 pos=9
FAIL support=233 parity=4 residual=27 vars=1,2,4,5, neg=6 pos=9
FAIL support=233 parity=4 residual=29 vars=1,3,4,5, neg=6 pos=9
FAIL support=233 parity=4 residual=31 vars=1,2,3,4,5, neg=6 pos=9
FAIL support=233 parity=7 residual=17 vars=1,5, neg=5 pos=10
FAIL support=233 parity=7 residual=19 vars=1,2,5, neg=5 pos=10
FAIL support=233 parity=7 residual=21 vars=1,3,5, neg=5 pos=10
FAIL support=233 parity=7 residual=23 vars=1,2,3,5, neg=5 pos=10
FAIL support=233 parity=7 residual=25 vars=1,4,5, neg=5 pos=10
FAIL support=233 parity=7 residual=27 vars=1,2,4,5, neg=5 pos=10
FAIL support=233 parity=7 residual=29 vars=1,3,4,5, neg=5 pos=10
FAIL support=233 parity=7 residual=31 vars=1,2,3,4,5, neg=5 pos=10
FAIL support=233 parity=9 residual=17 vars=1,5, neg=7 pos=8
FAIL support=233 parity=9 residual=19 vars=1,2,5, neg=7 pos=8
FAIL support=233 parity=9 residual=21 vars=1,3,5, neg=7 pos=8
FAIL support=233 parity=9 residual=23 vars=1,2,3,5, neg=7 pos=8
FAIL support=233 parity=9 residual=25 vars=1,4,5, neg=7 pos=8
FAIL support=233 parity=9 residual=27 vars=1,2,4,5, neg=7 pos=8
FAIL support=233 parity=9 residual=29 vars=1,3,4,5, neg=7 pos=8
FAIL support=233 parity=9 residual=31 vars=1,2,3,4,5, neg=7 pos=8
FAIL support=233 parity=10 residual=17 vars=1,5, neg=8 pos=7
FAIL support=233 parity=10 residual=19 vars=1,2,5, neg=8 pos=7
FAIL support=233 parity=10 residual=21 vars=1,3,5, neg=8 pos=7
FAIL support=233 parity=10 residual=23 vars=1,2,3,5, neg=8 pos=7
FAIL support=233 parity=10 residual=25 vars=1,4,5, neg=8 pos=7
FAIL support=233 parity=10 residual=27 vars=1,2,4,5, neg=8 pos=7
FAIL support=233 parity=10 residual=29 vars=1,3,4,5, neg=8 pos=7
FAIL support=233 parity=10 residual=31 vars=1,2,3,4,5, neg=8 pos=7
FAIL support=233 parity=13 residual=17 vars=1,5, neg=5 pos=10
FAIL support=233 parity=13 residual=19 vars=1,2,5, neg=5 pos=10
FAIL support=233 parity=13 residual=21 vars=1,3,5, neg=5 pos=10
FAIL support=233 parity=13 residual=23 vars=1,2,3,5, neg=5 pos=10
FAIL support=233 parity=13 residual=25 vars=1,4,5, neg=5 pos=10
FAIL support=233 parity=13 residual=27 vars=1,2,4,5, neg=5 pos=10
FAIL support=233 parity=13 residual=29 vars=1,3,4,5, neg=5 pos=10
FAIL support=233 parity=13 residual=31 vars=1,2,3,4,5, neg=5 pos=10
FAIL support=233 parity=14 residual=17 vars=1,5, neg=4 pos=11
FAIL support=233 parity=14 residual=19 vars=1,2,5, neg=4 pos=11
FAIL support=233 parity=14 residual=21 vars=1,3,5, neg=4 pos=11
FAIL support=233 parity=14 residual=23 vars=1,2,3,5, neg=4 pos=11
FAIL support=233 parity=14 residual=25 vars=1,4,5, neg=4 pos=11
FAIL support=233 parity=14 residual=27 vars=1,2,4,5, neg=4 pos=11
FAIL support=233 parity=14 residual=29 vars=1,3,4,5, neg=4 pos=11
FAIL support=233 parity=14 residual=31 vars=1,2,3,4,5, neg=4 pos=11
FAIL support=233 parity=17 residual=17 vars=1,5, neg=6 pos=9
FAIL support=233 parity=17 residual=19 vars=1,2,5, neg=6 pos=9
FAIL support=233 parity=17 residual=21 vars=1,3,5, neg=6 pos=9
FAIL support=233 parity=17 residual=23 vars=1,2,3,5, neg=6 pos=9
FAIL support=233 parity=17 residual=25 vars=1,4,5, neg=6 pos=9
FAIL support=233 parity=17 residual=27 vars=1,2,4,5, neg=6 pos=9
FAIL support=233 parity=17 residual=29 vars=1,3,4,5, neg=6 pos=9
FAIL support=233 parity=17 residual=31 vars=1,2,3,4,5, neg=6 pos=9
FAIL support=233 parity=18 residual=17 vars=1,5, neg=7 pos=8
FAIL support=233 parity=18 residual=19 vars=1,2,5, neg=7 pos=8
FAIL support=233 parity=18 residual=21 vars=1,3,5, neg=7 pos=8
FAIL support=233 parity=18 residual=23 vars=1,2,3,5, neg=7 pos=8
FAIL support=233 parity=18 residual=25 vars=1,4,5, neg=7 pos=8
FAIL support=233 parity=18 residual=27 vars=1,2,4,5, neg=7 pos=8
FAIL support=233 parity=18 residual=29 vars=1,3,4,5, neg=7 pos=8
FAIL support=233 parity=18 residual=31 vars=1,2,3,4,5, neg=7 pos=8
FAIL support=233 parity=21 residual=17 vars=1,5, neg=6 pos=9
FAIL support=233 parity=21 residual=19 vars=1,2,5, neg=6 pos=9
FAIL support=233 parity=21 residual=21 vars=1,3,5, neg=6 pos=9
FAIL support=233 parity=21 residual=23 vars=1,2,3,5, neg=6 pos=9
FAIL support=233 parity=21 residual=25 vars=1,4,5, neg=6 pos=9
FAIL support=233 parity=21 residual=27 vars=1,2,4,5, neg=6 pos=9
FAIL support=233 parity=21 residual=29 vars=1,3,4,5, neg=6 pos=9
FAIL support=233 parity=21 residual=31 vars=1,2,3,4,5, neg=6 pos=9
FAIL support=233 parity=22 residual=17 vars=1,5, neg=5 pos=10
FAIL support=233 parity=22 residual=19 vars=1,2,5, neg=5 pos=10
FAIL support=233 parity=22 residual=21 vars=1,3,5, neg=5 pos=10
FAIL support=233 parity=22 residual=23 vars=1,2,3,5, neg=5 pos=10
FAIL support=233 parity=22 residual=25 vars=1,4,5, neg=5 pos=10
FAIL support=233 parity=22 residual=27 vars=1,2,4,5, neg=5 pos=10
FAIL support=233 parity=22 residual=29 vars=1,3,4,5, neg=5 pos=10
FAIL support=233 parity=22 residual=31 vars=1,2,3,4,5, neg=5 pos=10
FAIL support=233 parity=28 residual=16 vars=5, neg=5 pos=10
FAIL support=233 parity=28 residual=17 vars=1,5, neg=5 pos=10
FAIL support=233 parity=28 residual=18 vars=2,5, neg=5 pos=10
FAIL support=233 parity=28 residual=19 vars=1,2,5, neg=5 pos=10
FAIL support=233 parity=28 residual=21 vars=1,3,5, neg=5 pos=10
FAIL support=233 parity=28 residual=23 vars=1,2,3,5, neg=5 pos=10
FAIL support=233 parity=28 residual=25 vars=1,4,5, neg=5 pos=10
FAIL support=233 parity=28 residual=27 vars=1,2,4,5, neg=5 pos=10
FAIL support=233 parity=28 residual=29 vars=1,3,4,5, neg=5 pos=10
FAIL support=233 parity=28 residual=31 vars=1,2,3,4,5, neg=5 pos=10
FAIL support=233 parity=31 residual=16 vars=5, neg=4 pos=11
FAIL support=233 parity=31 residual=17 vars=1,5, neg=4 pos=11
FAIL support=233 parity=31 residual=18 vars=2,5, neg=4 pos=11
FAIL support=233 parity=31 residual=19 vars=1,2,5, neg=4 pos=11
FAIL support=233 parity=31 residual=21 vars=1,3,5, neg=4 pos=11
FAIL support=233 parity=31 residual=23 vars=1,2,3,5, neg=4 pos=11
FAIL support=233 parity=31 residual=25 vars=1,4,5, neg=4 pos=11
FAIL support=233 parity=31 residual=27 vars=1,2,4,5, neg=4 pos=11
FAIL support=233 parity=31 residual=29 vars=1,3,4,5, neg=4 pos=11
FAIL support=233 parity=31 residual=31 vars=1,2,3,4,5, neg=4 pos=11
FAIL support=236 parity=3 residual=9 vars=1,5, neg=6 pos=9
FAIL support=236 parity=3 residual=11 vars=1,3,5, neg=6 pos=9
FAIL support=236 parity=3 residual=13 vars=1,4,5, neg=6 pos=9
FAIL support=236 parity=3 residual=15 vars=1,3,4,5, neg=6 pos=9
FAIL support=236 parity=5 residual=9 vars=1,5, neg=7 pos=8
FAIL support=236 parity=5 residual=11 vars=1,3,5, neg=7 pos=8
FAIL support=236 parity=5 residual=13 vars=1,4,5, neg=7 pos=8
FAIL support=236 parity=5 residual=15 vars=1,3,4,5, neg=7 pos=8
FAIL support=236 parity=6 residual=9 vars=1,5, neg=5 pos=10
FAIL support=236 parity=6 residual=11 vars=1,3,5, neg=5 pos=10
FAIL support=236 parity=6 residual=13 vars=1,4,5, neg=5 pos=10
FAIL support=236 parity=6 residual=15 vars=1,3,4,5, neg=5 pos=10
FAIL support=236 parity=9 residual=9 vars=1,5, neg=6 pos=9
FAIL support=236 parity=9 residual=11 vars=1,3,5, neg=6 pos=9
FAIL support=236 parity=9 residual=13 vars=1,4,5, neg=6 pos=9
FAIL support=236 parity=9 residual=15 vars=1,3,4,5, neg=6 pos=9
FAIL support=236 parity=10 residual=9 vars=1,5, neg=6 pos=9
FAIL support=236 parity=10 residual=11 vars=1,3,5, neg=6 pos=9
FAIL support=236 parity=10 residual=13 vars=1,4,5, neg=6 pos=9
FAIL support=236 parity=10 residual=15 vars=1,3,4,5, neg=6 pos=9
FAIL support=236 parity=15 residual=9 vars=1,5, neg=5 pos=10
FAIL support=236 parity=15 residual=11 vars=1,3,5, neg=5 pos=10
FAIL support=236 parity=15 residual=13 vars=1,4,5, neg=5 pos=10
FAIL support=236 parity=15 residual=15 vars=1,3,4,5, neg=5 pos=10
FAIL support=239 parity=5 residual=17 vars=1,5, neg=6 pos=9
FAIL support=239 parity=5 residual=19 vars=1,2,5, neg=6 pos=9
FAIL support=239 parity=5 residual=21 vars=1,3,5, neg=6 pos=9
FAIL support=239 parity=5 residual=23 vars=1,2,3,5, neg=6 pos=9
FAIL support=239 parity=5 residual=25 vars=1,4,5, neg=6 pos=9
FAIL support=239 parity=5 residual=27 vars=1,2,4,5, neg=6 pos=9
FAIL support=239 parity=5 residual=29 vars=1,3,4,5, neg=6 pos=9
FAIL support=239 parity=5 residual=31 vars=1,2,3,4,5, neg=6 pos=9
FAIL support=239 parity=7 residual=17 vars=1,5, neg=4 pos=11
FAIL support=239 parity=7 residual=19 vars=1,2,5, neg=4 pos=11
FAIL support=239 parity=7 residual=21 vars=1,3,5, neg=4 pos=11
FAIL support=239 parity=7 residual=23 vars=1,2,3,5, neg=4 pos=11
FAIL support=239 parity=7 residual=25 vars=1,4,5, neg=4 pos=11
FAIL support=239 parity=7 residual=27 vars=1,2,4,5, neg=4 pos=11
FAIL support=239 parity=7 residual=29 vars=1,3,4,5, neg=4 pos=11
FAIL support=239 parity=7 residual=31 vars=1,2,3,4,5, neg=4 pos=11
FAIL support=239 parity=9 residual=17 vars=1,5, neg=7 pos=8
FAIL support=239 parity=9 residual=19 vars=1,2,5, neg=7 pos=8
FAIL support=239 parity=9 residual=21 vars=1,3,5, neg=7 pos=8
FAIL support=239 parity=9 residual=23 vars=1,2,3,5, neg=7 pos=8
FAIL support=239 parity=9 residual=25 vars=1,4,5, neg=7 pos=8
FAIL support=239 parity=9 residual=27 vars=1,2,4,5, neg=7 pos=8
FAIL support=239 parity=9 residual=29 vars=1,3,4,5, neg=7 pos=8
FAIL support=239 parity=9 residual=31 vars=1,2,3,4,5, neg=7 pos=8
FAIL support=239 parity=11 residual=17 vars=1,5, neg=9 pos=6
FAIL support=239 parity=11 residual=19 vars=1,2,5, neg=9 pos=6
FAIL support=239 parity=11 residual=21 vars=1,3,5, neg=9 pos=6
FAIL support=239 parity=11 residual=23 vars=1,2,3,5, neg=9 pos=6
FAIL support=239 parity=11 residual=25 vars=1,4,5, neg=9 pos=6
FAIL support=239 parity=11 residual=27 vars=1,2,4,5, neg=9 pos=6
FAIL support=239 parity=11 residual=29 vars=1,3,4,5, neg=9 pos=6
FAIL support=239 parity=11 residual=31 vars=1,2,3,4,5, neg=9 pos=6
FAIL support=239 parity=12 residual=17 vars=1,5, neg=5 pos=10
FAIL support=239 parity=12 residual=19 vars=1,2,5, neg=5 pos=10
FAIL support=239 parity=12 residual=21 vars=1,3,5, neg=5 pos=10
FAIL support=239 parity=12 residual=23 vars=1,2,3,5, neg=5 pos=10
FAIL support=239 parity=12 residual=25 vars=1,4,5, neg=5 pos=10
FAIL support=239 parity=12 residual=27 vars=1,2,4,5, neg=5 pos=10
FAIL support=239 parity=12 residual=29 vars=1,3,4,5, neg=5 pos=10
FAIL support=239 parity=12 residual=31 vars=1,2,3,4,5, neg=5 pos=10
FAIL support=239 parity=14 residual=17 vars=1,5, neg=5 pos=10
FAIL support=239 parity=14 residual=19 vars=1,2,5, neg=5 pos=10
FAIL support=239 parity=14 residual=21 vars=1,3,5, neg=5 pos=10
FAIL support=239 parity=14 residual=23 vars=1,2,3,5, neg=5 pos=10
FAIL support=239 parity=14 residual=25 vars=1,4,5, neg=5 pos=10
FAIL support=239 parity=14 residual=27 vars=1,2,4,5, neg=5 pos=10
FAIL support=239 parity=14 residual=29 vars=1,3,4,5, neg=5 pos=10
FAIL support=239 parity=14 residual=31 vars=1,2,3,4,5, neg=5 pos=10
FAIL support=239 parity=17 residual=17 vars=1,5, neg=6 pos=9
FAIL support=239 parity=17 residual=19 vars=1,2,5, neg=6 pos=9
FAIL support=239 parity=17 residual=21 vars=1,3,5, neg=6 pos=9
FAIL support=239 parity=17 residual=23 vars=1,2,3,5, neg=6 pos=9
FAIL support=239 parity=17 residual=25 vars=1,4,5, neg=6 pos=9
FAIL support=239 parity=17 residual=27 vars=1,2,4,5, neg=6 pos=9
FAIL support=239 parity=17 residual=29 vars=1,3,4,5, neg=6 pos=9
FAIL support=239 parity=17 residual=31 vars=1,2,3,4,5, neg=6 pos=9
FAIL support=239 parity=19 residual=17 vars=1,5, neg=6 pos=9
FAIL support=239 parity=19 residual=19 vars=1,2,5, neg=6 pos=9
FAIL support=239 parity=19 residual=21 vars=1,3,5, neg=6 pos=9
FAIL support=239 parity=19 residual=23 vars=1,2,3,5, neg=6 pos=9
FAIL support=239 parity=19 residual=25 vars=1,4,5, neg=6 pos=9
FAIL support=239 parity=19 residual=27 vars=1,2,4,5, neg=6 pos=9
FAIL support=239 parity=19 residual=29 vars=1,3,4,5, neg=6 pos=9
FAIL support=239 parity=19 residual=31 vars=1,2,3,4,5, neg=6 pos=9
FAIL support=239 parity=20 residual=17 vars=1,5, neg=6 pos=9
FAIL support=239 parity=20 residual=19 vars=1,2,5, neg=6 pos=9
FAIL support=239 parity=20 residual=21 vars=1,3,5, neg=6 pos=9
FAIL support=239 parity=20 residual=23 vars=1,2,3,5, neg=6 pos=9
FAIL support=239 parity=20 residual=25 vars=1,4,5, neg=6 pos=9
FAIL support=239 parity=20 residual=27 vars=1,2,4,5, neg=6 pos=9
FAIL support=239 parity=20 residual=29 vars=1,3,4,5, neg=6 pos=9
FAIL support=239 parity=20 residual=31 vars=1,2,3,4,5, neg=6 pos=9
FAIL support=239 parity=22 residual=17 vars=1,5, neg=4 pos=11
FAIL support=239 parity=22 residual=19 vars=1,2,5, neg=4 pos=11
FAIL support=239 parity=22 residual=21 vars=1,3,5, neg=4 pos=11
FAIL support=239 parity=22 residual=23 vars=1,2,3,5, neg=4 pos=11
FAIL support=239 parity=22 residual=25 vars=1,4,5, neg=4 pos=11
FAIL support=239 parity=22 residual=27 vars=1,2,4,5, neg=4 pos=11
FAIL support=239 parity=22 residual=29 vars=1,3,4,5, neg=4 pos=11
FAIL support=239 parity=22 residual=31 vars=1,2,3,4,5, neg=4 pos=11
FAIL support=239 parity=29 residual=17 vars=1,5, neg=5 pos=10
FAIL support=239 parity=29 residual=19 vars=1,2,5, neg=5 pos=10
FAIL support=239 parity=29 residual=21 vars=1,3,5, neg=5 pos=10
FAIL support=239 parity=29 residual=23 vars=1,2,3,5, neg=5 pos=10
FAIL support=239 parity=29 residual=25 vars=1,4,5, neg=5 pos=10
FAIL support=239 parity=29 residual=27 vars=1,2,4,5, neg=5 pos=10
FAIL support=239 parity=29 residual=29 vars=1,3,4,5, neg=5 pos=10
FAIL support=239 parity=29 residual=31 vars=1,2,3,4,5, neg=5 pos=10
FAIL support=239 parity=31 residual=17 vars=1,5, neg=5 pos=10
FAIL support=239 parity=31 residual=19 vars=1,2,5, neg=5 pos=10
FAIL support=239 parity=31 residual=21 vars=1,3,5, neg=5 pos=10
FAIL support=239 parity=31 residual=23 vars=1,2,3,5, neg=5 pos=10
FAIL support=239 parity=31 residual=25 vars=1,4,5, neg=5 pos=10
FAIL support=239 parity=31 residual=27 vars=1,2,4,5, neg=5 pos=10
FAIL support=239 parity=31 residual=29 vars=1,3,4,5, neg=5 pos=10
FAIL support=239 parity=31 residual=31 vars=1,2,3,4,5, neg=5 pos=10
FAIL support=241 parity=6 residual=27 vars=1,2,4,5, neg=5 pos=10
FAIL support=241 parity=6 residual=31 vars=1,2,3,4,5, neg=5 pos=10
FAIL support=241 parity=7 residual=27 vars=1,2,4,5, neg=4 pos=11
FAIL support=241 parity=7 residual=31 vars=1,2,3,4,5, neg=4 pos=11
FAIL support=241 parity=10 residual=27 vars=1,2,4,5, neg=8 pos=7
FAIL support=241 parity=10 residual=31 vars=1,2,3,4,5, neg=8 pos=7
FAIL support=241 parity=11 residual=27 vars=1,2,4,5, neg=7 pos=8
FAIL support=241 parity=11 residual=31 vars=1,2,3,4,5, neg=7 pos=8
FAIL support=241 parity=18 residual=27 vars=1,2,4,5, neg=7 pos=8
FAIL support=241 parity=18 residual=31 vars=1,2,3,4,5, neg=7 pos=8
FAIL support=241 parity=19 residual=27 vars=1,2,4,5, neg=8 pos=7
FAIL support=241 parity=19 residual=31 vars=1,2,3,4,5, neg=8 pos=7
FAIL support=241 parity=30 residual=27 vars=1,2,4,5, neg=4 pos=11
FAIL support=241 parity=30 residual=31 vars=1,2,3,4,5, neg=4 pos=11
FAIL support=241 parity=31 residual=27 vars=1,2,4,5, neg=5 pos=10
FAIL support=241 parity=31 residual=31 vars=1,2,3,4,5, neg=5 pos=10
FAIL support=242 parity=5 residual=17 vars=1,5, neg=6 pos=9
FAIL support=242 parity=5 residual=19 vars=1,2,5, neg=6 pos=9
FAIL support=242 parity=5 residual=21 vars=1,3,5, neg=6 pos=9
FAIL support=242 parity=5 residual=23 vars=1,2,3,5, neg=6 pos=9
FAIL support=242 parity=5 residual=25 vars=1,4,5, neg=6 pos=9
FAIL support=242 parity=5 residual=27 vars=1,2,4,5, neg=6 pos=9
FAIL support=242 parity=5 residual=29 vars=1,3,4,5, neg=6 pos=9
FAIL support=242 parity=5 residual=31 vars=1,2,3,4,5, neg=6 pos=9
FAIL support=242 parity=6 residual=17 vars=1,5, neg=5 pos=10
FAIL support=242 parity=6 residual=19 vars=1,2,5, neg=5 pos=10
FAIL support=242 parity=6 residual=21 vars=1,3,5, neg=5 pos=10
FAIL support=242 parity=6 residual=23 vars=1,2,3,5, neg=5 pos=10
FAIL support=242 parity=6 residual=25 vars=1,4,5, neg=5 pos=10
FAIL support=242 parity=6 residual=27 vars=1,2,4,5, neg=5 pos=10
FAIL support=242 parity=6 residual=29 vars=1,3,4,5, neg=5 pos=10
FAIL support=242 parity=6 residual=31 vars=1,2,3,4,5, neg=5 pos=10
FAIL support=242 parity=9 residual=17 vars=1,5, neg=7 pos=8
FAIL support=242 parity=9 residual=19 vars=1,2,5, neg=7 pos=8
FAIL support=242 parity=9 residual=21 vars=1,3,5, neg=7 pos=8
FAIL support=242 parity=9 residual=23 vars=1,2,3,5, neg=7 pos=8
FAIL support=242 parity=9 residual=25 vars=1,4,5, neg=7 pos=8
FAIL support=242 parity=9 residual=27 vars=1,2,4,5, neg=7 pos=8
FAIL support=242 parity=9 residual=29 vars=1,3,4,5, neg=7 pos=8
FAIL support=242 parity=9 residual=31 vars=1,2,3,4,5, neg=7 pos=8
FAIL support=242 parity=10 residual=17 vars=1,5, neg=8 pos=7
FAIL support=242 parity=10 residual=19 vars=1,2,5, neg=8 pos=7
FAIL support=242 parity=10 residual=21 vars=1,3,5, neg=8 pos=7
FAIL support=242 parity=10 residual=23 vars=1,2,3,5, neg=8 pos=7
FAIL support=242 parity=10 residual=25 vars=1,4,5, neg=8 pos=7
FAIL support=242 parity=10 residual=27 vars=1,2,4,5, neg=8 pos=7
FAIL support=242 parity=10 residual=29 vars=1,3,4,5, neg=8 pos=7
FAIL support=242 parity=10 residual=31 vars=1,2,3,4,5, neg=8 pos=7
FAIL support=242 parity=12 residual=17 vars=1,5, neg=5 pos=10
FAIL support=242 parity=12 residual=19 vars=1,2,5, neg=5 pos=10
FAIL support=242 parity=12 residual=21 vars=1,3,5, neg=5 pos=10
FAIL support=242 parity=12 residual=23 vars=1,2,3,5, neg=5 pos=10
FAIL support=242 parity=12 residual=25 vars=1,4,5, neg=5 pos=10
FAIL support=242 parity=12 residual=27 vars=1,2,4,5, neg=5 pos=10
FAIL support=242 parity=12 residual=29 vars=1,3,4,5, neg=5 pos=10
FAIL support=242 parity=12 residual=31 vars=1,2,3,4,5, neg=5 pos=10
FAIL support=242 parity=15 residual=17 vars=1,5, neg=4 pos=11
FAIL support=242 parity=15 residual=19 vars=1,2,5, neg=4 pos=11
FAIL support=242 parity=15 residual=21 vars=1,3,5, neg=4 pos=11
FAIL support=242 parity=15 residual=23 vars=1,2,3,5, neg=4 pos=11
FAIL support=242 parity=15 residual=25 vars=1,4,5, neg=4 pos=11
FAIL support=242 parity=15 residual=27 vars=1,2,4,5, neg=4 pos=11
FAIL support=242 parity=15 residual=29 vars=1,3,4,5, neg=4 pos=11
FAIL support=242 parity=15 residual=31 vars=1,2,3,4,5, neg=4 pos=11
FAIL support=242 parity=17 residual=17 vars=1,5, neg=6 pos=9
FAIL support=242 parity=17 residual=19 vars=1,2,5, neg=6 pos=9
FAIL support=242 parity=17 residual=21 vars=1,3,5, neg=6 pos=9
FAIL support=242 parity=17 residual=23 vars=1,2,3,5, neg=6 pos=9
FAIL support=242 parity=17 residual=25 vars=1,4,5, neg=6 pos=9
FAIL support=242 parity=17 residual=27 vars=1,2,4,5, neg=6 pos=9
FAIL support=242 parity=17 residual=29 vars=1,3,4,5, neg=6 pos=9
FAIL support=242 parity=17 residual=31 vars=1,2,3,4,5, neg=6 pos=9
FAIL support=242 parity=18 residual=17 vars=1,5, neg=7 pos=8
FAIL support=242 parity=18 residual=19 vars=1,2,5, neg=7 pos=8
FAIL support=242 parity=18 residual=21 vars=1,3,5, neg=7 pos=8
FAIL support=242 parity=18 residual=23 vars=1,2,3,5, neg=7 pos=8
FAIL support=242 parity=18 residual=25 vars=1,4,5, neg=7 pos=8
FAIL support=242 parity=18 residual=27 vars=1,2,4,5, neg=7 pos=8
FAIL support=242 parity=18 residual=29 vars=1,3,4,5, neg=7 pos=8
FAIL support=242 parity=18 residual=31 vars=1,2,3,4,5, neg=7 pos=8
FAIL support=242 parity=20 residual=17 vars=1,5, neg=6 pos=9
FAIL support=242 parity=20 residual=19 vars=1,2,5, neg=6 pos=9
FAIL support=242 parity=20 residual=21 vars=1,3,5, neg=6 pos=9
FAIL support=242 parity=20 residual=23 vars=1,2,3,5, neg=6 pos=9
FAIL support=242 parity=20 residual=25 vars=1,4,5, neg=6 pos=9
FAIL support=242 parity=20 residual=27 vars=1,2,4,5, neg=6 pos=9
FAIL support=242 parity=20 residual=29 vars=1,3,4,5, neg=6 pos=9
FAIL support=242 parity=20 residual=31 vars=1,2,3,4,5, neg=6 pos=9
FAIL support=242 parity=23 residual=17 vars=1,5, neg=5 pos=10
FAIL support=242 parity=23 residual=19 vars=1,2,5, neg=5 pos=10
FAIL support=242 parity=23 residual=21 vars=1,3,5, neg=5 pos=10
FAIL support=242 parity=23 residual=23 vars=1,2,3,5, neg=5 pos=10
FAIL support=242 parity=23 residual=25 vars=1,4,5, neg=5 pos=10
FAIL support=242 parity=23 residual=27 vars=1,2,4,5, neg=5 pos=10
FAIL support=242 parity=23 residual=29 vars=1,3,4,5, neg=5 pos=10
FAIL support=242 parity=23 residual=31 vars=1,2,3,4,5, neg=5 pos=10
FAIL support=242 parity=29 residual=17 vars=1,5, neg=5 pos=10
FAIL support=242 parity=29 residual=19 vars=1,2,5, neg=5 pos=10
FAIL support=242 parity=29 residual=21 vars=1,3,5, neg=5 pos=10
FAIL support=242 parity=29 residual=23 vars=1,2,3,5, neg=5 pos=10
FAIL support=242 parity=29 residual=25 vars=1,4,5, neg=5 pos=10
FAIL support=242 parity=29 residual=27 vars=1,2,4,5, neg=5 pos=10
FAIL support=242 parity=29 residual=29 vars=1,3,4,5, neg=5 pos=10
FAIL support=242 parity=29 residual=31 vars=1,2,3,4,5, neg=5 pos=10
FAIL support=242 parity=30 residual=17 vars=1,5, neg=4 pos=11
FAIL support=242 parity=30 residual=19 vars=1,2,5, neg=4 pos=11
FAIL support=242 parity=30 residual=21 vars=1,3,5, neg=4 pos=11
FAIL support=242 parity=30 residual=23 vars=1,2,3,5, neg=4 pos=11
FAIL support=242 parity=30 residual=25 vars=1,4,5, neg=4 pos=11
FAIL support=242 parity=30 residual=27 vars=1,2,4,5, neg=4 pos=11
FAIL support=242 parity=30 residual=29 vars=1,3,4,5, neg=4 pos=11
FAIL support=242 parity=30 residual=31 vars=1,2,3,4,5, neg=4 pos=11
