  spectral_crosscheck 49 values agree
OPEN support=56 parity=3 k=1 neg=10 pos=10 root_lp=infeasible margin=0.000e+00 block=1 nodes=2
OPEN support=83 parity=2 k=1 neg=8 pos=11 root_lp=infeasible margin=0.000e+00 block=1 nodes=2
OPEN support=164 parity=3 k=1 neg=8 pos=12 root_lp=infeasible margin=0.000e+00 block=1 nodes=2
OPEN support=164 parity=3 k=1 neg=8 pos=12 root_lp=infeasible margin=0.000e+00 block=1 nodes=2
OPEN support=245 parity=2 k=1 neg=9 pos=12 root_lp=infeasible margin=0.000e+00 block=1 nodes=2
OPEN support=245 parity=2 k=1 neg=9 pos=12 root_lp=infeasible margin=0.000e+00 block=1 nodes=2
OPEN support=245 parity=2 k=2 neg=9 pos=12 root_lp=infeasible margin=0.000e+00 block=1 nodes=3
OPEN support=249 parity=2 k=1 neg=9 pos=11 root_lp=infeasible margin=0.000e+00 block=1 nodes=2
OPEN support=248 parity=6 k=1 neg=10 pos=10 root_lp=infeasible margin=0.000e+00 block=1 nodes=2
OPEN support=251 parity=7 k=1 neg=8 pos=12 root_lp=infeasible margin=0.000e+00 block=1 nodes=2
OPEN support=251 parity=7 k=1 neg=8 pos=12 root_lp=infeasible margin=0.000e+00 block=1 nodes=2
OPEN support=263 parity=7 k=1 neg=9 pos=12 root_lp=infeasible margin=0.000e+00 block=1 nodes=2
OPEN support=223 parity=6 k=3 neg=11 pos=9 root_lp=infeasible margin=0.000e+00 block=4 nodes=483
OPEN support=232 parity=10 k=3 neg=11 pos=9 root_lp=infeasible margin=0.000e+00 block=4 nodes=483
OPEN support=241 parity=10 k=3 neg=11 pos=9 root_lp=infeasible margin=0.000e+00 block=4 nodes=483
OPEN support=223 parity=6 k=4 neg=11 pos=9 root_lp=infeasible margin=0.000e+00 block=4 nodes=484
OPEN support=241 parity=10 k=4 neg=11 pos=9 root_lp=infeasible margin=0.000e+00 block=4 nodes=484
OPEN support=272 parity=2 k=1 neg=10 pos=11 root_lp=infeasible margin=0.000e+00 block=1 nodes=481
OPEN support=232 parity=10 k=4 neg=11 pos=9 root_lp=infeasible margin=0.000e+00 block=4 nodes=484
OPEN support=272 parity=2 k=2 neg=10 pos=11 root_lp=infeasible margin=0.000e+00 block=4 nodes=482
OPEN support=241 parity=10 k=4 neg=11 pos=9 root_lp=infeasible margin=0.000e+00 block=4 nodes=484
OPEN support=232 parity=10 k=4 neg=11 pos=9 root_lp=infeasible margin=0.000e+00 block=2 nodes=484
OPEN support=223 parity=7 k=3 neg=11 pos=9 root_lp=infeasible margin=0.000e+00 block=4 nodes=483
OPEN support=275 parity=4 k=2 neg=9 pos=11 root_lp=infeasible margin=0.000e+00 block=2 nodes=482
OPEN support=241 parity=10 k=5 neg=11 pos=9 root_lp=infeasible margin=0.000e+00 block=4 nodes=485
OPEN support=272 parity=2 k=3 neg=10 pos=11 root_lp=feasible margin=1.056e+00 block=0 nodes=82
OPEN support=232 parity=10 k=5 neg=11 pos=9 root_lp=infeasible margin=0.000e+00 block=2 nodes=485
OPEN support=223 parity=7 k=4 neg=11 pos=9 root_lp=infeasible margin=0.000e+00 block=4 nodes=484
OPEN support=275 parity=4 k=3 neg=9 pos=11 root_lp=feasible margin=9.132e-01 block=0 nodes=82
OPEN support=241 parity=11 k=3 neg=11 pos=9 root_lp=infeasible margin=0.000e+00 block=2 nodes=483
OPEN support=232 parity=11 k=3 neg=11 pos=9 root_lp=infeasible margin=0.000e+00 block=4 nodes=483
OPEN support=275 parity=4 k=3 neg=9 pos=11 root_lp=feasible margin=1.414e+00 block=0 nodes=82
OPEN support=232 parity=11 k=4 neg=11 pos=9 root_lp=infeasible margin=0.000e+00 block=4 nodes=484
OPEN support=275 parity=4 k=4 neg=9 pos=11 root_lp=feasible margin=1.103e+00 block=0 nodes=30
OPEN support=241 parity=11 k=4 neg=11 pos=9 root_lp=infeasible margin=0.000e+00 block=2 nodes=484
OPEN support=232 parity=11 k=4 neg=11 pos=9 root_lp=infeasible margin=0.000e+00 block=2 nodes=484
OPEN support=278 parity=4 k=2 neg=9 pos=11 root_lp=feasible margin=1.349e-15 block=0 nodes=482
OPEN support=232 parity=11 k=5 neg=11 pos=9 root_lp=infeasible margin=0.000e+00 block=2 nodes=485
OPEN support=275 parity=6 k=2 neg=12 pos=8 root_lp=infeasible margin=0.000e+00 block=4 nodes=482
OPEN support=241 parity=11 k=4 neg=11 pos=9 root_lp=infeasible margin=0.000e+00 block=2 nodes=484
OPEN support=281 parity=4 k=2 neg=10 pos=11 root_lp=infeasible margin=0.000e+00 block=2 nodes=482
OPEN support=275 parity=6 k=3 neg=12 pos=8 root_lp=infeasible margin=0.000e+00 block=2 nodes=483
OPEN support=241 parity=11 k=5 neg=11 pos=9 root_lp=infeasible margin=0.000e+00 block=2 nodes=485
OPEN support=275 parity=6 k=3 neg=12 pos=8 root_lp=infeasible margin=0.000e+00 block=2 nodes=483
OPEN support=281 parity=4 k=3 neg=10 pos=11 root_lp=feasible margin=1.674e+00 block=0 nodes=82
OPEN support=278 parity=4 k=3 neg=9 pos=11 root_lp=feasible margin=1.853e-16 block=0 nodes=483
OPEN support=275 parity=6 k=4 neg=12 pos=8 root_lp=infeasible margin=0.000e+00 block=2 nodes=484
OPEN support=284 parity=8 k=2 neg=9 pos=11 root_lp=infeasible margin=0.000e+00 block=2 nodes=482
OPEN support=278 parity=4 k=3 neg=9 pos=11 root_lp=feasible margin=1.412e+00 block=0 nodes=82
OPEN support=281 parity=4 k=3 neg=10 pos=11 root_lp=feasible margin=1.328e+00 block=0 nodes=82
OPEN support=284 parity=8 k=3 neg=9 pos=11 root_lp=feasible margin=1.080e+00 block=0 nodes=82
OPEN support=281 parity=4 k=4 neg=10 pos=11 root_lp=feasible margin=1.311e+00 block=0 nodes=30
OPEN support=278 parity=4 k=4 neg=9 pos=11 root_lp=feasible margin=1.423e+00 block=0 nodes=83
OPEN support=287 parity=8 k=2 neg=9 pos=11 root_lp=infeasible margin=0.000e+00 block=2 nodes=482
OPEN support=284 parity=8 k=3 neg=9 pos=11 root_lp=feasible margin=1.747e+00 block=0 nodes=82
OPEN support=278 parity=7 k=2 neg=10 pos=10 root_lp=infeasible margin=0.000e+00 block=4 nodes=482
OPEN support=290 parity=4 k=2 neg=10 pos=11 root_lp=infeasible margin=0.000e+00 block=2 nodes=482
OPEN support=284 parity=8 k=4 neg=9 pos=11 root_lp=feasible margin=1.142e+00 block=0 nodes=30
OPEN support=278 parity=7 k=3 neg=10 pos=10 root_lp=infeasible margin=0.000e+00 block=4 nodes=483
OPEN support=290 parity=4 k=3 neg=10 pos=11 root_lp=feasible margin=1.576e+00 block=0 nodes=82
OPEN support=284 parity=8 k=3 neg=9 pos=11 root_lp=feasible margin=1.442e+00 block=0 nodes=82
OPEN support=284 parity=8 k=4 neg=9 pos=11 root_lp=feasible margin=1.130e+00 block=0 nodes=30
OPEN support=287 parity=8 k=3 neg=9 pos=11 root_lp=feasible margin=2.998e-16 block=0 nodes=483
OPEN support=284 parity=8 k=4 neg=9 pos=11 root_lp=feasible margin=1.518e+00 block=0 nodes=30
OPEN support=293 parity=8 k=2 neg=9 pos=11 root_lp=infeasible margin=0.000e+00 block=2 nodes=482
OPEN support=290 parity=4 k=3 neg=10 pos=11 root_lp=feasible margin=1.331e+00 block=0 nodes=82
OPEN support=284 parity=8 k=5 neg=9 pos=11 root_lp=feasible margin=1.190e+00 block=0 nodes=20
OPEN support=290 parity=4 k=4 neg=10 pos=11 root_lp=feasible margin=1.271e+00 block=0 nodes=30
OPEN support=293 parity=8 k=3 neg=9 pos=11 root_lp=feasible margin=1.089e+00 block=0 nodes=82
OPEN support=278 parity=7 k=3 neg=10 pos=10 root_lp=infeasible margin=0.000e+00 block=4 nodes=976
OPEN support=287 parity=8 k=3 neg=9 pos=11 root_lp=feasible margin=1.745e+00 block=0 nodes=82
OPEN support=284 parity=10 k=2 neg=12 pos=8 root_lp=infeasible margin=0.000e+00 block=2 nodes=482
OPEN support=293 parity=8 k=3 neg=9 pos=11 root_lp=feasible margin=1.788e+00 block=0 nodes=82
OPEN support=293 parity=8 k=4 neg=9 pos=11 root_lp=feasible margin=1.114e+00 block=0 nodes=30
OPEN support=287 parity=8 k=4 neg=9 pos=11 root_lp=feasible margin=1.754e+00 block=0 nodes=83
OPEN support=284 parity=10 k=3 neg=12 pos=8 root_lp=infeasible margin=0.000e+00 block=2 nodes=483
OPEN support=284 parity=10 k=3 neg=12 pos=8 root_lp=infeasible margin=0.000e+00 block=2 nodes=483
OPEN support=293 parity=8 k=3 neg=9 pos=11 root_lp=feasible margin=1.496e+00 block=0 nodes=82
OPEN support=287 parity=8 k=3 neg=9 pos=11 root_lp=feasible margin=1.438e+00 block=0 nodes=82
OPEN support=293 parity=8 k=4 neg=9 pos=11 root_lp=feasible margin=1.117e+00 block=0 nodes=30
OPEN support=284 parity=10 k=4 neg=12 pos=8 root_lp=infeasible margin=0.000e+00 block=4 nodes=484
OPEN support=296 parity=8 k=2 neg=9 pos=11 root_lp=feasible margin=8.039e-16 block=0 nodes=482
OPEN support=278 parity=7 k=4 neg=10 pos=10 root_lp=feasible margin=1.577e-01 block=0 nodes=927
OPEN support=299 parity=3 k=1 neg=10 pos=10 root_lp=infeasible margin=0.000e+00 block=4 nodes=2
OPEN support=284 parity=10 k=3 neg=12 pos=8 root_lp=infeasible margin=0.000e+00 block=2 nodes=483
OPEN support=293 parity=8 k=4 neg=9 pos=11 root_lp=feasible margin=1.571e+00 block=0 nodes=30
OPEN support=287 parity=8 k=4 neg=9 pos=11 root_lp=feasible margin=1.448e+00 block=0 nodes=83
OPEN support=299 parity=3 k=2 neg=10 pos=10 root_lp=infeasible margin=0.000e+00 block=4 nodes=482
OPEN support=293 parity=8 k=5 neg=9 pos=11 root_lp=feasible margin=1.149e+00 block=0 nodes=20
OPEN support=284 parity=10 k=4 neg=12 pos=8 root_lp=infeasible margin=0.000e+00 block=4 nodes=484
OPEN support=287 parity=8 k=4 neg=9 pos=11 root_lp=feasible margin=1.514e+00 block=0 nodes=30
OPEN support=284 parity=10 k=4 neg=12 pos=8 root_lp=infeasible margin=0.000e+00 block=4 nodes=484
OPEN support=287 parity=8 k=5 neg=9 pos=11 root_lp=feasible margin=1.520e+00 block=0 nodes=31
OPEN support=299 parity=3 k=3 neg=10 pos=10 root_lp=feasible margin=7.449e-02 block=0 nodes=206
OPEN support=293 parity=10 k=2 neg=12 pos=8 root_lp=infeasible margin=0.000e+00 block=2 nodes=482
OPEN support=287 parity=11 k=2 neg=10 pos=10 root_lp=infeasible margin=0.000e+00 block=2 nodes=482
OPEN support=284 parity=10 k=5 neg=12 pos=8 root_lp=infeasible margin=0.000e+00 block=4 nodes=485
OPEN support=296 parity=8 k=3 neg=9 pos=11 root_lp=feasible margin=4.818e-15 block=0 nodes=483
OPEN support=302 parity=5 k=2 neg=10 pos=10 root_lp=infeasible margin=0.000e+00 block=2 nodes=482
OPEN support=287 parity=11 k=3 neg=10 pos=10 root_lp=infeasible margin=0.000e+00 block=2 nodes=483
OPEN support=293 parity=10 k=3 neg=12 pos=8 root_lp=infeasible margin=0.000e+00 block=2 nodes=483
OPEN support=296 parity=8 k=3 neg=9 pos=11 root_lp=feasible margin=1.788e+00 block=0 nodes=82
OPEN support=302 parity=5 k=3 neg=10 pos=10 root_lp=feasible margin=1.253e-01 block=0 nodes=140
OPEN support=293 parity=10 k=3 neg=12 pos=8 root_lp=infeasible margin=0.000e+00 block=2 nodes=483
OPEN support=303 parity=3 k=1 neg=11 pos=9 root_lp=infeasible margin=0.000e+00 block=4 nodes=481
OPEN support=287 parity=11 k=3 neg=10 pos=10 root_lp=feasible margin=3.357e-01 block=0 nodes=288
OPEN support=296 parity=8 k=4 neg=9 pos=11 root_lp=feasible margin=1.788e+00 block=0 nodes=83
OPEN support=304 parity=7 k=1 neg=11 pos=9 root_lp=infeasible margin=0.000e+00 block=4 nodes=481
OPEN support=302 parity=5 k=3 neg=10 pos=10 root_lp=feasible margin=4.568e-03 block=0 nodes=146
OPEN support=293 parity=10 k=4 neg=12 pos=8 root_lp=infeasible margin=0.000e+00 block=2 nodes=484
OPEN support=305 parity=5 k=1 neg=10 pos=10 root_lp=infeasible margin=0.000e+00 block=2 nodes=481
OPEN support=302 parity=5 k=4 neg=10 pos=10 root_lp=feasible margin=8.620e-01 block=0 nodes=30
OPEN support=305 parity=5 k=2 neg=10 pos=10 root_lp=infeasible margin=0.000e+00 block=2 nodes=482
OPEN support=296 parity=8 k=3 neg=9 pos=11 root_lp=feasible margin=1.489e+00 block=0 nodes=82
OPEN support=293 parity=10 k=3 neg=12 pos=8 root_lp=infeasible margin=0.000e+00 block=2 nodes=483
OPEN support=287 parity=11 k=4 neg=10 pos=10 root_lp=feasible margin=5.190e-01 block=0 nodes=275
OPEN support=305 parity=5 k=3 neg=10 pos=10 root_lp=infeasible margin=0.000e+00 block=2 nodes=483
OPEN support=293 parity=10 k=4 neg=12 pos=8 root_lp=infeasible margin=0.000e+00 block=2 nodes=484
OPEN support=302 parity=7 k=2 neg=11 pos=9 root_lp=infeasible margin=0.000e+00 block=4 nodes=482
OPEN support=296 parity=8 k=4 neg=9 pos=11 root_lp=feasible margin=1.496e+00 block=0 nodes=83
OPEN support=293 parity=10 k=4 neg=12 pos=8 root_lp=infeasible margin=0.000e+00 block=2 nodes=484
OPEN support=296 parity=8 k=4 neg=9 pos=11 root_lp=feasible margin=1.574e+00 block=0 nodes=30
OPEN support=305 parity=5 k=3 neg=10 pos=10 root_lp=feasible margin=7.164e-02 block=0 nodes=176
OPEN support=302 parity=7 k=3 neg=11 pos=9 root_lp=infeasible margin=0.000e+00 block=2 nodes=483
OPEN support=296 parity=8 k=5 neg=9 pos=11 root_lp=feasible margin=1.579e+00 block=0 nodes=31
OPEN support=293 parity=10 k=5 neg=12 pos=8 root_lp=infeasible margin=0.000e+00 block=2 nodes=485
OPEN support=302 parity=7 k=3 neg=11 pos=9 root_lp=infeasible margin=0.000e+00 block=2 nodes=483
OPEN support=287 parity=11 k=3 neg=10 pos=10 root_lp=feasible margin=3.836e-01 block=0 nodes=758
OPEN support=296 parity=11 k=2 neg=10 pos=10 root_lp=infeasible margin=0.000e+00 block=2 nodes=482
OPEN support=305 parity=5 k=4 neg=10 pos=10 root_lp=feasible margin=8.060e-03 block=0 nodes=155
OPEN support=296 parity=11 k=3 neg=10 pos=10 root_lp=infeasible margin=0.000e+00 block=2 nodes=483
OPEN support=305 parity=6 k=1 neg=11 pos=9 root_lp=infeasible margin=0.000e+00 block=4 nodes=481
OPEN support=302 parity=7 k=4 neg=11 pos=9 root_lp=infeasible margin=0.000e+00 block=2 nodes=484
OPEN support=305 parity=6 k=2 neg=11 pos=9 root_lp=infeasible margin=0.000e+00 block=2 nodes=482
OPEN support=308 parity=5 k=2 neg=10 pos=10 root_lp=infeasible margin=0.000e+00 block=2 nodes=482
OPEN support=311 parity=9 k=2 neg=10 pos=10 root_lp=infeasible margin=0.000e+00 block=2 nodes=482
OPEN support=305 parity=6 k=2 neg=11 pos=9 root_lp=infeasible margin=0.000e+00 block=2 nodes=482
OPEN support=296 parity=11 k=3 neg=10 pos=10 root_lp=feasible margin=3.236e-01 block=0 nodes=548
OPEN support=287 parity=11 k=4 neg=10 pos=10 root_lp=feasible margin=2.544e-01 block=0 nodes=715
OPEN support=308 parity=5 k=3 neg=10 pos=10 root_lp=feasible margin=1.331e-01 block=0 nodes=94
OPEN support=305 parity=6 k=3 neg=11 pos=9 root_lp=infeasible margin=0.000e+00 block=2 nodes=483
OPEN support=311 parity=9 k=3 neg=10 pos=10 root_lp=feasible margin=9.438e-02 block=0 nodes=88
OPEN support=287 parity=11 k=4 neg=10 pos=10 root_lp=feasible margin=1.307e-01 block=0 nodes=46
OPEN support=308 parity=5 k=3 neg=10 pos=10 root_lp=feasible margin=4.140e-02 block=0 nodes=114
OPEN support=305 parity=6 k=3 neg=11 pos=9 root_lp=infeasible margin=0.000e+00 block=2 nodes=483
OPEN support=287 parity=11 k=5 neg=10 pos=10 root_lp=feasible margin=4.189e-01 block=0 nodes=43
OPEN support=311 parity=9 k=3 neg=10 pos=10 root_lp=feasible margin=8.176e-01 block=0 nodes=82
OPEN support=296 parity=11 k=4 neg=10 pos=10 root_lp=feasible margin=5.069e-01 block=0 nodes=515
OPEN support=308 parity=5 k=4 neg=10 pos=10 root_lp=feasible margin=1.210e+00 block=0 nodes=30
OPEN support=311 parity=9 k=4 neg=10 pos=10 root_lp=feasible margin=1.139e+00 block=0 nodes=30
OPEN support=305 parity=6 k=4 neg=11 pos=9 root_lp=infeasible margin=0.000e+00 block=2 nodes=484
OPEN support=311 parity=9 k=3 neg=10 pos=10 root_lp=feasible margin=3.711e-02 block=0 nodes=88
OPEN support=314 parity=9 k=2 neg=10 pos=10 root_lp=infeasible margin=0.000e+00 block=2 nodes=482
OPEN support=317 parity=5 k=2 neg=10 pos=10 root_lp=infeasible margin=0.000e+00 block=2 nodes=482
OPEN support=320 parity=9 k=2 neg=10 pos=10 root_lp=infeasible margin=0.000e+00 block=2 nodes=482
OPEN support=311 parity=9 k=4 neg=10 pos=10 root_lp=feasible margin=9.674e-01 block=0 nodes=30
OPEN support=311 parity=9 k=4 neg=10 pos=10 root_lp=feasible margin=1.235e+00 block=0 nodes=30
OPEN support=314 parity=9 k=3 neg=10 pos=10 root_lp=infeasible margin=0.000e+00 block=2 nodes=483
OPEN support=296 parity=11 k=3 neg=10 pos=10 root_lp=feasible margin=2.061e-01 block=0 nodes=852
OPEN support=317 parity=5 k=3 neg=10 pos=10 root_lp=feasible margin=7.551e-02 block=0 nodes=150
OPEN support=311 parity=9 k=5 neg=10 pos=10 root_lp=feasible margin=9.740e-01 block=0 nodes=20
OPEN support=320 parity=9 k=3 neg=10 pos=10 root_lp=feasible margin=6.561e-02 block=0 nodes=100
OPEN support=314 parity=9 k=3 neg=10 pos=10 root_lp=feasible margin=6.948e-02 block=0 nodes=88
OPEN support=317 parity=5 k=3 neg=10 pos=10 root_lp=feasible margin=7.551e-02 block=0 nodes=140
OPEN support=320 parity=9 k=3 neg=10 pos=10 root_lp=feasible margin=4.071e-02 block=0 nodes=104
OPEN support=311 parity=11 k=2 neg=11 pos=9 root_lp=infeasible margin=0.000e+00 block=2 nodes=482
OPEN support=317 parity=5 k=4 neg=10 pos=10 root_lp=feasible margin=8.253e-01 block=0 nodes=30
OPEN support=314 parity=9 k=4 neg=10 pos=10 root_lp=feasible margin=2.937e-01 block=0 nodes=83
OPEN support=320 parity=9 k=4 neg=10 pos=10 root_lp=feasible margin=6.301e-01 block=0 nodes=30
OPEN support=311 parity=11 k=3 neg=11 pos=9 root_lp=infeasible margin=0.000e+00 block=2 nodes=483
OPEN support=296 parity=11 k=4 neg=10 pos=10 root_lp=feasible margin=3.600e-01 block=0 nodes=803
OPEN support=323 parity=9 k=2 neg=10 pos=10 root_lp=infeasible margin=0.000e+00 block=2 nodes=482
OPEN support=320 parity=9 k=3 neg=10 pos=10 root_lp=feasible margin=4.071e-02 block=0 nodes=102
OPEN support=314 parity=9 k=3 neg=10 pos=10 root_lp=feasible margin=4.071e-02 block=0 nodes=100
OPEN support=311 parity=11 k=3 neg=11 pos=9 root_lp=infeasible margin=0.000e+00 block=4 nodes=483
OPEN support=323 parity=9 k=3 neg=10 pos=10 root_lp=infeasible margin=0.000e+00 block=2 nodes=483
OPEN support=320 parity=9 k=4 neg=10 pos=10 root_lp=feasible margin=9.620e-01 block=0 nodes=30
OPEN support=311 parity=11 k=4 neg=11 pos=9 root_lp=infeasible margin=0.000e+00 block=2 nodes=484
OPEN support=296 parity=11 k=4 neg=10 pos=10 root_lp=feasible margin=2.735e-01 block=0 nodes=124
OPEN support=320 parity=9 k=4 neg=10 pos=10 root_lp=feasible margin=9.012e-01 block=0 nodes=30
OPEN support=314 parity=9 k=4 neg=10 pos=10 root_lp=feasible margin=1.210e-01 block=0 nodes=95
OPEN support=320 parity=9 k=5 neg=10 pos=10 root_lp=feasible margin=6.119e-01 block=0 nodes=20
OPEN support=323 parity=9 k=3 neg=10 pos=10 root_lp=feasible margin=1.193e-02 block=0 nodes=128
OPEN support=314 parity=9 k=4 neg=10 pos=10 root_lp=feasible margin=1.224e+00 block=0 nodes=30
OPEN support=311 parity=11 k=3 neg=11 pos=9 root_lp=infeasible margin=0.000e+00 block=2 nodes=483
OPEN support=296 parity=11 k=5 neg=10 pos=10 root_lp=feasible margin=3.180e-01 block=0 nodes=101
OPEN support=314 parity=9 k=5 neg=10 pos=10 root_lp=feasible margin=1.235e+00 block=0 nodes=31
OPEN support=320 parity=11 k=2 neg=11 pos=9 root_lp=infeasible margin=0.000e+00 block=2 nodes=482
OPEN support=323 parity=9 k=4 neg=10 pos=10 root_lp=feasible margin=9.224e-02 block=0 nodes=119
OPEN support=311 parity=11 k=4 neg=11 pos=9 root_lp=infeasible margin=0.000e+00 block=2 nodes=484
OPEN support=326 parity=2 k=1 neg=8 pos=11 root_lp=infeasible margin=0.000e+00 block=1 nodes=2
OPEN support=314 parity=10 k=2 neg=11 pos=9 root_lp=infeasible margin=0.000e+00 block=2 nodes=482
OPEN support=311 parity=11 k=4 neg=11 pos=9 root_lp=infeasible margin=0.000e+00 block=4 nodes=484
OPEN support=320 parity=11 k=3 neg=11 pos=9 root_lp=infeasible margin=0.000e+00 block=2 nodes=483
OPEN support=323 parity=9 k=3 neg=10 pos=10 root_lp=feasible margin=1.193e-02 block=0 nodes=122
OPEN support=332 parity=7 k=1 neg=8 pos=10 root_lp=infeasible margin=0.000e+00 block=4 nodes=481
OPEN support=314 parity=10 k=3 neg=11 pos=9 root_lp=infeasible margin=0.000e+00 block=2 nodes=483
OPEN support=332 parity=7 k=2 neg=8 pos=10 root_lp=infeasible margin=0.000e+00 block=4 nodes=482
OPEN support=320 parity=11 k=3 neg=11 pos=9 root_lp=infeasible margin=0.000e+00 block=2 nodes=483
OPEN support=311 parity=11 k=5 neg=11 pos=9 root_lp=infeasible margin=0.000e+00 block=2 nodes=485
OPEN support=332 parity=7 k=2 neg=8 pos=10 root_lp=infeasible margin=0.000e+00 block=2 nodes=482
OPEN support=332 parity=7 k=3 neg=8 pos=10 root_lp=infeasible margin=0.000e+00 block=2 nodes=483
OPEN support=323 parity=9 k=4 neg=10 pos=10 root_lp=feasible margin=9.224e-02 block=0 nodes=111
OPEN support=314 parity=10 k=3 neg=11 pos=9 root_lp=infeasible margin=0.000e+00 block=2 nodes=483
OPEN support=320 parity=11 k=4 neg=11 pos=9 root_lp=infeasible margin=0.000e+00 block=2 nodes=484
OPEN support=332 parity=7 k=3 neg=8 pos=10 root_lp=infeasible margin=0.000e+00 block=2 nodes=483
OPEN support=323 parity=9 k=4 neg=10 pos=10 root_lp=feasible margin=8.726e-01 block=0 nodes=30
OPEN support=332 parity=7 k=4 neg=8 pos=10 root_lp=infeasible margin=0.000e+00 block=2 nodes=484
OPEN support=314 parity=10 k=4 neg=11 pos=9 root_lp=infeasible margin=0.000e+00 block=2 nodes=484
OPEN support=323 parity=9 k=5 neg=10 pos=10 root_lp=feasible margin=9.038e-01 block=0 nodes=31
OPEN support=320 parity=11 k=3 neg=11 pos=9 root_lp=infeasible margin=0.000e+00 block=2 nodes=483
OPEN support=323 parity=10 k=2 neg=11 pos=9 root_lp=infeasible margin=0.000e+00 block=2 nodes=482
OPEN support=314 parity=10 k=3 neg=11 pos=9 root_lp=infeasible margin=0.000e+00 block=2 nodes=483
OPEN support=320 parity=11 k=4 neg=11 pos=9 root_lp=infeasible margin=0.000e+00 block=2 nodes=484
OPEN support=341 parity=11 k=2 neg=8 pos=10 root_lp=infeasible margin=0.000e+00 block=2 nodes=482
OPEN support=323 parity=10 k=3 neg=11 pos=9 root_lp=infeasible margin=0.000e+00 block=2 nodes=483
OPEN support=341 parity=11 k=3 neg=8 pos=10 root_lp=infeasible margin=0.000e+00 block=2 nodes=483
OPEN support=320 parity=11 k=4 neg=11 pos=9 root_lp=infeasible margin=0.000e+00 block=2 nodes=484
OPEN support=341 parity=11 k=3 neg=8 pos=10 root_lp=feasible margin=1.731e+00 block=0 nodes=82
OPEN support=323 parity=10 k=3 neg=11 pos=9 root_lp=infeasible margin=0.000e+00 block=2 nodes=483
OPEN support=314 parity=10 k=4 neg=11 pos=9 root_lp=infeasible margin=0.000e+00 block=2 nodes=484
OPEN support=341 parity=11 k=4 neg=8 pos=10 root_lp=feasible margin=1.742e+00 block=0 nodes=83
OPEN support=320 parity=11 k=5 neg=11 pos=9 root_lp=infeasible margin=0.000e+00 block=2 nodes=485
OPEN support=341 parity=11 k=3 neg=8 pos=10 root_lp=infeasible margin=0.000e+00 block=2 nodes=483
OPEN support=323 parity=10 k=4 neg=11 pos=9 root_lp=infeasible margin=0.000e+00 block=2 nodes=484
OPEN support=314 parity=10 k=4 neg=11 pos=9 root_lp=infeasible margin=0.000e+00 block=2 nodes=484
OPEN support=341 parity=11 k=4 neg=8 pos=10 root_lp=infeasible margin=0.000e+00 block=2 nodes=484
OPEN support=341 parity=11 k=4 neg=8 pos=10 root_lp=feasible margin=1.737e+00 block=0 nodes=83
OPEN support=323 parity=10 k=3 neg=11 pos=9 root_lp=infeasible margin=0.000e+00 block=2 nodes=483
OPEN support=350 parity=11 k=2 neg=8 pos=10 root_lp=infeasible margin=0.000e+00 block=2 nodes=482
OPEN support=314 parity=10 k=5 neg=11 pos=9 root_lp=infeasible margin=0.000e+00 block=2 nodes=485
OPEN support=341 parity=11 k=5 neg=8 pos=10 root_lp=feasible margin=1.748e+00 block=0 nodes=84
OPEN support=350 parity=11 k=3 neg=8 pos=10 root_lp=infeasible margin=0.000e+00 block=2 nodes=483
OPEN support=323 parity=10 k=4 neg=11 pos=9 root_lp=infeasible margin=0.000e+00 block=2 nodes=484
OPEN support=350 parity=11 k=3 neg=8 pos=10 root_lp=feasible margin=1.705e+00 block=0 nodes=82
OPEN support=353 parity=2 k=2 neg=8 pos=11 root_lp=feasible margin=1.077e-01 block=0 nodes=747
OPEN support=350 parity=11 k=4 neg=8 pos=10 root_lp=feasible margin=1.780e+00 block=0 nodes=83
OPEN support=353 parity=2 k=3 neg=8 pos=11 root_lp=feasible margin=2.430e-01 block=0 nodes=29
OPEN support=323 parity=10 k=4 neg=11 pos=9 root_lp=infeasible margin=0.000e+00 block=2 nodes=484
OPEN support=356 parity=6 k=2 neg=12 pos=6 root_lp=infeasible margin=0.000e+00 block=4 nodes=482
OPEN support=350 parity=11 k=3 neg=8 pos=10 root_lp=infeasible margin=0.000e+00 block=2 nodes=483
OPEN support=359 parity=7 k=2 neg=9 pos=9 root_lp=infeasible margin=0.000e+00 block=4 nodes=482
OPEN support=356 parity=6 k=3 neg=12 pos=6 root_lp=infeasible margin=0.000e+00 block=4 nodes=483
OPEN support=350 parity=11 k=4 neg=8 pos=10 root_lp=infeasible margin=0.000e+00 block=2 nodes=484
OPEN support=323 parity=10 k=5 neg=11 pos=9 root_lp=infeasible margin=0.000e+00 block=2 nodes=485
OPEN support=356 parity=6 k=3 neg=12 pos=6 root_lp=infeasible margin=0.000e+00 block=4 nodes=483
OPEN support=359 parity=7 k=3 neg=9 pos=9 root_lp=infeasible margin=0.000e+00 block=2 nodes=483
OPEN support=353 parity=2 k=3 neg=8 pos=11 root_lp=feasible margin=7.695e-02 block=0 nodes=586
OPEN support=350 parity=11 k=4 neg=8 pos=10 root_lp=feasible margin=1.743e+00 block=0 nodes=83
OPEN support=356 parity=6 k=4 neg=12 pos=6 root_lp=infeasible margin=0.000e+00 block=2 nodes=484
OPEN support=353 parity=2 k=4 neg=8 pos=11 root_lp=feasible margin=2.430e-01 block=0 nodes=30
OPEN support=350 parity=11 k=5 neg=8 pos=10 root_lp=feasible margin=1.784e+00 block=0 nodes=84
OPEN support=356 parity=6 k=3 neg=12 pos=6 root_lp=infeasible margin=0.000e+00 block=4 nodes=483
OPEN support=353 parity=14 k=2 neg=9 pos=10 root_lp=infeasible margin=0.000e+00 block=4 nodes=482
OPEN support=356 parity=6 k=4 neg=12 pos=6 root_lp=infeasible margin=0.000e+00 block=2 nodes=484
OPEN support=359 parity=7 k=3 neg=9 pos=9 root_lp=feasible margin=1.477e-01 block=0 nodes=390
OPEN support=362 parity=4 k=2 neg=8 pos=11 root_lp=feasible margin=8.956e-02 block=0 nodes=81
OPEN support=356 parity=6 k=4 neg=12 pos=6 root_lp=infeasible margin=0.000e+00 block=2 nodes=484
OPEN support=362 parity=4 k=3 neg=8 pos=11 root_lp=feasible margin=2.430e-01 block=0 nodes=29
OPEN support=356 parity=6 k=5 neg=12 pos=6 root_lp=infeasible margin=0.000e+00 block=4 nodes=485
OPEN support=362 parity=4 k=3 neg=8 pos=11 root_lp=feasible margin=2.430e-01 block=0 nodes=29
OPEN support=362 parity=4 k=4 neg=8 pos=11 root_lp=feasible margin=2.430e-01 block=0 nodes=19
OPEN support=353 parity=14 k=3 neg=9 pos=10 root_lp=feasible margin=2.546e-01 block=0 nodes=596
OPEN support=359 parity=7 k=4 neg=9 pos=9 root_lp=feasible margin=1.257e-01 block=0 nodes=341
OPEN support=353 parity=14 k=3 neg=9 pos=10 root_lp=infeasible margin=0.000e+00 block=4 nodes=483
OPEN support=356 parity=28 k=2 neg=8 pos=10 root_lp=infeasible margin=0.000e+00 block=2 nodes=482
OPEN support=362 parity=4 k=3 neg=8 pos=11 root_lp=feasible margin=1.200e-01 block=0 nodes=82
OPEN support=359 parity=7 k=3 neg=9 pos=9 root_lp=infeasible margin=0.000e+00 block=2 nodes=483
OPEN support=362 parity=4 k=4 neg=8 pos=11 root_lp=feasible margin=2.430e-01 block=0 nodes=30
OPEN support=365 parity=10 k=2 neg=12 pos=6 root_lp=infeasible margin=0.000e+00 block=2 nodes=482
OPEN support=362 parity=4 k=4 neg=8 pos=11 root_lp=feasible margin=2.430e-01 block=0 nodes=30
OPEN support=362 parity=4 k=5 neg=8 pos=11 root_lp=feasible margin=2.430e-01 block=0 nodes=20
OPEN support=359 parity=7 k=4 neg=9 pos=9 root_lp=infeasible margin=0.000e+00 block=2 nodes=484
OPEN support=365 parity=10 k=3 neg=12 pos=6 root_lp=infeasible margin=0.000e+00 block=4 nodes=483
OPEN support=356 parity=28 k=3 neg=8 pos=10 root_lp=feasible margin=1.214e-01 block=0 nodes=432
OPEN support=353 parity=14 k=4 neg=9 pos=10 root_lp=feasible margin=2.356e-01 block=0 nodes=603
OPEN support=365 parity=10 k=3 neg=12 pos=6 root_lp=infeasible margin=0.000e+00 block=2 nodes=483
OPEN support=365 parity=10 k=4 neg=12 pos=6 root_lp=infeasible margin=0.000e+00 block=4 nodes=484
OPEN support=356 parity=28 k=3 neg=8 pos=10 root_lp=feasible margin=1.202e-01 block=0 nodes=274
OPEN support=359 parity=7 k=4 neg=9 pos=9 root_lp=feasible margin=9.618e-02 block=0 nodes=345
OPEN support=365 parity=10 k=3 neg=12 pos=6 root_lp=infeasible margin=0.000e+00 block=4 nodes=483
OPEN support=356 parity=28 k=4 neg=8 pos=10 root_lp=feasible margin=2.687e-01 block=0 nodes=38
OPEN support=362 parity=28 k=2 neg=9 pos=10 root_lp=infeasible margin=0.000e+00 block=2 nodes=482
OPEN support=365 parity=10 k=4 neg=12 pos=6 root_lp=infeasible margin=0.000e+00 block=4 nodes=484
OPEN support=356 parity=28 k=3 neg=8 pos=10 root_lp=infeasible margin=0.000e+00 block=2 nodes=483
OPEN support=365 parity=10 k=4 neg=12 pos=6 root_lp=infeasible margin=0.000e+00 block=4 nodes=484
OPEN support=359 parity=7 k=5 neg=9 pos=9 root_lp=feasible margin=1.104e-01 block=0 nodes=304
OPEN support=368 parity=11 k=2 neg=9 pos=9 root_lp=infeasible margin=0.000e+00 block=2 nodes=482
OPEN support=365 parity=10 k=5 neg=12 pos=6 root_lp=infeasible margin=0.000e+00 block=4 nodes=485
OPEN support=362 parity=28 k=3 neg=9 pos=10 root_lp=feasible margin=2.313e-01 block=0 nodes=328
OPEN support=356 parity=28 k=4 neg=8 pos=10 root_lp=feasible margin=1.989e-01 block=0 nodes=423
OPEN support=359 parity=11 k=2 neg=8 pos=10 root_lp=infeasible margin=0.000e+00 block=2 nodes=482
OPEN support=365 parity=10 k=3 neg=12 pos=6 root_lp=infeasible margin=0.000e+00 block=2 nodes=483
OPEN support=368 parity=11 k=3 neg=9 pos=9 root_lp=infeasible margin=0.000e+00 block=2 nodes=483
OPEN support=359 parity=11 k=3 neg=8 pos=10 root_lp=infeasible margin=0.000e+00 block=2 nodes=483
OPEN support=365 parity=10 k=4 neg=12 pos=6 root_lp=infeasible margin=0.000e+00 block=4 nodes=484
OPEN support=359 parity=11 k=3 neg=8 pos=10 root_lp=feasible margin=1.418e+00 block=0 nodes=82
OPEN support=356 parity=28 k=4 neg=8 pos=10 root_lp=feasible margin=1.584e-01 block=0 nodes=275
OPEN support=365 parity=10 k=4 neg=12 pos=6 root_lp=infeasible margin=0.000e+00 block=4 nodes=484
OPEN support=356 parity=28 k=5 neg=8 pos=10 root_lp=feasible margin=3.086e-01 block=0 nodes=39
OPEN support=368 parity=11 k=3 neg=9 pos=9 root_lp=feasible margin=2.096e-01 block=0 nodes=114
OPEN support=362 parity=28 k=3 neg=9 pos=10 root_lp=feasible margin=1.520e-01 block=0 nodes=484
OPEN support=359 parity=11 k=4 neg=8 pos=10 root_lp=feasible margin=1.430e+00 block=0 nodes=83
OPEN support=365 parity=10 k=5 neg=12 pos=6 root_lp=infeasible margin=0.000e+00 block=4 nodes=485
OPEN support=359 parity=11 k=3 neg=8 pos=10 root_lp=infeasible margin=0.000e+00 block=2 nodes=483
OPEN support=362 parity=28 k=4 neg=9 pos=10 root_lp=feasible margin=6.532e-01 block=0 nodes=46
OPEN support=365 parity=10 k=4 neg=12 pos=6 root_lp=infeasible margin=0.000e+00 block=4 nodes=484
OPEN support=368 parity=11 k=4 neg=9 pos=9 root_lp=feasible margin=2.446e-01 block=0 nodes=105
OPEN support=359 parity=11 k=4 neg=8 pos=10 root_lp=infeasible margin=0.000e+00 block=2 nodes=484
OPEN support=362 parity=28 k=3 neg=9 pos=10 root_lp=infeasible margin=0.000e+00 block=2 nodes=483
OPEN support=365 parity=10 k=5 neg=12 pos=6 root_lp=infeasible margin=0.000e+00 block=4 nodes=485
OPEN support=359 parity=11 k=4 neg=8 pos=10 root_lp=feasible margin=1.433e+00 block=0 nodes=83
OPEN support=365 parity=10 k=5 neg=12 pos=6 root_lp=infeasible margin=0.000e+00 block=4 nodes=485
OPEN support=359 parity=11 k=5 neg=8 pos=10 root_lp=feasible margin=1.444e+00 block=0 nodes=84
OPEN support=368 parity=11 k=3 neg=9 pos=9 root_lp=feasible margin=1.312e-01 block=0 nodes=216
OPEN support=365 parity=10 k=6 neg=12 pos=6 root_lp=infeasible margin=0.000e+00 block=4 nodes=486
OPEN support=362 parity=28 k=4 neg=9 pos=10 root_lp=feasible margin=1.495e-01 block=0 nodes=331
OPEN support=359 parity=28 k=2 neg=8 pos=10 root_lp=infeasible margin=0.000e+00 block=2 nodes=482
OPEN support=356 parity=30 k=2 neg=9 pos=9 root_lp=feasible margin=1.402e-02 block=0 nodes=1191
OPEN support=359 parity=28 k=3 neg=8 pos=10 root_lp=infeasible margin=0.000e+00 block=2 nodes=483
OPEN support=368 parity=11 k=4 neg=9 pos=9 root_lp=feasible margin=1.642e-01 block=0 nodes=185
OPEN support=368 parity=11 k=4 neg=9 pos=9 root_lp=feasible margin=1.118e+00 block=0 nodes=30
OPEN support=356 parity=30 k=3 neg=9 pos=9 root_lp=feasible margin=1.338e-02 block=0 nodes=145
OPEN support=359 parity=28 k=3 neg=8 pos=10 root_lp=feasible margin=4.231e-02 block=0 nodes=298
OPEN support=368 parity=11 k=5 neg=9 pos=9 root_lp=feasible margin=1.123e+00 block=0 nodes=31
OPEN support=362 parity=28 k=4 neg=9 pos=10 root_lp=feasible margin=9.164e-02 block=0 nodes=491
OPEN support=356 parity=30 k=3 neg=9 pos=9 root_lp=feasible margin=1.359e-01 block=0 nodes=89
OPEN support=362 parity=28 k=5 neg=9 pos=10 root_lp=feasible margin=5.427e-01 block=0 nodes=47
OPEN support=368 parity=11 k=3 neg=9 pos=9 root_lp=infeasible margin=0.000e+00 block=2 nodes=483
OPEN support=359 parity=28 k=4 neg=8 pos=10 root_lp=feasible margin=2.567e-01 block=0 nodes=277
OPEN support=356 parity=30 k=4 neg=9 pos=9 root_lp=feasible margin=1.714e-01 block=0 nodes=19
OPEN support=359 parity=28 k=3 neg=8 pos=10 root_lp=infeasible margin=0.000e+00 block=2 nodes=483
OPEN support=359 parity=28 k=4 neg=8 pos=10 root_lp=infeasible margin=0.000e+00 block=2 nodes=484
OPEN support=368 parity=11 k=4 neg=9 pos=9 root_lp=infeasible margin=0.000e+00 block=2 nodes=484
OPEN support=371 parity=4 k=2 neg=8 pos=11 root_lp=feasible margin=2.606e-02 block=0 nodes=95
OPEN support=371 parity=4 k=3 neg=8 pos=11 root_lp=feasible margin=2.430e-01 block=0 nodes=29
OPEN support=368 parity=11 k=4 neg=9 pos=9 root_lp=feasible margin=1.581e-01 block=0 nodes=105
OPEN support=371 parity=4 k=3 neg=8 pos=11 root_lp=feasible margin=2.430e-01 block=0 nodes=29
OPEN support=365 parity=56 k=2 neg=8 pos=10 root_lp=infeasible margin=0.000e+00 block=2 nodes=482
OPEN support=359 parity=28 k=4 neg=8 pos=10 root_lp=feasible margin=6.245e-02 block=0 nodes=299
OPEN support=371 parity=4 k=4 neg=8 pos=11 root_lp=feasible margin=2.430e-01 block=0 nodes=19
OPEN support=368 parity=11 k=5 neg=9 pos=9 root_lp=feasible margin=1.931e-01 block=0 nodes=102
OPEN support=356 parity=30 k=3 neg=9 pos=9 root_lp=feasible margin=1.096e-01 block=0 nodes=928
OPEN support=371 parity=4 k=3 neg=8 pos=11 root_lp=feasible margin=7.939e-02 block=0 nodes=82
OPEN support=365 parity=56 k=3 neg=8 pos=10 root_lp=feasible margin=1.377e-01 block=0 nodes=290
OPEN support=359 parity=28 k=5 neg=8 pos=10 root_lp=feasible margin=2.766e-01 block=0 nodes=282
OPEN support=371 parity=4 k=4 neg=8 pos=11 root_lp=feasible margin=2.430e-01 block=0 nodes=30
OPEN support=356 parity=30 k=4 neg=9 pos=9 root_lp=feasible margin=8.098e-02 block=0 nodes=52
OPEN support=371 parity=4 k=4 neg=8 pos=11 root_lp=feasible margin=2.430e-01 block=0 nodes=30
OPEN support=371 parity=4 k=5 neg=8 pos=11 root_lp=feasible margin=2.430e-01 block=0 nodes=20
OPEN support=365 parity=56 k=3 neg=8 pos=10 root_lp=feasible margin=3.222e-01 block=0 nodes=162
OPEN support=368 parity=11 k=4 neg=9 pos=9 root_lp=feasible margin=7.971e-02 block=0 nodes=191
OPEN support=356 parity=30 k=4 neg=9 pos=9 root_lp=feasible margin=3.096e-01 block=0 nodes=38
OPEN support=365 parity=56 k=4 neg=8 pos=10 root_lp=feasible margin=1.143e+00 block=0 nodes=30
OPEN support=356 parity=30 k=5 neg=9 pos=9 root_lp=feasible margin=2.190e-01 block=0 nodes=20
OPEN support=365 parity=56 k=3 neg=8 pos=10 root_lp=feasible margin=1.661e-02 block=0 nodes=200
OPEN support=368 parity=11 k=5 neg=9 pos=9 root_lp=feasible margin=1.147e-01 block=0 nodes=164
OPEN support=374 parity=10 k=2 neg=12 pos=6 root_lp=infeasible margin=0.000e+00 block=2 nodes=482
OPEN support=365 parity=56 k=4 neg=8 pos=10 root_lp=feasible margin=1.085e+00 block=0 nodes=30
OPEN support=368 parity=11 k=5 neg=9 pos=9 root_lp=feasible margin=1.103e+00 block=0 nodes=31
OPEN support=371 parity=28 k=2 neg=9 pos=10 root_lp=infeasible margin=0.000e+00 block=2 nodes=482
OPEN support=365 parity=56 k=4 neg=8 pos=10 root_lp=feasible margin=1.489e+00 block=0 nodes=30
OPEN support=374 parity=10 k=3 neg=12 pos=6 root_lp=infeasible margin=0.000e+00 block=2 nodes=483
OPEN support=365 parity=56 k=5 neg=8 pos=10 root_lp=feasible margin=1.193e+00 block=0 nodes=20
OPEN support=368 parity=11 k=6 neg=9 pos=9 root_lp=feasible margin=1.108e+00 block=0 nodes=32
OPEN support=365 parity=56 k=3 neg=8 pos=10 root_lp=infeasible margin=0.000e+00 block=2 nodes=483
OPEN support=374 parity=10 k=3 neg=12 pos=6 root_lp=infeasible margin=0.000e+00 block=2 nodes=483
OPEN support=377 parity=11 k=2 neg=9 pos=9 root_lp=infeasible margin=0.000e+00 block=2 nodes=482
OPEN support=374 parity=10 k=4 neg=12 pos=6 root_lp=infeasible margin=0.000e+00 block=2 nodes=484
OPEN support=377 parity=11 k=3 neg=9 pos=9 root_lp=infeasible margin=0.000e+00 block=2 nodes=483
OPEN support=365 parity=56 k=4 neg=8 pos=10 root_lp=feasible margin=2.560e-01 block=0 nodes=291
OPEN support=374 parity=10 k=3 neg=12 pos=6 root_lp=infeasible margin=0.000e+00 block=4 nodes=483
OPEN support=368 parity=19 k=2 neg=8 pos=10 root_lp=infeasible margin=0.000e+00 block=2 nodes=482
OPEN support=371 parity=28 k=3 neg=9 pos=10 root_lp=feasible margin=1.227e-01 block=0 nodes=566
OPEN support=374 parity=10 k=4 neg=12 pos=6 root_lp=infeasible margin=0.000e+00 block=4 nodes=484
OPEN support=368 parity=19 k=3 neg=8 pos=10 root_lp=infeasible margin=0.000e+00 block=2 nodes=483
OPEN support=365 parity=56 k=4 neg=8 pos=10 root_lp=feasible margin=5.003e-01 block=0 nodes=161
OPEN support=377 parity=11 k=3 neg=9 pos=9 root_lp=feasible margin=2.354e-01 block=0 nodes=162
OPEN support=374 parity=10 k=4 neg=12 pos=6 root_lp=infeasible margin=0.000e+00 block=2 nodes=484
OPEN support=365 parity=56 k=5 neg=8 pos=10 root_lp=feasible margin=1.141e+00 block=0 nodes=31
OPEN support=368 parity=19 k=3 neg=8 pos=10 root_lp=feasible margin=1.762e+00 block=0 nodes=82
OPEN support=374 parity=10 k=5 neg=12 pos=6 root_lp=infeasible margin=0.000e+00 block=4 nodes=485
OPEN support=368 parity=19 k=4 neg=8 pos=10 root_lp=feasible margin=1.771e+00 block=0 nodes=83
OPEN support=371 parity=28 k=3 neg=9 pos=10 root_lp=feasible margin=2.018e-01 block=0 nodes=524
OPEN support=377 parity=11 k=4 neg=9 pos=9 root_lp=feasible margin=2.704e-01 block=0 nodes=143
OPEN support=374 parity=10 k=3 neg=12 pos=6 root_lp=infeasible margin=0.000e+00 block=2 nodes=483
OPEN support=365 parity=56 k=4 neg=8 pos=10 root_lp=feasible margin=5.478e-02 block=0 nodes=199
OPEN support=368 parity=19 k=3 neg=8 pos=10 root_lp=feasible margin=1.445e+00 block=0 nodes=82
OPEN support=365 parity=56 k=5 neg=8 pos=10 root_lp=feasible margin=1.080e+00 block=0 nodes=31
OPEN support=374 parity=10 k=4 neg=12 pos=6 root_lp=infeasible margin=0.000e+00 block=4 nodes=484
OPEN support=368 parity=19 k=4 neg=8 pos=10 root_lp=feasible margin=1.455e+00 block=0 nodes=83
OPEN support=371 parity=28 k=4 neg=9 pos=10 root_lp=feasible margin=4.945e-02 block=0 nodes=88
OPEN support=365 parity=56 k=5 neg=8 pos=10 root_lp=feasible margin=1.470e+00 block=0 nodes=31
OPEN support=368 parity=19 k=4 neg=8 pos=10 root_lp=feasible margin=1.519e+00 block=0 nodes=30
OPEN support=365 parity=56 k=6 neg=8 pos=10 root_lp=feasible margin=1.189e+00 block=0 nodes=21
OPEN support=371 parity=28 k=3 neg=9 pos=10 root_lp=infeasible margin=0.000e+00 block=2 nodes=483
OPEN support=377 parity=11 k=3 neg=9 pos=9 root_lp=feasible margin=1.441e-01 block=0 nodes=260
OPEN support=368 parity=19 k=5 neg=8 pos=10 root_lp=feasible margin=1.526e+00 block=0 nodes=31
OPEN support=374 parity=10 k=4 neg=12 pos=6 root_lp=infeasible margin=0.000e+00 block=2 nodes=484
OPEN support=368 parity=19 k=3 neg=8 pos=10 root_lp=infeasible margin=0.000e+00 block=2 nodes=483
OPEN support=374 parity=10 k=5 neg=12 pos=6 root_lp=infeasible margin=0.000e+00 block=4 nodes=485
OPEN support=368 parity=19 k=4 neg=8 pos=10 root_lp=infeasible margin=0.000e+00 block=2 nodes=484
OPEN support=374 parity=10 k=4 neg=12 pos=6 root_lp=infeasible margin=0.000e+00 block=4 nodes=484
OPEN support=377 parity=11 k=4 neg=9 pos=9 root_lp=feasible margin=1.791e-01 block=0 nodes=225
OPEN support=368 parity=19 k=4 neg=8 pos=10 root_lp=feasible margin=1.764e+00 block=0 nodes=83
OPEN support=374 parity=10 k=5 neg=12 pos=6 root_lp=infeasible margin=0.000e+00 block=4 nodes=485
OPEN support=377 parity=11 k=4 neg=9 pos=9 root_lp=feasible margin=6.237e-01 block=0 nodes=30
OPEN support=368 parity=19 k=5 neg=8 pos=10 root_lp=feasible margin=1.773e+00 block=0 nodes=84
OPEN support=371 parity=28 k=4 neg=9 pos=10 root_lp=feasible margin=5.503e-01 block=0 nodes=577
OPEN support=374 parity=10 k=5 neg=12 pos=6 root_lp=infeasible margin=0.000e+00 block=2 nodes=485
OPEN support=377 parity=11 k=5 neg=9 pos=9 root_lp=feasible margin=6.499e-01 block=0 nodes=31
OPEN support=368 parity=19 k=4 neg=8 pos=10 root_lp=feasible margin=1.460e+00 block=0 nodes=83
OPEN support=365 parity=58 k=2 neg=9 pos=9 root_lp=feasible margin=1.220e-01 block=0 nodes=953
OPEN support=374 parity=10 k=6 neg=12 pos=6 root_lp=infeasible margin=0.000e+00 block=4 nodes=486
OPEN support=368 parity=19 k=5 neg=8 pos=10 root_lp=feasible margin=1.469e+00 block=0 nodes=84
OPEN support=377 parity=11 k=3 neg=9 pos=9 root_lp=infeasible margin=0.000e+00 block=2 nodes=483
OPEN support=368 parity=19 k=5 neg=8 pos=10 root_lp=feasible margin=1.530e+00 block=0 nodes=31
OPEN support=368 parity=19 k=6 neg=8 pos=10 root_lp=feasible margin=1.536e+00 block=0 nodes=32
OPEN support=365 parity=58 k=3 neg=9 pos=9 root_lp=feasible margin=5.804e-01 block=0 nodes=67
OPEN support=371 parity=28 k=4 neg=9 pos=10 root_lp=feasible margin=4.423e-02 block=0 nodes=531
OPEN support=377 parity=11 k=4 neg=9 pos=9 root_lp=infeasible margin=0.000e+00 block=2 nodes=484
OPEN support=371 parity=28 k=5 neg=9 pos=10 root_lp=feasible margin=1.339e-01 block=0 nodes=93
OPEN support=377 parity=11 k=4 neg=9 pos=9 root_lp=feasible margin=1.839e-01 block=0 nodes=147
OPEN support=365 parity=58 k=3 neg=9 pos=9 root_lp=feasible margin=6.730e-01 block=0 nodes=87
OPEN support=365 parity=58 k=4 neg=9 pos=9 root_lp=feasible margin=1.732e-02 block=0 nodes=19
OPEN support=377 parity=11 k=5 neg=9 pos=9 root_lp=feasible margin=2.189e-01 block=0 nodes=130
OPEN support=365 parity=58 k=3 neg=9 pos=9 root_lp=feasible margin=7.748e-01 block=0 nodes=51
OPEN support=365 parity=58 k=4 neg=9 pos=9 root_lp=feasible margin=1.800e-01 block=0 nodes=19
OPEN support=380 parity=3 k=3 neg=9 pos=9 root_lp=feasible margin=2.174e-01 block=0 nodes=65
OPEN support=377 parity=11 k=4 neg=9 pos=9 root_lp=feasible margin=9.262e-02 block=0 nodes=229
OPEN support=380 parity=3 k=4 neg=9 pos=9 root_lp=feasible margin=4.558e-03 block=0 nodes=19
OPEN support=374 parity=56 k=2 neg=8 pos=10 root_lp=infeasible margin=0.000e+00 block=2 nodes=482
OPEN support=368 parity=56 k=2 neg=8 pos=10 root_lp=infeasible margin=0.000e+00 block=2 nodes=482
OPEN support=380 parity=15 k=1 neg=8 pos=10 root_lp=infeasible margin=0.000e+00 block=4 nodes=481
OPEN support=368 parity=56 k=3 neg=8 pos=10 root_lp=infeasible margin=0.000e+00 block=2 nodes=483
OPEN support=380 parity=15 k=2 neg=8 pos=10 root_lp=infeasible margin=0.000e+00 block=4 nodes=482
OPEN support=377 parity=11 k=5 neg=9 pos=9 root_lp=feasible margin=1.276e-01 block=0 nodes=200
OPEN support=374 parity=56 k=3 neg=8 pos=10 root_lp=feasible margin=1.577e-01 block=0 nodes=338
OPEN support=365 parity=58 k=4 neg=9 pos=9 root_lp=feasible margin=4.901e-01 block=0 nodes=63
OPEN support=368 parity=56 k=3 neg=8 pos=10 root_lp=feasible margin=4.720e-01 block=0 nodes=172
OPEN support=377 parity=11 k=5 neg=9 pos=9 root_lp=feasible margin=6.206e-01 block=0 nodes=31
OPEN support=380 parity=15 k=3 neg=8 pos=10 root_lp=feasible margin=4.360e-02 block=0 nodes=144
OPEN support=365 parity=58 k=5 neg=9 pos=9 root_lp=feasible margin=3.991e-01 block=0 nodes=20
OPEN support=380 parity=15 k=3 neg=8 pos=10 root_lp=infeasible margin=0.000e+00 block=2 nodes=483
OPEN support=377 parity=11 k=6 neg=9 pos=9 root_lp=feasible margin=6.464e-01 block=0 nodes=32
OPEN support=368 parity=56 k=4 neg=8 pos=10 root_lp=feasible margin=8.292e-02 block=0 nodes=161
OPEN support=374 parity=56 k=3 neg=8 pos=10 root_lp=feasible margin=3.266e-01 block=0 nodes=246
OPEN support=374 parity=56 k=4 neg=8 pos=10 root_lp=feasible margin=8.876e-01 block=0 nodes=30
OPEN support=380 parity=15 k=4 neg=8 pos=10 root_lp=feasible margin=3.348e-02 block=0 nodes=103
OPEN support=368 parity=56 k=3 neg=8 pos=10 root_lp=feasible margin=2.365e-01 block=0 nodes=218
OPEN support=374 parity=56 k=3 neg=8 pos=10 root_lp=feasible margin=8.775e-02 block=0 nodes=222
OPEN support=377 parity=19 k=2 neg=8 pos=10 root_lp=infeasible margin=0.000e+00 block=2 nodes=482
OPEN support=383 parity=5 k=3 neg=9 pos=9 root_lp=feasible margin=4.515e-03 block=0 nodes=31
OPEN support=374 parity=56 k=4 neg=8 pos=10 root_lp=feasible margin=8.593e-01 block=0 nodes=30
OPEN support=377 parity=19 k=3 neg=8 pos=10 root_lp=infeasible margin=0.000e+00 block=2 nodes=483
OPEN support=383 parity=5 k=4 neg=9 pos=9 root_lp=feasible margin=4.750e-03 block=0 nodes=19
OPEN support=368 parity=56 k=4 neg=8 pos=10 root_lp=feasible margin=1.908e-01 block=0 nodes=203
OPEN support=374 parity=56 k=4 neg=8 pos=10 root_lp=feasible margin=1.059e+00 block=0 nodes=30
OPEN support=365 parity=58 k=3 neg=9 pos=9 root_lp=feasible margin=8.736e-02 block=0 nodes=754
OPEN support=368 parity=56 k=4 neg=8 pos=10 root_lp=feasible margin=1.319e+00 block=0 nodes=30
OPEN support=374 parity=56 k=5 neg=8 pos=10 root_lp=feasible margin=1.151e+00 block=0 nodes=20
OPEN support=383 parity=5 k=4 neg=9 pos=9 root_lp=feasible margin=2.430e-01 block=0 nodes=21
OPEN support=377 parity=19 k=3 neg=8 pos=10 root_lp=feasible margin=1.832e+00 block=0 nodes=82
OPEN support=368 parity=56 k=5 neg=8 pos=10 root_lp=feasible margin=1.406e+00 block=0 nodes=31
OPEN support=374 parity=56 k=3 neg=8 pos=10 root_lp=infeasible margin=0.000e+00 block=2 nodes=483
OPEN support=365 parity=58 k=4 neg=9 pos=9 root_lp=feasible margin=6.619e-01 block=0 nodes=32
OPEN support=368 parity=56 k=3 neg=8 pos=10 root_lp=infeasible margin=0.000e+00 block=2 nodes=483
OPEN support=383 parity=5 k=5 neg=9 pos=9 root_lp=feasible margin=4.839e-03 block=0 nodes=15
OPEN support=377 parity=19 k=4 neg=8 pos=10 root_lp=feasible margin=1.851e+00 block=0 nodes=83
OPEN support=383 parity=7 k=2 neg=10 pos=8 root_lp=infeasible margin=0.000e+00 block=4 nodes=482
OPEN support=368 parity=56 k=4 neg=8 pos=10 root_lp=infeasible margin=0.000e+00 block=2 nodes=484
OPEN support=365 parity=58 k=4 neg=9 pos=9 root_lp=feasible margin=7.502e-01 block=0 nodes=46
OPEN support=377 parity=19 k=3 neg=8 pos=10 root_lp=feasible margin=1.496e+00 block=0 nodes=82
OPEN support=374 parity=56 k=4 neg=8 pos=10 root_lp=feasible margin=2.609e-01 block=0 nodes=335
OPEN support=377 parity=19 k=4 neg=8 pos=10 root_lp=feasible margin=1.498e+00 block=0 nodes=83
OPEN support=365 parity=58 k=5 neg=9 pos=9 root_lp=feasible margin=2.459e-02 block=0 nodes=20
OPEN support=383 parity=7 k=3 neg=10 pos=8 root_lp=infeasible margin=0.000e+00 block=2 nodes=483
OPEN support=368 parity=56 k=4 neg=8 pos=10 root_lp=feasible margin=2.348e-01 block=0 nodes=169
OPEN support=377 parity=19 k=4 neg=8 pos=10 root_lp=feasible margin=1.587e+00 block=0 nodes=30
OPEN support=365 parity=58 k=4 neg=9 pos=9 root_lp=feasible margin=8.429e-02 block=0 nodes=30
OPEN support=377 parity=19 k=5 neg=8 pos=10 root_lp=feasible margin=1.595e+00 block=0 nodes=31
OPEN support=383 parity=7 k=3 neg=10 pos=8 root_lp=infeasible margin=0.000e+00 block=4 nodes=483
OPEN support=365 parity=58 k=5 neg=9 pos=9 root_lp=feasible margin=2.073e-01 block=0 nodes=20
OPEN support=374 parity=56 k=4 neg=8 pos=10 root_lp=feasible margin=3.395e-02 block=0 nodes=247
OPEN support=368 parity=56 k=5 neg=8 pos=10 root_lp=feasible margin=2.980e-01 block=0 nodes=156
OPEN support=377 parity=19 k=3 neg=8 pos=10 root_lp=infeasible margin=0.000e+00 block=2 nodes=483
OPEN support=374 parity=56 k=5 neg=8 pos=10 root_lp=feasible margin=9.174e-01 block=0 nodes=31
OPEN support=365 parity=58 k=5 neg=9 pos=9 root_lp=feasible margin=1.184e-02 block=0 nodes=20
OPEN support=377 parity=19 k=4 neg=8 pos=10 root_lp=infeasible margin=0.000e+00 block=2 nodes=484
OPEN support=383 parity=7 k=4 neg=10 pos=8 root_lp=infeasible margin=0.000e+00 block=4 nodes=484
OPEN support=365 parity=58 k=6 neg=9 pos=9 root_lp=feasible margin=3.932e-01 block=0 nodes=21
OPEN support=383 parity=7 k=3 neg=10 pos=8 root_lp=infeasible margin=0.000e+00 block=4 nodes=483
OPEN support=368 parity=56 k=4 neg=8 pos=10 root_lp=feasible margin=2.609e-01 block=0 nodes=221
OPEN support=374 parity=56 k=4 neg=8 pos=10 root_lp=feasible margin=1.263e-01 block=0 nodes=223
OPEN support=377 parity=19 k=4 neg=8 pos=10 root_lp=feasible margin=1.834e+00 block=0 nodes=83
OPEN support=374 parity=56 k=5 neg=8 pos=10 root_lp=feasible margin=8.648e-01 block=0 nodes=31
OPEN support=383 parity=7 k=4 neg=10 pos=8 root_lp=infeasible margin=0.000e+00 block=4 nodes=484
OPEN support=377 parity=19 k=5 neg=8 pos=10 root_lp=feasible margin=1.852e+00 block=0 nodes=84
OPEN support=374 parity=56 k=5 neg=8 pos=10 root_lp=feasible margin=1.047e+00 block=0 nodes=31
OPEN support=368 parity=56 k=5 neg=8 pos=10 root_lp=feasible margin=2.115e-01 block=0 nodes=202
OPEN support=374 parity=56 k=6 neg=8 pos=10 root_lp=feasible margin=1.149e+00 block=0 nodes=21
OPEN support=368 parity=56 k=5 neg=8 pos=10 root_lp=feasible margin=1.323e+00 block=0 nodes=31
OPEN support=377 parity=19 k=4 neg=8 pos=10 root_lp=feasible margin=1.500e+00 block=0 nodes=83
OPEN support=383 parity=7 k=4 neg=10 pos=8 root_lp=infeasible margin=0.000e+00 block=4 nodes=484
OPEN support=368 parity=56 k=6 neg=8 pos=10 root_lp=feasible margin=1.396e+00 block=0 nodes=32
OPEN support=377 parity=19 k=5 neg=8 pos=10 root_lp=feasible margin=1.502e+00 block=0 nodes=84
OPEN support=377 parity=19 k=5 neg=8 pos=10 root_lp=feasible margin=1.598e+00 block=0 nodes=31
OPEN support=383 parity=7 k=5 neg=10 pos=8 root_lp=infeasible margin=0.000e+00 block=4 nodes=485
OPEN support=377 parity=19 k=6 neg=8 pos=10 root_lp=feasible margin=1.607e+00 block=0 nodes=32
OPEN support=374 parity=58 k=2 neg=9 pos=9 root_lp=feasible margin=1.654e-01 block=0 nodes=651
OPEN support=383 parity=29 k=2 neg=8 pos=10 root_lp=infeasible margin=0.000e+00 block=2 nodes=482
OPEN support=386 parity=5 k=3 neg=9 pos=9 root_lp=feasible margin=2.430e-01 block=0 nodes=167
OPEN support=389 parity=5 k=3 neg=9 pos=9 root_lp=feasible margin=2.340e-01 block=0 nodes=37
OPEN support=374 parity=58 k=3 neg=9 pos=9 root_lp=feasible margin=2.430e-01 block=0 nodes=29
OPEN support=389 parity=5 k=4 neg=9 pos=9 root_lp=feasible margin=4.806e-03 block=0 nodes=19
OPEN support=374 parity=58 k=3 neg=9 pos=9 root_lp=feasible margin=2.430e-01 block=0 nodes=29
OPEN support=383 parity=29 k=3 neg=8 pos=10 root_lp=feasible margin=1.014e-02 block=0 nodes=212
OPEN support=374 parity=58 k=4 neg=9 pos=9 root_lp=feasible margin=2.430e-01 block=0 nodes=19
OPEN support=389 parity=5 k=4 neg=9 pos=9 root_lp=feasible margin=4.773e-03 block=0 nodes=19
OPEN support=374 parity=58 k=3 neg=9 pos=9 root_lp=feasible margin=2.216e-01 block=0 nodes=29
OPEN support=386 parity=5 k=4 neg=9 pos=9 root_lp=feasible margin=2.430e-01 block=0 nodes=59
OPEN support=389 parity=5 k=5 neg=9 pos=9 root_lp=feasible margin=4.839e-03 block=0 nodes=13
OPEN support=383 parity=29 k=3 neg=8 pos=10 root_lp=feasible margin=1.343e-03 block=0 nodes=114
OPEN support=374 parity=58 k=4 neg=9 pos=9 root_lp=feasible margin=2.430e-01 block=0 nodes=19
OPEN support=383 parity=29 k=4 neg=8 pos=10 root_lp=feasible margin=7.589e-01 block=0 nodes=30
OPEN support=374 parity=58 k=4 neg=9 pos=9 root_lp=feasible margin=2.430e-01 block=0 nodes=19
OPEN support=383 parity=29 k=3 neg=8 pos=10 root_lp=infeasible margin=0.000e+00 block=2 nodes=483
OPEN support=374 parity=58 k=5 neg=9 pos=9 root_lp=feasible margin=2.430e-01 block=0 nodes=13
OPEN support=386 parity=5 k=3 neg=9 pos=9 root_lp=feasible margin=2.033e-01 block=0 nodes=73
OPEN support=389 parity=29 k=2 neg=8 pos=10 root_lp=infeasible margin=0.000e+00 block=2 nodes=482
OPEN support=377 parity=56 k=2 neg=8 pos=10 root_lp=infeasible margin=0.000e+00 block=2 nodes=482
OPEN support=383 parity=29 k=4 neg=8 pos=10 root_lp=feasible margin=1.964e-02 block=0 nodes=145
OPEN support=377 parity=56 k=3 neg=8 pos=10 root_lp=infeasible margin=0.000e+00 block=2 nodes=483
OPEN support=389 parity=29 k=3 neg=8 pos=10 root_lp=feasible margin=1.720e+00 block=0 nodes=82
OPEN support=389 parity=29 k=3 neg=8 pos=10 root_lp=feasible margin=9.157e-01 block=0 nodes=82
OPEN support=383 parity=29 k=4 neg=8 pos=10 root_lp=feasible margin=6.329e-02 block=0 nodes=89
OPEN support=389 parity=29 k=4 neg=8 pos=10 root_lp=feasible margin=1.222e+00 block=0 nodes=30
OPEN support=377 parity=56 k=3 neg=8 pos=10 root_lp=feasible margin=1.582e-01 block=0 nodes=258
OPEN support=383 parity=29 k=5 neg=8 pos=10 root_lp=feasible margin=8.078e-01 block=0 nodes=31
OPEN support=374 parity=58 k=3 neg=9 pos=9 root_lp=feasible margin=2.328e-01 block=0 nodes=518
OPEN support=389 parity=29 k=3 neg=8 pos=10 root_lp=infeasible margin=0.000e+00 block=2 nodes=483
OPEN support=374 parity=58 k=4 neg=9 pos=9 root_lp=feasible margin=2.430e-01 block=0 nodes=30
OPEN support=383 parity=31 k=2 neg=9 pos=9 root_lp=infeasible margin=0.000e+00 block=2 nodes=482
OPEN support=389 parity=29 k=4 neg=8 pos=10 root_lp=feasible margin=1.722e+00 block=0 nodes=83
OPEN support=374 parity=58 k=4 neg=9 pos=9 root_lp=feasible margin=2.430e-01 block=0 nodes=30
OPEN support=377 parity=56 k=4 neg=8 pos=10 root_lp=feasible margin=1.262e-01 block=0 nodes=235
OPEN support=374 parity=58 k=5 neg=9 pos=9 root_lp=feasible margin=2.430e-01 block=0 nodes=20
OPEN support=389 parity=29 k=4 neg=8 pos=10 root_lp=feasible margin=9.578e-01 block=0 nodes=83
OPEN support=374 parity=58 k=4 neg=9 pos=9 root_lp=feasible margin=2.385e-01 block=0 nodes=30
OPEN support=386 parity=5 k=4 neg=9 pos=9 root_lp=feasible margin=2.430e-01 block=0 nodes=182
OPEN support=389 parity=29 k=5 neg=8 pos=10 root_lp=feasible margin=1.227e+00 block=0 nodes=31
OPEN support=377 parity=56 k=3 neg=8 pos=10 root_lp=feasible margin=1.043e-01 block=0 nodes=242
OPEN support=383 parity=31 k=3 neg=9 pos=9 root_lp=feasible margin=1.274e-01 block=0 nodes=242
OPEN support=374 parity=58 k=5 neg=9 pos=9 root_lp=feasible margin=2.430e-01 block=0 nodes=20
OPEN support=386 parity=5 k=4 neg=9 pos=9 root_lp=feasible margin=4.641e-03 block=0 nodes=19
OPEN support=374 parity=58 k=5 neg=9 pos=9 root_lp=feasible margin=2.430e-01 block=0 nodes=20
OPEN support=374 parity=58 k=6 neg=9 pos=9 root_lp=feasible margin=2.430e-01 block=0 nodes=14
OPEN support=377 parity=56 k=4 neg=8 pos=10 root_lp=feasible margin=5.740e-02 block=0 nodes=225
OPEN support=383 parity=31 k=3 neg=9 pos=9 root_lp=feasible margin=1.462e-01 block=0 nodes=198
OPEN support=377 parity=56 k=4 neg=8 pos=10 root_lp=feasible margin=8.526e-01 block=0 nodes=30
OPEN support=392 parity=9 k=3 neg=9 pos=9 root_lp=feasible margin=4.660e-03 block=0 nodes=29
OPEN support=383 parity=31 k=4 neg=9 pos=9 root_lp=feasible margin=9.499e-01 block=0 nodes=30
OPEN support=377 parity=56 k=5 neg=8 pos=10 root_lp=feasible margin=9.954e-01 block=0 nodes=31
OPEN support=386 parity=5 k=5 neg=9 pos=9 root_lp=feasible margin=2.430e-01 block=0 nodes=52
OPEN support=377 parity=56 k=3 neg=8 pos=10 root_lp=infeasible margin=0.000e+00 block=2 nodes=483
OPEN support=392 parity=9 k=4 neg=9 pos=9 root_lp=feasible margin=4.839e-03 block=0 nodes=19
OPEN support=377 parity=56 k=4 neg=8 pos=10 root_lp=infeasible margin=0.000e+00 block=2 nodes=484
OPEN support=383 parity=31 k=3 neg=9 pos=9 root_lp=infeasible margin=0.000e+00 block=2 nodes=483
OPEN support=392 parity=9 k=4 neg=9 pos=9 root_lp=feasible margin=4.839e-03 block=0 nodes=19
OPEN support=392 parity=9 k=5 neg=9 pos=9 root_lp=feasible margin=4.839e-03 block=0 nodes=13
OPEN support=377 parity=56 k=4 neg=8 pos=10 root_lp=feasible margin=1.720e-01 block=0 nodes=259
OPEN support=392 parity=9 k=4 neg=9 pos=9 root_lp=feasible margin=4.839e-03 block=0 nodes=19
OPEN support=383 parity=31 k=4 neg=9 pos=9 root_lp=feasible margin=2.425e-01 block=0 nodes=207
OPEN support=392 parity=9 k=5 neg=9 pos=9 root_lp=feasible margin=4.839e-03 block=0 nodes=13
OPEN support=386 parity=6 k=2 neg=9 pos=9 root_lp=feasible margin=9.792e-02 block=0 nodes=243
OPEN support=392 parity=9 k=5 neg=9 pos=9 root_lp=feasible margin=4.839e-03 block=0 nodes=13
OPEN support=377 parity=56 k=5 neg=8 pos=10 root_lp=feasible margin=1.313e-01 block=0 nodes=238
OPEN support=383 parity=31 k=4 neg=9 pos=9 root_lp=feasible margin=2.613e-01 block=0 nodes=173
OPEN support=392 parity=9 k=6 neg=9 pos=9 root_lp=feasible margin=4.839e-03 block=0 nodes=13
OPEN support=395 parity=9 k=3 neg=9 pos=9 root_lp=feasible margin=2.430e-01 block=0 nodes=157
OPEN support=383 parity=31 k=5 neg=9 pos=9 root_lp=feasible margin=1.080e+00 block=0 nodes=31
OPEN support=392 parity=11 k=2 neg=10 pos=8 root_lp=infeasible margin=0.000e+00 block=2 nodes=482
OPEN support=377 parity=56 k=4 neg=8 pos=10 root_lp=feasible margin=1.149e-01 block=0 nodes=243
OPEN support=386 parity=6 k=3 neg=9 pos=9 root_lp=feasible margin=1.255e-01 block=0 nodes=146
OPEN support=395 parity=9 k=4 neg=9 pos=9 root_lp=feasible margin=2.430e-01 block=0 nodes=37
OPEN support=392 parity=11 k=3 neg=10 pos=8 root_lp=infeasible margin=0.000e+00 block=2 nodes=483
OPEN support=398 parity=5 k=3 neg=9 pos=9 root_lp=feasible margin=1.855e-01 block=0 nodes=41
OPEN support=386 parity=6 k=3 neg=9 pos=9 root_lp=feasible margin=1.636e-01 block=0 nodes=29
OPEN support=377 parity=56 k=5 neg=8 pos=10 root_lp=feasible margin=6.277e-02 block=0 nodes=228
OPEN support=392 parity=11 k=3 neg=10 pos=8 root_lp=infeasible margin=0.000e+00 block=2 nodes=483
OPEN support=386 parity=6 k=4 neg=9 pos=9 root_lp=feasible margin=1.722e-01 block=0 nodes=30
OPEN support=398 parity=5 k=4 neg=9 pos=9 root_lp=feasible margin=4.839e-03 block=0 nodes=19
OPEN support=377 parity=56 k=5 neg=8 pos=10 root_lp=feasible margin=8.498e-01 block=0 nodes=31
OPEN support=392 parity=11 k=4 neg=10 pos=8 root_lp=infeasible margin=0.000e+00 block=2 nodes=484
OPEN support=395 parity=9 k=4 neg=9 pos=9 root_lp=feasible margin=2.430e-01 block=0 nodes=37
OPEN support=398 parity=5 k=4 neg=9 pos=9 root_lp=feasible margin=4.839e-03 block=0 nodes=19
OPEN support=377 parity=56 k=6 neg=8 pos=10 root_lp=feasible margin=9.843e-01 block=0 nodes=32
OPEN support=398 parity=5 k=5 neg=9 pos=9 root_lp=feasible margin=4.839e-03 block=0 nodes=13
OPEN support=395 parity=9 k=5 neg=9 pos=9 root_lp=feasible margin=2.430e-01 block=0 nodes=17
OPEN support=392 parity=11 k=3 neg=10 pos=8 root_lp=infeasible margin=0.000e+00 block=2 nodes=483
OPEN support=395 parity=9 k=3 neg=9 pos=9 root_lp=feasible margin=2.430e-01 block=0 nodes=43
OPEN support=386 parity=6 k=3 neg=9 pos=9 root_lp=feasible margin=1.189e-01 block=0 nodes=180
OPEN support=392 parity=11 k=4 neg=10 pos=8 root_lp=infeasible margin=0.000e+00 block=2 nodes=484
OPEN support=398 parity=29 k=2 neg=8 pos=10 root_lp=infeasible margin=0.000e+00 block=2 nodes=482
OPEN support=392 parity=11 k=4 neg=10 pos=8 root_lp=infeasible margin=0.000e+00 block=2 nodes=484
OPEN support=386 parity=6 k=4 neg=9 pos=9 root_lp=feasible margin=1.462e-01 block=0 nodes=93
OPEN support=398 parity=29 k=3 neg=8 pos=10 root_lp=feasible margin=1.818e+00 block=0 nodes=82
OPEN support=401 parity=9 k=3 neg=9 pos=9 root_lp=feasible margin=4.801e-03 block=0 nodes=33
OPEN support=392 parity=11 k=5 neg=10 pos=8 root_lp=infeasible margin=0.000e+00 block=2 nodes=485
OPEN support=386 parity=6 k=4 neg=9 pos=9 root_lp=feasible margin=1.842e-01 block=0 nodes=30
OPEN support=401 parity=9 k=4 neg=9 pos=9 root_lp=feasible margin=4.839e-03 block=0 nodes=19
OPEN support=392 parity=11 k=3 neg=10 pos=8 root_lp=infeasible margin=0.000e+00 block=2 nodes=483
OPEN support=398 parity=29 k=3 neg=8 pos=10 root_lp=feasible margin=9.077e-01 block=0 nodes=82
OPEN support=386 parity=6 k=5 neg=9 pos=9 root_lp=feasible margin=1.928e-01 block=0 nodes=31
OPEN support=398 parity=29 k=4 neg=8 pos=10 root_lp=feasible margin=1.309e+00 block=0 nodes=30
OPEN support=401 parity=9 k=4 neg=9 pos=9 root_lp=feasible margin=4.839e-03 block=0 nodes=19
OPEN support=386 parity=11 k=2 neg=8 pos=10 root_lp=infeasible margin=0.000e+00 block=2 nodes=482
OPEN support=398 parity=29 k=3 neg=8 pos=10 root_lp=infeasible margin=0.000e+00 block=2 nodes=483
OPEN support=392 parity=11 k=4 neg=10 pos=8 root_lp=infeasible margin=0.000e+00 block=2 nodes=484
OPEN support=395 parity=9 k=4 neg=9 pos=9 root_lp=feasible margin=2.430e-01 block=0 nodes=142
OPEN support=401 parity=9 k=5 neg=9 pos=9 root_lp=feasible margin=4.839e-03 block=0 nodes=13
OPEN support=386 parity=11 k=3 neg=8 pos=10 root_lp=infeasible margin=0.000e+00 block=2 nodes=483
OPEN support=392 parity=11 k=4 neg=10 pos=8 root_lp=infeasible margin=0.000e+00 block=2 nodes=484
OPEN support=401 parity=9 k=4 neg=9 pos=9 root_lp=feasible margin=4.839e-03 block=0 nodes=19
OPEN support=395 parity=9 k=4 neg=9 pos=9 root_lp=feasible margin=4.839e-03 block=0 nodes=19
OPEN support=398 parity=29 k=4 neg=8 pos=10 root_lp=feasible margin=1.842e+00 block=0 nodes=83
OPEN support=401 parity=9 k=5 neg=9 pos=9 root_lp=feasible margin=4.839e-03 block=0 nodes=13
OPEN support=386 parity=11 k=3 neg=8 pos=10 root_lp=feasible margin=7.764e-03 block=0 nodes=90
OPEN support=392 parity=11 k=5 neg=10 pos=8 root_lp=infeasible margin=0.000e+00 block=2 nodes=485
OPEN support=398 parity=29 k=4 neg=8 pos=10 root_lp=feasible margin=9.908e-01 block=0 nodes=83
OPEN support=401 parity=9 k=5 neg=9 pos=9 root_lp=feasible margin=4.839e-03 block=0 nodes=13
OPEN support=398 parity=29 k=5 neg=8 pos=10 root_lp=feasible margin=1.337e+00 block=0 nodes=31
OPEN support=386 parity=11 k=4 neg=8 pos=10 root_lp=feasible margin=7.828e-01 block=0 nodes=83
OPEN support=392 parity=11 k=4 neg=10 pos=8 root_lp=infeasible margin=0.000e+00 block=2 nodes=484
OPEN support=395 parity=9 k=5 neg=9 pos=9 root_lp=feasible margin=2.430e-01 block=0 nodes=42
OPEN support=401 parity=9 k=6 neg=9 pos=9 root_lp=feasible margin=4.839e-03 block=0 nodes=13
OPEN support=386 parity=11 k=3 neg=8 pos=10 root_lp=infeasible margin=0.000e+00 block=2 nodes=483
OPEN support=401 parity=11 k=2 neg=10 pos=8 root_lp=infeasible margin=0.000e+00 block=2 nodes=482
OPEN support=395 parity=9 k=4 neg=9 pos=9 root_lp=feasible margin=4.839e-03 block=0 nodes=19
OPEN support=386 parity=11 k=4 neg=8 pos=10 root_lp=infeasible margin=0.000e+00 block=2 nodes=484
OPEN support=392 parity=11 k=5 neg=10 pos=8 root_lp=infeasible margin=0.000e+00 block=2 nodes=485
OPEN support=386 parity=11 k=4 neg=8 pos=10 root_lp=feasible margin=5.060e-01 block=0 nodes=83
OPEN support=401 parity=11 k=3 neg=10 pos=8 root_lp=infeasible margin=0.000e+00 block=2 nodes=483
OPEN support=392 parity=11 k=5 neg=10 pos=8 root_lp=infeasible margin=0.000e+00 block=2 nodes=485
OPEN support=395 parity=9 k=5 neg=9 pos=9 root_lp=feasible margin=2.430e-01 block=0 nodes=42
OPEN support=401 parity=11 k=3 neg=10 pos=8 root_lp=infeasible margin=0.000e+00 block=2 nodes=483
OPEN support=386 parity=11 k=5 neg=8 pos=10 root_lp=feasible margin=8.920e-01 block=0 nodes=84
OPEN support=392 parity=11 k=6 neg=10 pos=8 root_lp=infeasible margin=0.000e+00 block=2 nodes=486
OPEN support=395 parity=9 k=5 neg=9 pos=9 root_lp=feasible margin=4.839e-03 block=0 nodes=13
OPEN support=401 parity=11 k=4 neg=10 pos=8 root_lp=infeasible margin=0.000e+00 block=4 nodes=484
OPEN support=395 parity=9 k=6 neg=9 pos=9 root_lp=feasible margin=4.839e-03 block=0 nodes=14
OPEN support=386 parity=29 k=2 neg=8 pos=10 root_lp=infeasible margin=0.000e+00 block=2 nodes=482
OPEN support=386 parity=29 k=3 neg=8 pos=10 root_lp=infeasible margin=0.000e+00 block=2 nodes=483
OPEN support=401 parity=11 k=3 neg=10 pos=8 root_lp=infeasible margin=0.000e+00 block=2 nodes=483
OPEN support=386 parity=29 k=3 neg=8 pos=10 root_lp=feasible margin=4.508e-03 block=0 nodes=86
OPEN support=401 parity=11 k=4 neg=10 pos=8 root_lp=infeasible margin=0.000e+00 block=2 nodes=484
OPEN support=386 parity=29 k=4 neg=8 pos=10 root_lp=feasible margin=7.796e-01 block=0 nodes=83
OPEN support=395 parity=10 k=2 neg=9 pos=9 root_lp=feasible margin=1.241e-01 block=0 nodes=153
OPEN support=404 parity=9 k=3 neg=9 pos=9 root_lp=feasible margin=2.430e-01 block=0 nodes=217
OPEN support=401 parity=11 k=4 neg=10 pos=8 root_lp=infeasible margin=0.000e+00 block=2 nodes=484
OPEN support=386 parity=29 k=3 neg=8 pos=10 root_lp=infeasible margin=0.000e+00 block=2 nodes=483
OPEN support=386 parity=29 k=4 neg=8 pos=10 root_lp=infeasible margin=0.000e+00 block=2 nodes=484
OPEN support=401 parity=11 k=5 neg=10 pos=8 root_lp=infeasible margin=0.000e+00 block=2 nodes=485
OPEN support=401 parity=11 k=3 neg=10 pos=8 root_lp=infeasible margin=0.000e+00 block=2 nodes=483
OPEN support=386 parity=29 k=4 neg=8 pos=10 root_lp=feasible margin=5.871e-01 block=0 nodes=83
OPEN support=395 parity=10 k=3 neg=9 pos=9 root_lp=feasible margin=1.514e-01 block=0 nodes=140
OPEN support=392 parity=57 k=2 neg=8 pos=10 root_lp=infeasible margin=0.000e+00 block=2 nodes=482
OPEN support=395 parity=10 k=3 neg=9 pos=9 root_lp=feasible margin=2.177e-01 block=0 nodes=29
OPEN support=386 parity=29 k=5 neg=8 pos=10 root_lp=feasible margin=8.919e-01 block=0 nodes=84
OPEN support=401 parity=11 k=4 neg=10 pos=8 root_lp=infeasible margin=0.000e+00 block=4 nodes=484
OPEN support=395 parity=10 k=4 neg=9 pos=9 root_lp=feasible margin=2.427e-01 block=0 nodes=30
OPEN support=404 parity=9 k=4 neg=9 pos=9 root_lp=feasible margin=2.430e-01 block=0 nodes=79
OPEN support=392 parity=57 k=3 neg=8 pos=10 root_lp=feasible margin=7.579e-01 block=0 nodes=82
OPEN support=401 parity=11 k=4 neg=10 pos=8 root_lp=infeasible margin=0.000e+00 block=4 nodes=484
OPEN support=395 parity=10 k=3 neg=9 pos=9 root_lp=feasible margin=2.430e-01 block=0 nodes=29
OPEN support=386 parity=30 k=1 neg=10 pos=8 root_lp=infeasible margin=0.000e+00 block=4 nodes=481
OPEN support=392 parity=57 k=3 neg=8 pos=10 root_lp=feasible margin=1.719e+00 block=0 nodes=82
OPEN support=395 parity=10 k=4 neg=9 pos=9 root_lp=feasible margin=2.430e-01 block=0 nodes=30
OPEN support=392 parity=57 k=4 neg=8 pos=10 root_lp=feasible margin=1.140e+00 block=0 nodes=30
OPEN support=401 parity=11 k=5 neg=10 pos=8 root_lp=infeasible margin=0.000e+00 block=2 nodes=485
OPEN support=395 parity=10 k=4 neg=9 pos=9 root_lp=feasible margin=2.404e-01 block=0 nodes=19
OPEN support=386 parity=30 k=2 neg=10 pos=8 root_lp=infeasible margin=0.000e+00 block=4 nodes=482
OPEN support=395 parity=10 k=5 neg=9 pos=9 root_lp=feasible margin=2.407e-01 block=0 nodes=20
OPEN support=392 parity=57 k=3 neg=8 pos=10 root_lp=feasible margin=9.593e-01 block=0 nodes=82
OPEN support=404 parity=9 k=4 neg=9 pos=9 root_lp=feasible margin=2.430e-01 block=0 nodes=55
OPEN support=401 parity=11 k=4 neg=10 pos=8 root_lp=infeasible margin=0.000e+00 block=4 nodes=484
OPEN support=392 parity=57 k=4 neg=8 pos=10 root_lp=feasible margin=9.935e-01 block=0 nodes=30
OPEN support=392 parity=57 k=4 neg=8 pos=10 root_lp=feasible margin=1.225e+00 block=0 nodes=30
OPEN support=386 parity=30 k=3 neg=10 pos=8 root_lp=infeasible margin=0.000e+00 block=4 nodes=483
OPEN support=392 parity=57 k=5 neg=8 pos=10 root_lp=feasible margin=9.994e-01 block=0 nodes=20
OPEN support=401 parity=11 k=5 neg=10 pos=8 root_lp=infeasible margin=0.000e+00 block=4 nodes=485
OPEN support=395 parity=10 k=3 neg=9 pos=9 root_lp=feasible margin=1.457e-01 block=0 nodes=102
OPEN support=392 parity=57 k=3 neg=8 pos=10 root_lp=infeasible margin=0.000e+00 block=2 nodes=483
OPEN support=404 parity=9 k=5 neg=9 pos=9 root_lp=feasible margin=2.430e-01 block=0 nodes=33
OPEN support=386 parity=30 k=3 neg=10 pos=8 root_lp=infeasible margin=0.000e+00 block=2 nodes=483
OPEN support=401 parity=11 k=5 neg=10 pos=8 root_lp=infeasible margin=0.000e+00 block=2 nodes=485
OPEN support=392 parity=57 k=4 neg=8 pos=10 root_lp=feasible margin=7.852e-01 block=0 nodes=83
OPEN support=386 parity=30 k=4 neg=10 pos=8 root_lp=infeasible margin=0.000e+00 block=4 nodes=484
OPEN support=395 parity=10 k=4 neg=9 pos=9 root_lp=feasible margin=1.713e-01 block=0 nodes=95
OPEN support=401 parity=11 k=6 neg=10 pos=8 root_lp=infeasible margin=0.000e+00 block=2 nodes=486
OPEN support=404 parity=9 k=3 neg=9 pos=9 root_lp=feasible margin=2.430e-01 block=0 nodes=49
OPEN support=392 parity=57 k=4 neg=8 pos=10 root_lp=feasible margin=1.721e+00 block=0 nodes=83
OPEN support=395 parity=10 k=4 neg=9 pos=9 root_lp=feasible margin=2.182e-01 block=0 nodes=30
OPEN support=392 parity=57 k=5 neg=8 pos=10 root_lp=feasible margin=1.139e+00 block=0 nodes=31
OPEN support=386 parity=30 k=3 neg=10 pos=8 root_lp=infeasible margin=0.000e+00 block=4 nodes=483
OPEN support=395 parity=10 k=5 neg=9 pos=9 root_lp=feasible margin=2.376e-01 block=0 nodes=31
OPEN support=395 parity=10 k=4 neg=9 pos=9 root_lp=feasible margin=2.430e-01 block=0 nodes=30
OPEN support=392 parity=57 k=4 neg=8 pos=10 root_lp=feasible margin=9.804e-01 block=0 nodes=83
OPEN support=392 parity=57 k=5 neg=8 pos=10 root_lp=feasible margin=1.008e+00 block=0 nodes=31
OPEN support=395 parity=10 k=5 neg=9 pos=9 root_lp=feasible margin=2.430e-01 block=0 nodes=31
OPEN support=386 parity=30 k=4 neg=10 pos=8 root_lp=infeasible margin=0.000e+00 block=4 nodes=484
OPEN support=392 parity=57 k=5 neg=8 pos=10 root_lp=feasible margin=1.231e+00 block=0 nodes=31
OPEN support=395 parity=10 k=5 neg=9 pos=9 root_lp=feasible margin=2.394e-01 block=0 nodes=20
OPEN support=392 parity=57 k=6 neg=8 pos=10 root_lp=feasible margin=1.003e+00 block=0 nodes=21
OPEN support=395 parity=10 k=6 neg=9 pos=9 root_lp=feasible margin=2.397e-01 block=0 nodes=21
OPEN support=386 parity=30 k=4 neg=10 pos=8 root_lp=infeasible margin=0.000e+00 block=4 nodes=484
OPEN support=386 parity=30 k=5 neg=10 pos=8 root_lp=infeasible margin=0.000e+00 block=4 nodes=485
OPEN support=405 parity=2 k=1 neg=9 pos=11 root_lp=infeasible margin=0.000e+00 block=1 nodes=2
OPEN support=392 parity=59 k=2 neg=9 pos=9 root_lp=infeasible margin=0.000e+00 block=2 nodes=482
OPEN support=406 parity=5 k=1 neg=9 pos=11 root_lp=infeasible margin=0.000e+00 block=1 nodes=2
OPEN support=404 parity=9 k=4 neg=9 pos=9 root_lp=feasible margin=2.430e-01 block=0 nodes=168
OPEN support=407 parity=3 k=1 neg=8 pos=12 root_lp=infeasible margin=0.000e+00 block=1 nodes=2
OPEN support=407 parity=3 k=1 neg=8 pos=12 root_lp=infeasible margin=0.000e+00 block=1 nodes=2
OPEN support=395 parity=19 k=2 neg=8 pos=10 root_lp=infeasible margin=0.000e+00 block=2 nodes=482
OPEN support=404 parity=9 k=4 neg=9 pos=9 root_lp=feasible margin=4.839e-03 block=0 nodes=19
OPEN support=395 parity=19 k=3 neg=8 pos=10 root_lp=infeasible margin=0.000e+00 block=2 nodes=483
OPEN support=392 parity=59 k=3 neg=9 pos=9 root_lp=feasible margin=1.728e-02 block=0 nodes=174
OPEN support=395 parity=19 k=3 neg=8 pos=10 root_lp=feasible margin=1.743e+00 block=0 nodes=82
OPEN support=395 parity=19 k=4 neg=8 pos=10 root_lp=feasible margin=1.754e+00 block=0 nodes=83
OPEN support=401 parity=57 k=2 neg=8 pos=10 root_lp=infeasible margin=0.000e+00 block=2 nodes=482
OPEN support=392 parity=59 k=3 neg=9 pos=9 root_lp=feasible margin=1.239e-01 block=0 nodes=154
OPEN support=395 parity=19 k=3 neg=8 pos=10 root_lp=feasible margin=1.014e+00 block=0 nodes=82
OPEN support=401 parity=57 k=3 neg=8 pos=10 root_lp=feasible margin=4.919e-01 block=0 nodes=82
OPEN support=404 parity=9 k=5 neg=9 pos=9 root_lp=feasible margin=2.430e-01 block=0 nodes=70
OPEN support=392 parity=59 k=4 neg=9 pos=9 root_lp=feasible margin=1.003e+00 block=0 nodes=30
OPEN support=395 parity=19 k=4 neg=8 pos=10 root_lp=feasible margin=1.066e+00 block=0 nodes=83
OPEN support=395 parity=19 k=4 neg=8 pos=10 root_lp=feasible margin=1.463e+00 block=0 nodes=30
OPEN support=404 parity=9 k=4 neg=9 pos=9 root_lp=feasible margin=4.839e-03 block=0 nodes=19
OPEN support=401 parity=57 k=3 neg=8 pos=10 root_lp=feasible margin=1.848e+00 block=0 nodes=82
OPEN support=395 parity=19 k=5 neg=8 pos=10 root_lp=feasible margin=1.464e+00 block=0 nodes=31
OPEN support=401 parity=57 k=4 neg=8 pos=10 root_lp=feasible margin=1.111e+00 block=0 nodes=30
OPEN support=392 parity=59 k=3 neg=9 pos=9 root_lp=feasible margin=3.606e-02 block=0 nodes=148
OPEN support=395 parity=19 k=3 neg=8 pos=10 root_lp=infeasible margin=0.000e+00 block=2 nodes=483
OPEN support=392 parity=59 k=4 neg=9 pos=9 root_lp=feasible margin=1.103e+00 block=0 nodes=30
OPEN support=401 parity=57 k=3 neg=8 pos=10 root_lp=feasible margin=9.671e-01 block=0 nodes=82
OPEN support=404 parity=9 k=5 neg=9 pos=9 root_lp=feasible margin=2.430e-01 block=0 nodes=40
OPEN support=395 parity=19 k=4 neg=8 pos=10 root_lp=infeasible margin=0.000e+00 block=2 nodes=484
OPEN support=401 parity=57 k=4 neg=8 pos=10 root_lp=feasible margin=9.824e-01 block=0 nodes=30
OPEN support=392 parity=59 k=4 neg=9 pos=9 root_lp=feasible margin=1.345e+00 block=0 nodes=30
OPEN support=404 parity=9 k=5 neg=9 pos=9 root_lp=feasible margin=4.839e-03 block=0 nodes=13
OPEN support=401 parity=57 k=4 neg=8 pos=10 root_lp=feasible margin=1.304e+00 block=0 nodes=30
OPEN support=392 parity=59 k=5 neg=9 pos=9 root_lp=feasible margin=8.997e-01 block=0 nodes=20
OPEN support=395 parity=19 k=4 neg=8 pos=10 root_lp=feasible margin=1.749e+00 block=0 nodes=83
OPEN support=401 parity=57 k=5 neg=8 pos=10 root_lp=feasible margin=1.097e+00 block=0 nodes=20
OPEN support=395 parity=19 k=5 neg=8 pos=10 root_lp=feasible margin=1.760e+00 block=0 nodes=84
OPEN support=401 parity=57 k=3 neg=8 pos=10 root_lp=infeasible margin=0.000e+00 block=2 nodes=483
OPEN support=404 parity=9 k=6 neg=9 pos=9 root_lp=feasible margin=2.430e-01 block=0 nodes=26
OPEN support=392 parity=59 k=3 neg=9 pos=9 root_lp=infeasible margin=0.000e+00 block=2 nodes=483
OPEN support=395 parity=19 k=4 neg=8 pos=10 root_lp=feasible margin=1.041e+00 block=0 nodes=83
OPEN support=401 parity=57 k=4 neg=8 pos=10 root_lp=feasible margin=6.263e-01 block=0 nodes=83
OPEN support=395 parity=19 k=5 neg=8 pos=10 root_lp=feasible margin=1.093e+00 block=0 nodes=84
OPEN support=404 parity=10 k=2 neg=9 pos=9 root_lp=feasible margin=1.522e-01 block=0 nodes=103
OPEN support=401 parity=57 k=4 neg=8 pos=10 root_lp=feasible margin=1.858e+00 block=0 nodes=83
OPEN support=392 parity=59 k=4 neg=9 pos=9 root_lp=feasible margin=1.324e-01 block=0 nodes=143
OPEN support=395 parity=19 k=5 neg=8 pos=10 root_lp=feasible margin=1.465e+00 block=0 nodes=31
OPEN support=401 parity=57 k=5 neg=8 pos=10 root_lp=feasible margin=1.110e+00 block=0 nodes=31
OPEN support=395 parity=19 k=6 neg=8 pos=10 root_lp=feasible margin=1.465e+00 block=0 nodes=32
OPEN support=404 parity=10 k=3 neg=9 pos=9 root_lp=feasible margin=1.581e-01 block=0 nodes=98
OPEN support=401 parity=57 k=4 neg=8 pos=10 root_lp=feasible margin=1.006e+00 block=0 nodes=83
OPEN support=392 parity=59 k=4 neg=9 pos=9 root_lp=feasible margin=2.390e-01 block=0 nodes=133
OPEN support=401 parity=57 k=5 neg=8 pos=10 root_lp=feasible margin=1.010e+00 block=0 nodes=31
OPEN support=404 parity=10 k=3 neg=9 pos=9 root_lp=feasible margin=2.363e-01 block=0 nodes=29
OPEN support=392 parity=59 k=5 neg=9 pos=9 root_lp=feasible margin=1.032e+00 block=0 nodes=31
OPEN support=401 parity=57 k=5 neg=8 pos=10 root_lp=feasible margin=1.331e+00 block=0 nodes=31
OPEN support=404 parity=10 k=4 neg=9 pos=9 root_lp=feasible margin=2.384e-01 block=0 nodes=30
OPEN support=401 parity=57 k=6 neg=8 pos=10 root_lp=feasible margin=1.097e+00 block=0 nodes=21
OPEN support=404 parity=10 k=3 neg=9 pos=9 root_lp=feasible margin=2.187e-01 block=0 nodes=29
OPEN support=392 parity=59 k=4 neg=9 pos=9 root_lp=feasible margin=1.512e-01 block=0 nodes=125
OPEN support=404 parity=10 k=4 neg=9 pos=9 root_lp=feasible margin=2.267e-01 block=0 nodes=30
OPEN support=401 parity=59 k=2 neg=9 pos=9 root_lp=infeasible margin=0.000e+00 block=2 nodes=482
OPEN support=404 parity=10 k=4 neg=9 pos=9 root_lp=feasible margin=2.402e-01 block=0 nodes=19
OPEN support=392 parity=59 k=5 neg=9 pos=9 root_lp=feasible margin=1.115e+00 block=0 nodes=31
OPEN support=404 parity=10 k=5 neg=9 pos=9 root_lp=feasible margin=2.420e-01 block=0 nodes=20
OPEN support=392 parity=59 k=5 neg=9 pos=9 root_lp=feasible margin=1.346e+00 block=0 nodes=31
OPEN support=392 parity=59 k=6 neg=9 pos=9 root_lp=feasible margin=9.233e-01 block=0 nodes=21
OPEN support=401 parity=59 k=3 neg=9 pos=9 root_lp=feasible margin=2.588e-01 block=0 nodes=160
OPEN support=404 parity=10 k=3 neg=9 pos=9 root_lp=feasible margin=1.619e-01 block=0 nodes=88
OPEN support=395 parity=57 k=2 neg=8 pos=10 root_lp=infeasible margin=0.000e+00 block=2 nodes=482
OPEN support=401 parity=59 k=3 neg=9 pos=9 root_lp=feasible margin=7.121e-02 block=0 nodes=128
OPEN support=411 parity=3 k=1 neg=9 pos=11 root_lp=infeasible margin=0.000e+00 block=1 nodes=2
OPEN support=404 parity=10 k=4 neg=9 pos=9 root_lp=feasible margin=1.651e-01 block=0 nodes=85
OPEN support=395 parity=57 k=3 neg=8 pos=10 root_lp=infeasible margin=0.000e+00 block=2 nodes=483
OPEN support=401 parity=59 k=4 neg=9 pos=9 root_lp=feasible margin=1.108e+00 block=0 nodes=30
OPEN support=404 parity=10 k=4 neg=9 pos=9 root_lp=feasible margin=2.332e-01 block=0 nodes=30
OPEN support=395 parity=57 k=3 neg=8 pos=10 root_lp=feasible margin=1.730e+00 block=0 nodes=82
OPEN support=404 parity=10 k=5 neg=9 pos=9 root_lp=feasible margin=2.354e-01 block=0 nodes=31
OPEN support=401 parity=59 k=3 neg=9 pos=9 root_lp=feasible margin=9.725e-03 block=0 nodes=136
OPEN support=404 parity=10 k=4 neg=9 pos=9 root_lp=feasible margin=2.315e-01 block=0 nodes=30
OPEN support=395 parity=57 k=4 neg=8 pos=10 root_lp=feasible margin=1.739e+00 block=0 nodes=83
OPEN support=401 parity=59 k=4 neg=9 pos=9 root_lp=feasible margin=1.101e+00 block=0 nodes=30
OPEN support=404 parity=10 k=5 neg=9 pos=9 root_lp=feasible margin=2.340e-01 block=0 nodes=31
OPEN support=395 parity=57 k=3 neg=8 pos=10 root_lp=feasible margin=9.870e-01 block=0 nodes=82
OPEN support=401 parity=59 k=4 neg=9 pos=9 root_lp=feasible margin=1.448e+00 block=0 nodes=30
OPEN support=404 parity=10 k=5 neg=9 pos=9 root_lp=feasible margin=2.363e-01 block=0 nodes=20
OPEN support=401 parity=59 k=5 neg=9 pos=9 root_lp=feasible margin=1.131e+00 block=0 nodes=20
OPEN support=404 parity=10 k=6 neg=9 pos=9 root_lp=feasible margin=2.383e-01 block=0 nodes=21
OPEN support=413 parity=6 k=2 neg=9 pos=11 root_lp=feasible margin=4.782e-04 block=0 nodes=137
OPEN support=395 parity=57 k=4 neg=8 pos=10 root_lp=feasible margin=1.035e+00 block=0 nodes=83
OPEN support=395 parity=57 k=4 neg=8 pos=10 root_lp=feasible margin=1.228e+00 block=0 nodes=30
OPEN support=395 parity=57 k=5 neg=8 pos=10 root_lp=feasible margin=1.235e+00 block=0 nodes=31
OPEN support=401 parity=59 k=3 neg=9 pos=9 root_lp=infeasible margin=0.000e+00 block=2 nodes=483
OPEN support=413 parity=6 k=3 neg=9 pos=11 root_lp=feasible margin=1.304e-01 block=0 nodes=82
OPEN support=395 parity=57 k=3 neg=8 pos=10 root_lp=infeasible margin=0.000e+00 block=2 nodes=483
OPEN support=404 parity=19 k=2 neg=8 pos=10 root_lp=infeasible margin=0.000e+00 block=2 nodes=482
OPEN support=395 parity=57 k=4 neg=8 pos=10 root_lp=infeasible margin=0.000e+00 block=2 nodes=484
OPEN support=413 parity=6 k=3 neg=9 pos=11 root_lp=feasible margin=1.284e-01 block=0 nodes=82
OPEN support=404 parity=19 k=3 neg=8 pos=10 root_lp=infeasible margin=0.000e+00 block=2 nodes=483
OPEN support=401 parity=59 k=4 neg=9 pos=9 root_lp=feasible margin=1.060e-01 block=0 nodes=133
OPEN support=395 parity=57 k=4 neg=8 pos=10 root_lp=feasible margin=1.732e+00 block=0 nodes=83
OPEN support=404 parity=19 k=3 neg=8 pos=10 root_lp=feasible margin=1.779e+00 block=0 nodes=82
OPEN support=413 parity=6 k=4 neg=9 pos=11 root_lp=feasible margin=1.315e-01 block=0 nodes=83
OPEN support=395 parity=57 k=5 neg=8 pos=10 root_lp=feasible margin=1.741e+00 block=0 nodes=84
OPEN support=401 parity=59 k=4 neg=9 pos=9 root_lp=feasible margin=1.863e-01 block=0 nodes=115
OPEN support=404 parity=19 k=4 neg=8 pos=10 root_lp=feasible margin=1.804e+00 block=0 nodes=83
OPEN support=395 parity=57 k=4 neg=8 pos=10 root_lp=feasible margin=1.008e+00 block=0 nodes=83
OPEN support=401 parity=59 k=5 neg=9 pos=9 root_lp=feasible margin=1.108e+00 block=0 nodes=31
OPEN support=404 parity=19 k=3 neg=8 pos=10 root_lp=feasible margin=1.014e+00 block=0 nodes=82
OPEN support=395 parity=57 k=5 neg=8 pos=10 root_lp=feasible margin=1.056e+00 block=0 nodes=84
OPEN support=395 parity=57 k=5 neg=8 pos=10 root_lp=feasible margin=1.233e+00 block=0 nodes=31
OPEN support=401 parity=59 k=4 neg=9 pos=9 root_lp=feasible margin=1.248e-01 block=0 nodes=117
OPEN support=404 parity=19 k=4 neg=8 pos=10 root_lp=feasible margin=1.065e+00 block=0 nodes=83
OPEN support=395 parity=57 k=6 neg=8 pos=10 root_lp=feasible margin=1.238e+00 block=0 nodes=32
OPEN support=416 parity=7 k=2 neg=10 pos=10 root_lp=infeasible margin=0.000e+00 block=2 nodes=482
OPEN support=401 parity=59 k=5 neg=9 pos=9 root_lp=feasible margin=1.101e+00 block=0 nodes=31
OPEN support=404 parity=19 k=4 neg=8 pos=10 root_lp=feasible margin=1.447e+00 block=0 nodes=30
OPEN support=401 parity=59 k=5 neg=9 pos=9 root_lp=feasible margin=1.450e+00 block=0 nodes=31
OPEN support=404 parity=19 k=5 neg=8 pos=10 root_lp=feasible margin=1.447e+00 block=0 nodes=31
OPEN support=401 parity=59 k=6 neg=9 pos=9 root_lp=feasible margin=1.129e+00 block=0 nodes=21
OPEN support=395 parity=58 k=2 neg=10 pos=8 root_lp=infeasible margin=0.000e+00 block=4 nodes=482
OPEN support=404 parity=19 k=3 neg=8 pos=10 root_lp=infeasible margin=0.000e+00 block=2 nodes=483
OPEN support=416 parity=7 k=3 neg=10 pos=10 root_lp=feasible margin=4.178e-02 block=0 nodes=102
OPEN support=404 parity=19 k=4 neg=8 pos=10 root_lp=infeasible margin=0.000e+00 block=2 nodes=484
OPEN support=395 parity=58 k=3 neg=10 pos=8 root_lp=infeasible margin=0.000e+00 block=2 nodes=483
OPEN support=409 parity=10 k=3 neg=10 pos=10 root_lp=feasible margin=6.878e-02 block=0 nodes=2493
OPEN support=404 parity=19 k=4 neg=8 pos=10 root_lp=feasible margin=1.783e+00 block=0 nodes=83
OPEN support=395 parity=58 k=3 neg=10 pos=8 root_lp=infeasible margin=0.000e+00 block=4 nodes=483
OPEN support=416 parity=7 k=3 neg=10 pos=10 root_lp=infeasible margin=0.000e+00 block=2 nodes=483
OPEN support=395 parity=58 k=4 neg=10 pos=8 root_lp=infeasible margin=0.000e+00 block=4 nodes=484
OPEN support=404 parity=19 k=5 neg=8 pos=10 root_lp=feasible margin=1.807e+00 block=0 nodes=84
OPEN support=416 parity=7 k=4 neg=10 pos=10 root_lp=feasible margin=1.382e+00 block=0 nodes=83
OPEN support=395 parity=58 k=3 neg=10 pos=8 root_lp=infeasible margin=0.000e+00 block=2 nodes=483
OPEN support=404 parity=19 k=4 neg=8 pos=10 root_lp=feasible margin=1.046e+00 block=0 nodes=83
OPEN support=395 parity=58 k=4 neg=10 pos=8 root_lp=infeasible margin=0.000e+00 block=4 nodes=484
OPEN support=404 parity=19 k=5 neg=8 pos=10 root_lp=feasible margin=1.097e+00 block=0 nodes=84
OPEN support=404 parity=19 k=5 neg=8 pos=10 root_lp=feasible margin=1.449e+00 block=0 nodes=31
OPEN support=395 parity=58 k=4 neg=10 pos=8 root_lp=infeasible margin=0.000e+00 block=2 nodes=484
OPEN support=404 parity=19 k=6 neg=8 pos=10 root_lp=feasible margin=1.449e+00 block=0 nodes=32
OPEN support=395 parity=58 k=5 neg=10 pos=8 root_lp=infeasible margin=0.000e+00 block=2 nodes=485
OPEN support=419 parity=13 k=2 neg=10 pos=10 root_lp=infeasible margin=0.000e+00 block=2 nodes=482
OPEN support=395 parity=58 k=3 neg=10 pos=8 root_lp=infeasible margin=0.000e+00 block=4 nodes=483
OPEN support=419 parity=13 k=3 neg=10 pos=10 root_lp=feasible margin=1.643e+00 block=0 nodes=82
OPEN support=395 parity=58 k=4 neg=10 pos=8 root_lp=infeasible margin=0.000e+00 block=4 nodes=484
OPEN support=419 parity=13 k=3 neg=10 pos=10 root_lp=feasible margin=1.406e+00 block=0 nodes=82
OPEN support=395 parity=58 k=4 neg=10 pos=8 root_lp=infeasible margin=0.000e+00 block=4 nodes=484
OPEN support=419 parity=13 k=4 neg=10 pos=10 root_lp=feasible margin=1.436e+00 block=0 nodes=30
OPEN support=395 parity=58 k=5 neg=10 pos=8 root_lp=infeasible margin=0.000e+00 block=4 nodes=485
OPEN support=404 parity=57 k=2 neg=8 pos=10 root_lp=infeasible margin=0.000e+00 block=2 nodes=482
OPEN support=395 parity=58 k=4 neg=10 pos=8 root_lp=infeasible margin=0.000e+00 block=2 nodes=484
OPEN support=419 parity=13 k=3 neg=10 pos=10 root_lp=infeasible margin=0.000e+00 block=2 nodes=483
OPEN support=404 parity=57 k=3 neg=8 pos=10 root_lp=infeasible margin=0.000e+00 block=2 nodes=483
OPEN support=395 parity=58 k=5 neg=10 pos=8 root_lp=infeasible margin=0.000e+00 block=4 nodes=485
OPEN support=419 parity=13 k=4 neg=10 pos=10 root_lp=feasible margin=1.645e+00 block=0 nodes=83
OPEN support=404 parity=57 k=3 neg=8 pos=10 root_lp=feasible margin=1.864e+00 block=0 nodes=82
OPEN support=395 parity=58 k=5 neg=10 pos=8 root_lp=infeasible margin=0.000e+00 block=4 nodes=485
OPEN support=404 parity=57 k=4 neg=8 pos=10 root_lp=feasible margin=1.895e+00 block=0 nodes=83
OPEN support=419 parity=13 k=4 neg=10 pos=10 root_lp=feasible margin=1.458e+00 block=0 nodes=83
OPEN support=395 parity=58 k=6 neg=10 pos=8 root_lp=infeasible margin=0.000e+00 block=4 nodes=486
OPEN support=419 parity=13 k=5 neg=10 pos=10 root_lp=feasible margin=1.436e+00 block=0 nodes=31
OPEN support=404 parity=57 k=3 neg=8 pos=10 root_lp=feasible margin=1.011e+00 block=0 nodes=82
OPEN support=409 parity=10 k=4 neg=10 pos=10 root_lp=feasible margin=6.258e-02 block=0 nodes=558
OPEN support=404 parity=57 k=4 neg=8 pos=10 root_lp=feasible margin=1.060e+00 block=0 nodes=83
OPEN support=404 parity=57 k=4 neg=8 pos=10 root_lp=feasible margin=1.344e+00 block=0 nodes=30
OPEN support=404 parity=57 k=5 neg=8 pos=10 root_lp=feasible margin=1.378e+00 block=0 nodes=31
OPEN support=404 parity=57 k=3 neg=8 pos=10 root_lp=infeasible margin=0.000e+00 block=2 nodes=483
OPEN support=422 parity=10 k=2 neg=9 pos=11 root_lp=feasible margin=1.762e-01 block=0 nodes=81
OPEN support=404 parity=57 k=4 neg=8 pos=10 root_lp=infeasible margin=0.000e+00 block=2 nodes=484
OPEN support=422 parity=10 k=3 neg=9 pos=11 root_lp=feasible margin=1.791e-01 block=0 nodes=82
OPEN support=422 parity=10 k=3 neg=9 pos=11 root_lp=feasible margin=2.430e-01 block=0 nodes=29
OPEN support=404 parity=57 k=4 neg=8 pos=10 root_lp=feasible margin=1.874e+00 block=0 nodes=83
OPEN support=422 parity=10 k=4 neg=9 pos=11 root_lp=feasible margin=2.430e-01 block=0 nodes=30
OPEN support=425 parity=14 k=2 neg=10 pos=10 root_lp=infeasible margin=0.000e+00 block=2 nodes=482
OPEN support=404 parity=57 k=5 neg=8 pos=10 root_lp=feasible margin=1.904e+00 block=0 nodes=84
OPEN support=422 parity=10 k=3 neg=9 pos=11 root_lp=feasible margin=1.767e-01 block=0 nodes=82
OPEN support=404 parity=57 k=4 neg=8 pos=10 root_lp=feasible margin=1.039e+00 block=0 nodes=83
OPEN support=422 parity=10 k=4 neg=9 pos=11 root_lp=feasible margin=1.795e-01 block=0 nodes=83
OPEN support=425 parity=14 k=3 neg=10 pos=10 root_lp=infeasible margin=0.000e+00 block=2 nodes=483
OPEN support=422 parity=10 k=4 neg=9 pos=11 root_lp=feasible margin=2.430e-01 block=0 nodes=30
OPEN support=404 parity=57 k=5 neg=8 pos=10 root_lp=feasible margin=1.088e+00 block=0 nodes=84
OPEN support=422 parity=10 k=5 neg=9 pos=11 root_lp=feasible margin=2.430e-01 block=0 nodes=31
OPEN support=404 parity=57 k=5 neg=8 pos=10 root_lp=feasible margin=1.369e+00 block=0 nodes=31
OPEN support=404 parity=57 k=6 neg=8 pos=10 root_lp=feasible margin=1.401e+00 block=0 nodes=32
OPEN support=425 parity=14 k=3 neg=10 pos=10 root_lp=infeasible margin=0.000e+00 block=2 nodes=483
OPEN support=404 parity=58 k=2 neg=10 pos=8 root_lp=infeasible margin=0.000e+00 block=4 nodes=482
OPEN support=422 parity=13 k=2 neg=10 pos=10 root_lp=infeasible margin=0.000e+00 block=2 nodes=482
OPEN support=425 parity=14 k=4 neg=10 pos=10 root_lp=infeasible margin=0.000e+00 block=2 nodes=484
OPEN support=404 parity=58 k=3 neg=10 pos=8 root_lp=infeasible margin=0.000e+00 block=4 nodes=483
OPEN support=418 parity=18 k=3 neg=10 pos=10 root_lp=feasible margin=7.104e-02 block=0 nodes=1403
OPEN support=422 parity=13 k=3 neg=10 pos=10 root_lp=infeasible margin=0.000e+00 block=2 nodes=483
OPEN support=404 parity=58 k=3 neg=10 pos=8 root_lp=infeasible margin=0.000e+00 block=4 nodes=483
OPEN support=404 parity=58 k=4 neg=10 pos=8 root_lp=infeasible margin=0.000e+00 block=4 nodes=484
OPEN support=422 parity=13 k=3 neg=10 pos=10 root_lp=feasible margin=7.876e-01 block=0 nodes=82
OPEN support=404 parity=58 k=3 neg=10 pos=8 root_lp=infeasible margin=0.000e+00 block=4 nodes=483
OPEN support=422 parity=13 k=4 neg=10 pos=10 root_lp=feasible margin=1.408e+00 block=0 nodes=83
OPEN support=404 parity=58 k=4 neg=10 pos=8 root_lp=infeasible margin=0.000e+00 block=4 nodes=484
OPEN support=404 parity=58 k=4 neg=10 pos=8 root_lp=infeasible margin=0.000e+00 block=4 nodes=484
OPEN support=422 parity=13 k=3 neg=10 pos=10 root_lp=infeasible margin=0.000e+00 block=2 nodes=483
OPEN support=428 parity=28 k=2 neg=10 pos=10 root_lp=infeasible margin=0.000e+00 block=2 nodes=482
OPEN support=404 parity=58 k=5 neg=10 pos=8 root_lp=infeasible margin=0.000e+00 block=4 nodes=485
OPEN support=422 parity=13 k=4 neg=10 pos=10 root_lp=infeasible margin=0.000e+00 block=2 nodes=484
OPEN support=428 parity=28 k=3 neg=10 pos=10 root_lp=feasible margin=1.674e+00 block=0 nodes=82
OPEN support=404 parity=58 k=3 neg=10 pos=8 root_lp=infeasible margin=0.000e+00 block=4 nodes=483
OPEN support=422 parity=13 k=4 neg=10 pos=10 root_lp=feasible margin=1.422e+00 block=0 nodes=83
OPEN support=428 parity=28 k=3 neg=10 pos=10 root_lp=infeasible margin=0.000e+00 block=2 nodes=483
OPEN support=404 parity=58 k=4 neg=10 pos=8 root_lp=infeasible margin=0.000e+00 block=4 nodes=484
OPEN support=422 parity=13 k=5 neg=10 pos=10 root_lp=feasible margin=1.458e+00 block=0 nodes=84
OPEN support=404 parity=58 k=4 neg=10 pos=8 root_lp=infeasible margin=0.000e+00 block=4 nodes=484
OPEN support=418 parity=18 k=4 neg=10 pos=10 root_lp=feasible margin=6.366e-02 block=0 nodes=185
OPEN support=428 parity=28 k=4 neg=10 pos=10 root_lp=feasible margin=1.729e+00 block=0 nodes=83
OPEN support=404 parity=58 k=5 neg=10 pos=8 root_lp=infeasible margin=0.000e+00 block=4 nodes=485
OPEN support=428 parity=28 k=3 neg=10 pos=10 root_lp=infeasible margin=0.000e+00 block=2 nodes=483
OPEN support=404 parity=58 k=4 neg=10 pos=8 root_lp=infeasible margin=0.000e+00 block=4 nodes=484
OPEN support=404 parity=58 k=5 neg=10 pos=8 root_lp=infeasible margin=0.000e+00 block=4 nodes=485
OPEN support=428 parity=28 k=4 neg=10 pos=10 root_lp=feasible margin=1.676e+00 block=0 nodes=83
OPEN support=404 parity=58 k=5 neg=10 pos=8 root_lp=infeasible margin=0.000e+00 block=4 nodes=485
OPEN support=428 parity=28 k=4 neg=10 pos=10 root_lp=infeasible margin=0.000e+00 block=2 nodes=484
OPEN support=404 parity=58 k=6 neg=10 pos=8 root_lp=infeasible margin=0.000e+00 block=4 nodes=486
OPEN support=428 parity=28 k=5 neg=10 pos=10 root_lp=feasible margin=1.729e+00 block=0 nodes=84
OPEN support=431 parity=10 k=2 neg=9 pos=11 root_lp=feasible margin=1.450e-01 block=0 nodes=81
OPEN support=431 parity=10 k=3 neg=9 pos=11 root_lp=feasible margin=1.481e-01 block=0 nodes=82
OPEN support=418 parity=18 k=4 neg=10 pos=10 root_lp=feasible margin=6.913e-02 block=0 nodes=153
OPEN support=431 parity=10 k=3 neg=9 pos=11 root_lp=feasible margin=2.184e-01 block=0 nodes=29
OPEN support=431 parity=10 k=4 neg=9 pos=11 root_lp=feasible margin=2.260e-01 block=0 nodes=30
OPEN support=418 parity=18 k=5 neg=10 pos=10 root_lp=feasible margin=6.183e-02 block=0 nodes=15
OPEN support=432 parity=1 k=2 neg=9 pos=11 root_lp=feasible margin=1.402e-16 block=0 nodes=482
OPEN support=431 parity=10 k=3 neg=9 pos=11 root_lp=feasible margin=1.460e-01 block=0 nodes=82
OPEN support=433 parity=2 k=2 neg=9 pos=11 root_lp=infeasible margin=0.000e+00 block=2 nodes=482
OPEN support=431 parity=10 k=4 neg=9 pos=11 root_lp=feasible margin=1.491e-01 block=0 nodes=83
OPEN support=431 parity=10 k=4 neg=9 pos=11 root_lp=feasible margin=2.178e-01 block=0 nodes=30
OPEN support=432 parity=1 k=3 neg=9 pos=11 root_lp=feasible margin=1.402e+00 block=0 nodes=82
OPEN support=431 parity=10 k=5 neg=9 pos=11 root_lp=feasible margin=2.251e-01 block=0 nodes=31
OPEN support=434 parity=2 k=2 neg=9 pos=11 root_lp=infeasible margin=0.000e+00 block=2 nodes=482
OPEN support=433 parity=2 k=3 neg=9 pos=11 root_lp=infeasible margin=0.000e+00 block=2 nodes=483
OPEN support=434 parity=2 k=3 neg=9 pos=11 root_lp=feasible margin=1.404e+00 block=0 nodes=82
OPEN support=427 parity=18 k=3 neg=10 pos=10 root_lp=feasible margin=6.910e-02 block=0 nodes=1823
OPEN support=435 parity=2 k=2 neg=9 pos=11 root_lp=infeasible margin=0.000e+00 block=2 nodes=482
OPEN support=431 parity=28 k=2 neg=10 pos=10 root_lp=infeasible margin=0.000e+00 block=2 nodes=482
OPEN support=433 parity=2 k=3 neg=9 pos=11 root_lp=feasible margin=1.407e+00 block=0 nodes=82
OPEN support=435 parity=2 k=3 neg=9 pos=11 root_lp=feasible margin=9.377e-01 block=0 nodes=82
OPEN support=431 parity=28 k=3 neg=10 pos=10 root_lp=infeasible margin=0.000e+00 block=2 nodes=483
OPEN support=434 parity=2 k=2 neg=9 pos=11 root_lp=infeasible margin=0.000e+00 block=2 nodes=482
OPEN support=433 parity=2 k=4 neg=9 pos=11 root_lp=feasible margin=1.411e+00 block=0 nodes=83
OPEN support=435 parity=2 k=3 neg=9 pos=11 root_lp=feasible margin=1.416e+00 block=0 nodes=82
OPEN support=431 parity=28 k=3 neg=10 pos=10 root_lp=infeasible margin=0.000e+00 block=2 nodes=483
OPEN support=435 parity=2 k=4 neg=9 pos=11 root_lp=feasible margin=1.122e+00 block=0 nodes=30
OPEN support=433 parity=3 k=2 neg=9 pos=11 root_lp=infeasible margin=0.000e+00 block=2 nodes=482
OPEN support=433 parity=3 k=3 neg=9 pos=11 root_lp=infeasible margin=0.000e+00 block=2 nodes=483
OPEN support=431 parity=28 k=4 neg=10 pos=10 root_lp=infeasible margin=0.000e+00 block=2 nodes=484
OPEN support=435 parity=3 k=2 neg=12 pos=8 root_lp=infeasible margin=0.000e+00 block=4 nodes=482
OPEN support=434 parity=2 k=3 neg=9 pos=11 root_lp=feasible margin=7.633e-18 block=0 nodes=483
OPEN support=431 parity=28 k=3 neg=10 pos=10 root_lp=infeasible margin=0.000e+00 block=2 nodes=483
OPEN support=435 parity=3 k=3 neg=12 pos=8 root_lp=infeasible margin=0.000e+00 block=4 nodes=483
OPEN support=434 parity=2 k=3 neg=9 pos=11 root_lp=feasible margin=1.405e+00 block=0 nodes=82
OPEN support=435 parity=3 k=3 neg=12 pos=8 root_lp=infeasible margin=0.000e+00 block=4 nodes=483
OPEN support=433 parity=3 k=3 neg=9 pos=11 root_lp=feasible margin=1.647e-01 block=0 nodes=600
OPEN support=431 parity=28 k=4 neg=10 pos=10 root_lp=infeasible margin=0.000e+00 block=2 nodes=484
OPEN support=435 parity=3 k=4 neg=12 pos=8 root_lp=infeasible margin=0.000e+00 block=4 nodes=484
OPEN support=434 parity=2 k=4 neg=9 pos=11 root_lp=feasible margin=1.408e+00 block=0 nodes=83
OPEN support=431 parity=28 k=4 neg=10 pos=10 root_lp=infeasible margin=0.000e+00 block=2 nodes=484
OPEN support=427 parity=18 k=4 neg=10 pos=10 root_lp=feasible margin=1.166e+00 block=0 nodes=250
OPEN support=434 parity=15 k=1 neg=10 pos=10 root_lp=infeasible margin=0.000e+00 block=4 nodes=481
OPEN support=434 parity=15 k=2 neg=10 pos=10 root_lp=infeasible margin=0.000e+00 block=4 nodes=482
OPEN support=431 parity=28 k=5 neg=10 pos=10 root_lp=infeasible margin=0.000e+00 block=2 nodes=485
OPEN support=433 parity=3 k=4 neg=9 pos=11 root_lp=feasible margin=1.163e-02 block=0 nodes=585
OPEN support=436 parity=4 k=2 neg=9 pos=11 root_lp=infeasible margin=0.000e+00 block=2 nodes=482
OPEN support=437 parity=4 k=2 neg=9 pos=11 root_lp=infeasible margin=0.000e+00 block=2 nodes=482
OPEN support=438 parity=2 k=2 neg=9 pos=11 root_lp=feasible margin=4.524e-16 block=0 nodes=482
OPEN support=436 parity=4 k=3 neg=9 pos=11 root_lp=infeasible margin=0.000e+00 block=2 nodes=483
OPEN support=437 parity=4 k=3 neg=9 pos=11 root_lp=feasible margin=9.185e-01 block=0 nodes=82
OPEN support=434 parity=15 k=3 neg=10 pos=10 root_lp=infeasible margin=0.000e+00 block=4 nodes=1082
OPEN support=434 parity=15 k=2 neg=10 pos=10 root_lp=infeasible margin=0.000e+00 block=4 nodes=482
OPEN support=436 parity=4 k=3 neg=9 pos=11 root_lp=feasible margin=9.293e-01 block=0 nodes=82
OPEN support=434 parity=15 k=3 neg=10 pos=10 root_lp=infeasible margin=0.000e+00 block=4 nodes=483
OPEN support=437 parity=4 k=3 neg=9 pos=11 root_lp=feasible margin=1.418e+00 block=0 nodes=82
OPEN support=436 parity=4 k=4 neg=9 pos=11 root_lp=feasible margin=9.198e-01 block=0 nodes=83
OPEN support=437 parity=4 k=4 neg=9 pos=11 root_lp=feasible margin=1.110e+00 block=0 nodes=30
OPEN support=438 parity=2 k=3 neg=9 pos=11 root_lp=feasible margin=1.659e-15 block=0 nodes=483
OPEN support=436 parity=4 k=3 neg=9 pos=11 root_lp=feasible margin=1.420e+00 block=0 nodes=82
OPEN support=438 parity=2 k=3 neg=9 pos=11 root_lp=feasible margin=1.413e+00 block=0 nodes=82
OPEN support=427 parity=18 k=4 neg=10 pos=10 root_lp=feasible margin=1.128e+00 block=0 nodes=264
OPEN support=437 parity=4 k=2 neg=9 pos=11 root_lp=feasible margin=1.778e-16 block=0 nodes=482
OPEN support=436 parity=4 k=4 neg=9 pos=11 root_lp=feasible margin=1.424e+00 block=0 nodes=83
OPEN support=434 parity=15 k=3 neg=10 pos=10 root_lp=feasible margin=3.993e-01 block=0 nodes=996
OPEN support=438 parity=2 k=4 neg=9 pos=11 root_lp=feasible margin=1.424e+00 block=0 nodes=83
OPEN support=436 parity=4 k=4 neg=9 pos=11 root_lp=feasible margin=1.127e+00 block=0 nodes=30
OPEN support=436 parity=4 k=5 neg=9 pos=11 root_lp=feasible margin=1.133e+00 block=0 nodes=31
OPEN support=438 parity=15 k=2 neg=9 pos=11 root_lp=infeasible margin=0.000e+00 block=2 nodes=482
OPEN support=436 parity=5 k=2 neg=9 pos=11 root_lp=infeasible margin=0.000e+00 block=2 nodes=482
OPEN support=438 parity=15 k=3 neg=9 pos=11 root_lp=infeasible margin=0.000e+00 block=2 nodes=483
OPEN support=436 parity=5 k=3 neg=9 pos=11 root_lp=infeasible margin=0.000e+00 block=2 nodes=483
OPEN support=437 parity=4 k=3 neg=9 pos=11 root_lp=infeasible margin=0.000e+00 block=2 nodes=483
OPEN support=438 parity=15 k=3 neg=9 pos=11 root_lp=feasible margin=1.406e+00 block=0 nodes=82
OPEN support=437 parity=4 k=3 neg=9 pos=11 root_lp=feasible margin=9.310e-01 block=0 nodes=82
OPEN support=438 parity=15 k=4 neg=9 pos=11 root_lp=feasible margin=1.417e+00 block=0 nodes=83
OPEN support=427 parity=18 k=5 neg=10 pos=10 root_lp=feasible margin=6.397e-02 block=0 nodes=64
OPEN support=437 parity=4 k=4 neg=9 pos=11 root_lp=feasible margin=9.252e-01 block=0 nodes=83
OPEN support=436 parity=5 k=3 neg=9 pos=11 root_lp=feasible margin=4.042e-01 block=0 nodes=412
OPEN support=434 parity=15 k=4 neg=10 pos=10 root_lp=infeasible margin=0.000e+00 block=4 nodes=1035
OPEN support=437 parity=4 k=3 neg=9 pos=11 root_lp=feasible margin=1.419e+00 block=0 nodes=82
OPEN support=436 parity=5 k=4 neg=9 pos=11 root_lp=feasible margin=3.827e-01 block=0 nodes=395
OPEN support=439 parity=4 k=2 neg=9 pos=11 root_lp=feasible margin=8.049e-17 block=0 nodes=482
OPEN support=440 parity=4 k=2 neg=9 pos=11 root_lp=infeasible margin=0.000e+00 block=2 nodes=482
OPEN support=437 parity=4 k=4 neg=9 pos=11 root_lp=feasible margin=1.422e+00 block=0 nodes=83
OPEN support=441 parity=2 k=2 neg=9 pos=11 root_lp=feasible margin=3.126e-16 block=0 nodes=482
OPEN support=437 parity=4 k=4 neg=9 pos=11 root_lp=feasible margin=1.119e+00 block=0 nodes=30
OPEN support=437 parity=4 k=5 neg=9 pos=11 root_lp=feasible margin=1.117e+00 block=0 nodes=31
OPEN support=436 parity=5 k=3 neg=9 pos=11 root_lp=feasible margin=3.719e-01 block=0 nodes=510
OPEN support=441 parity=2 k=3 neg=9 pos=11 root_lp=feasible margin=1.733e+00 block=0 nodes=82
OPEN support=439 parity=4 k=3 neg=9 pos=11 root_lp=infeasible margin=0.000e+00 block=2 nodes=483
OPEN support=437 parity=6 k=2 neg=12 pos=8 root_lp=infeasible margin=0.000e+00 block=4 nodes=482
OPEN support=441 parity=2 k=3 neg=9 pos=11 root_lp=feasible margin=1.428e+00 block=0 nodes=82
OPEN support=440 parity=4 k=3 neg=9 pos=11 root_lp=feasible margin=4.845e-16 block=0 nodes=483
OPEN support=437 parity=6 k=3 neg=12 pos=8 root_lp=infeasible margin=0.000e+00 block=4 nodes=483
OPEN support=441 parity=2 k=4 neg=9 pos=11 root_lp=feasible margin=1.506e+00 block=0 nodes=30
OPEN support=436 parity=5 k=4 neg=9 pos=11 root_lp=feasible margin=2.466e-01 block=0 nodes=497
OPEN support=437 parity=6 k=3 neg=12 pos=8 root_lp=infeasible margin=0.000e+00 block=4 nodes=483
OPEN support=440 parity=4 k=3 neg=9 pos=11 root_lp=feasible margin=1.415e+00 block=0 nodes=82
OPEN support=436 parity=5 k=4 neg=9 pos=11 root_lp=feasible margin=8.956e-02 block=0 nodes=44
OPEN support=437 parity=6 k=4 neg=12 pos=8 root_lp=infeasible margin=0.000e+00 block=4 nodes=484
OPEN support=436 parity=5 k=5 neg=9 pos=11 root_lp=feasible margin=4.076e-01 block=0 nodes=43
OPEN support=439 parity=4 k=3 neg=9 pos=11 root_lp=infeasible margin=0.000e+00 block=2 nodes=483
OPEN support=440 parity=4 k=4 neg=9 pos=11 root_lp=feasible margin=1.426e+00 block=0 nodes=83
OPEN support=437 parity=6 k=2 neg=12 pos=8 root_lp=infeasible margin=0.000e+00 block=4 nodes=482
OPEN support=436 parity=6 k=2 neg=12 pos=8 root_lp=infeasible margin=0.000e+00 block=4 nodes=482
OPEN support=442 parity=4 k=2 neg=9 pos=11 root_lp=infeasible margin=0.000e+00 block=2 nodes=482
OPEN support=437 parity=6 k=3 neg=12 pos=8 root_lp=infeasible margin=0.000e+00 block=4 nodes=483
OPEN support=436 parity=6 k=3 neg=12 pos=8 root_lp=infeasible margin=0.000e+00 block=4 nodes=483
OPEN support=439 parity=4 k=4 neg=9 pos=11 root_lp=infeasible margin=0.000e+00 block=2 nodes=484
OPEN support=440 parity=4 k=2 neg=9 pos=11 root_lp=feasible margin=1.353e-15 block=0 nodes=482
OPEN support=437 parity=6 k=3 neg=12 pos=8 root_lp=infeasible margin=0.000e+00 block=4 nodes=483
OPEN support=436 parity=6 k=3 neg=12 pos=8 root_lp=infeasible margin=0.000e+00 block=4 nodes=483
OPEN support=437 parity=6 k=4 neg=12 pos=8 root_lp=infeasible margin=0.000e+00 block=4 nodes=484
OPEN support=439 parity=4 k=3 neg=9 pos=11 root_lp=feasible margin=1.417e+00 block=0 nodes=82
OPEN support=442 parity=4 k=3 neg=9 pos=11 root_lp=infeasible margin=0.000e+00 block=2 nodes=483
OPEN support=436 parity=6 k=4 neg=12 pos=8 root_lp=infeasible margin=0.000e+00 block=4 nodes=484
OPEN support=437 parity=6 k=3 neg=12 pos=8 root_lp=infeasible margin=0.000e+00 block=4 nodes=483
OPEN support=437 parity=6 k=4 neg=12 pos=8 root_lp=infeasible margin=0.000e+00 block=4 nodes=484
OPEN support=436 parity=6 k=3 neg=12 pos=8 root_lp=infeasible margin=0.000e+00 block=4 nodes=483
OPEN support=440 parity=4 k=3 neg=9 pos=11 root_lp=infeasible margin=0.000e+00 block=2 nodes=483
OPEN support=439 parity=4 k=4 neg=9 pos=11 root_lp=feasible margin=1.421e+00 block=0 nodes=83
OPEN support=437 parity=6 k=4 neg=12 pos=8 root_lp=infeasible margin=0.000e+00 block=4 nodes=484
OPEN support=436 parity=6 k=4 neg=12 pos=8 root_lp=infeasible margin=0.000e+00 block=4 nodes=484
OPEN support=442 parity=4 k=3 neg=9 pos=11 root_lp=feasible margin=1.728e+00 block=0 nodes=82
OPEN support=437 parity=6 k=5 neg=12 pos=8 root_lp=infeasible margin=0.000e+00 block=4 nodes=485
OPEN support=436 parity=6 k=4 neg=12 pos=8 root_lp=infeasible margin=0.000e+00 block=4 nodes=484
OPEN support=442 parity=4 k=4 neg=9 pos=11 root_lp=feasible margin=1.724e+00 block=0 nodes=83
OPEN support=439 parity=4 k=4 neg=9 pos=11 root_lp=feasible margin=1.427e+00 block=0 nodes=83
OPEN support=436 parity=6 k=5 neg=12 pos=8 root_lp=infeasible margin=0.000e+00 block=4 nodes=485
OPEN support=440 parity=4 k=3 neg=9 pos=11 root_lp=infeasible margin=0.000e+00 block=2 nodes=483
OPEN support=436 parity=7 k=4 neg=10 pos=10 root_lp=feasible margin=3.718e-02 block=0 nodes=19
OPEN support=437 parity=29 k=2 neg=10 pos=10 root_lp=infeasible margin=0.000e+00 block=4 nodes=482
OPEN support=442 parity=4 k=3 neg=9 pos=11 root_lp=feasible margin=1.432e+00 block=0 nodes=82
OPEN support=439 parity=4 k=5 neg=9 pos=11 root_lp=feasible margin=1.431e+00 block=0 nodes=84
OPEN support=436 parity=7 k=5 neg=10 pos=10 root_lp=feasible margin=3.863e-02 block=0 nodes=13
OPEN support=439 parity=5 k=2 neg=9 pos=11 root_lp=infeasible margin=0.000e+00 block=2 nodes=482
OPEN support=439 parity=5 k=3 neg=9 pos=11 root_lp=infeasible margin=0.000e+00 block=2 nodes=483
OPEN support=442 parity=4 k=4 neg=9 pos=11 root_lp=feasible margin=1.435e+00 block=0 nodes=83
OPEN support=439 parity=5 k=3 neg=9 pos=11 root_lp=infeasible margin=0.000e+00 block=2 nodes=483
OPEN support=440 parity=4 k=4 neg=9 pos=11 root_lp=feasible margin=7.494e-17 block=0 nodes=484
OPEN support=442 parity=4 k=4 neg=9 pos=11 root_lp=feasible margin=1.507e+00 block=0 nodes=30
OPEN support=437 parity=29 k=3 neg=10 pos=10 root_lp=feasible margin=3.535e-01 block=0 nodes=616
OPEN support=439 parity=5 k=4 neg=9 pos=11 root_lp=infeasible margin=0.000e+00 block=2 nodes=484
OPEN support=442 parity=4 k=5 neg=9 pos=11 root_lp=feasible margin=1.509e+00 block=0 nodes=31
OPEN support=442 parity=5 k=2 neg=9 pos=11 root_lp=infeasible margin=0.000e+00 block=2 nodes=482
OPEN support=440 parity=4 k=3 neg=9 pos=11 root_lp=feasible margin=1.416e+00 block=0 nodes=82
OPEN support=442 parity=5 k=3 neg=9 pos=11 root_lp=infeasible margin=0.000e+00 block=2 nodes=483
OPEN support=439 parity=5 k=3 neg=9 pos=11 root_lp=feasible margin=6.293e-01 block=0 nodes=590
OPEN support=440 parity=4 k=4 neg=9 pos=11 root_lp=feasible margin=1.419e+00 block=0 nodes=83
OPEN support=437 parity=29 k=3 neg=10 pos=10 root_lp=feasible margin=3.507e-01 block=0 nodes=952
OPEN support=442 parity=5 k=3 neg=9 pos=11 root_lp=feasible margin=4.740e-01 block=0 nodes=380
OPEN support=440 parity=4 k=4 neg=9 pos=11 root_lp=feasible margin=1.427e+00 block=0 nodes=83
OPEN support=437 parity=29 k=4 neg=10 pos=10 root_lp=feasible margin=6.163e-02 block=0 nodes=176
OPEN support=439 parity=5 k=4 neg=9 pos=11 root_lp=feasible margin=5.626e-01 block=0 nodes=575
OPEN support=437 parity=29 k=2 neg=10 pos=10 root_lp=infeasible margin=0.000e+00 block=2 nodes=482
OPEN support=442 parity=5 k=4 neg=9 pos=11 root_lp=feasible margin=3.099e-01 block=0 nodes=365
OPEN support=440 parity=4 k=5 neg=9 pos=11 root_lp=feasible margin=1.430e+00 block=0 nodes=84
OPEN support=437 parity=29 k=3 neg=10 pos=10 root_lp=infeasible margin=0.000e+00 block=2 nodes=483
OPEN support=440 parity=7 k=2 neg=10 pos=10 root_lp=infeasible margin=0.000e+00 block=4 nodes=482
OPEN support=440 parity=7 k=3 neg=10 pos=10 root_lp=infeasible margin=0.000e+00 block=4 nodes=483
OPEN support=439 parity=5 k=4 neg=9 pos=11 root_lp=feasible margin=6.011e-01 block=0 nodes=577
OPEN support=442 parity=5 k=3 neg=9 pos=11 root_lp=feasible margin=4.097e-01 block=0 nodes=508
OPEN support=437 parity=29 k=3 neg=10 pos=10 root_lp=feasible margin=2.575e-01 block=0 nodes=566
OPEN support=439 parity=5 k=5 neg=9 pos=11 root_lp=feasible margin=5.344e-01 block=0 nodes=564
OPEN support=442 parity=5 k=4 neg=9 pos=11 root_lp=feasible margin=2.251e-01 block=0 nodes=497
OPEN support=440 parity=7 k=3 neg=10 pos=10 root_lp=feasible margin=3.761e-01 block=0 nodes=920
OPEN support=442 parity=5 k=4 neg=9 pos=11 root_lp=feasible margin=2.210e-01 block=0 nodes=44
OPEN support=437 parity=29 k=4 neg=10 pos=10 root_lp=feasible margin=3.716e-01 block=0 nodes=591
OPEN support=439 parity=30 k=2 neg=9 pos=11 root_lp=infeasible margin=0.000e+00 block=2 nodes=482
OPEN support=442 parity=5 k=5 neg=9 pos=11 root_lp=feasible margin=8.064e-02 block=0 nodes=41
OPEN support=439 parity=30 k=3 neg=9 pos=11 root_lp=infeasible margin=0.000e+00 block=2 nodes=483
OPEN support=439 parity=30 k=3 neg=9 pos=11 root_lp=infeasible margin=0.000e+00 block=2 nodes=483
OPEN support=439 parity=30 k=4 neg=9 pos=11 root_lp=infeasible margin=0.000e+00 block=2 nodes=484
OPEN support=440 parity=7 k=4 neg=10 pos=10 root_lp=feasible margin=2.431e-01 block=0 nodes=873
OPEN support=439 parity=30 k=3 neg=9 pos=11 root_lp=feasible margin=1.410e+00 block=0 nodes=82
OPEN support=440 parity=7 k=2 neg=10 pos=10 root_lp=infeasible margin=0.000e+00 block=2 nodes=482
OPEN support=437 parity=29 k=3 neg=10 pos=10 root_lp=feasible margin=2.548e-01 block=0 nodes=870
OPEN support=440 parity=7 k=3 neg=10 pos=10 root_lp=infeasible margin=0.000e+00 block=2 nodes=483
OPEN support=439 parity=30 k=4 neg=9 pos=11 root_lp=feasible margin=1.415e+00 block=0 nodes=83
OPEN support=440 parity=7 k=3 neg=10 pos=10 root_lp=infeasible margin=0.000e+00 block=2 nodes=483
OPEN support=439 parity=30 k=4 neg=9 pos=11 root_lp=feasible margin=1.421e+00 block=0 nodes=83
OPEN support=443 parity=4 k=2 neg=9 pos=11 root_lp=infeasible margin=0.000e+00 block=2 nodes=482
OPEN support=436 parity=18 k=3 neg=10 pos=10 root_lp=feasible margin=6.901e-02 block=0 nodes=1587
OPEN support=440 parity=7 k=4 neg=10 pos=10 root_lp=infeasible margin=0.000e+00 block=2 nodes=484
OPEN support=439 parity=30 k=5 neg=9 pos=11 root_lp=feasible margin=1.425e+00 block=0 nodes=84
OPEN support=439 parity=31 k=2 neg=9 pos=11 root_lp=infeasible margin=0.000e+00 block=2 nodes=482
OPEN support=443 parity=4 k=3 neg=9 pos=11 root_lp=feasible margin=1.733e+00 block=0 nodes=82
OPEN support=439 parity=31 k=3 neg=9 pos=11 root_lp=infeasible margin=0.000e+00 block=2 nodes=483
OPEN support=437 parity=29 k=4 neg=10 pos=10 root_lp=feasible margin=3.689e-01 block=0 nodes=907
OPEN support=439 parity=31 k=3 neg=9 pos=11 root_lp=infeasible margin=0.000e+00 block=2 nodes=483
OPEN support=443 parity=4 k=3 neg=9 pos=11 root_lp=feasible margin=1.431e+00 block=0 nodes=82
OPEN support=439 parity=31 k=4 neg=9 pos=11 root_lp=infeasible margin=0.000e+00 block=2 nodes=484
OPEN support=437 parity=29 k=4 neg=10 pos=10 root_lp=feasible margin=1.102e-01 block=0 nodes=120
OPEN support=440 parity=7 k=3 neg=10 pos=10 root_lp=feasible margin=2.713e-01 block=0 nodes=848
OPEN support=443 parity=4 k=4 neg=9 pos=11 root_lp=feasible margin=1.509e+00 block=0 nodes=30
OPEN support=437 parity=29 k=5 neg=10 pos=10 root_lp=feasible margin=2.243e-01 block=0 nodes=139
OPEN support=439 parity=31 k=3 neg=9 pos=11 root_lp=feasible margin=3.984e-01 block=0 nodes=548
OPEN support=443 parity=4 k=2 neg=9 pos=11 root_lp=infeasible margin=0.000e+00 block=2 nodes=482
OPEN support=440 parity=7 k=4 neg=10 pos=10 root_lp=feasible margin=3.748e-03 block=0 nodes=867
OPEN support=439 parity=31 k=4 neg=9 pos=11 root_lp=feasible margin=2.408e-01 block=0 nodes=507
OPEN support=436 parity=18 k=4 neg=10 pos=10 root_lp=feasible margin=6.304e-02 block=0 nodes=237
OPEN support=444 parity=4 k=2 neg=9 pos=11 root_lp=infeasible margin=0.000e+00 block=2 nodes=482
OPEN support=444 parity=4 k=3 neg=9 pos=11 root_lp=feasible margin=1.101e+00 block=0 nodes=82
OPEN support=439 parity=31 k=4 neg=9 pos=11 root_lp=feasible margin=6.273e-02 block=0 nodes=543
OPEN support=443 parity=4 k=3 neg=9 pos=11 root_lp=feasible margin=4.567e-16 block=0 nodes=483
OPEN support=444 parity=4 k=3 neg=9 pos=11 root_lp=feasible margin=1.744e+00 block=0 nodes=82
OPEN support=440 parity=7 k=4 neg=10 pos=10 root_lp=feasible margin=9.239e-02 block=0 nodes=805
OPEN support=444 parity=4 k=4 neg=9 pos=11 root_lp=feasible margin=1.165e+00 block=0 nodes=30
OPEN support=443 parity=4 k=3 neg=9 pos=11 root_lp=feasible margin=1.732e+00 block=0 nodes=82
OPEN support=439 parity=31 k=5 neg=9 pos=11 root_lp=feasible margin=5.621e-01 block=0 nodes=504
OPEN support=444 parity=4 k=3 neg=9 pos=11 root_lp=feasible margin=1.442e+00 block=0 nodes=82
OPEN support=443 parity=4 k=4 neg=9 pos=11 root_lp=feasible margin=1.731e+00 block=0 nodes=83
OPEN support=444 parity=4 k=4 neg=9 pos=11 root_lp=feasible margin=1.152e+00 block=0 nodes=30
OPEN support=444 parity=4 k=4 neg=9 pos=11 root_lp=feasible margin=1.516e+00 block=0 nodes=30
OPEN support=444 parity=4 k=5 neg=9 pos=11 root_lp=feasible margin=1.233e+00 block=0 nodes=20
OPEN support=443 parity=4 k=3 neg=9 pos=11 root_lp=feasible margin=1.431e+00 block=0 nodes=82
OPEN support=440 parity=7 k=5 neg=10 pos=10 root_lp=feasible margin=3.163e-01 block=0 nodes=822
OPEN support=444 parity=5 k=2 neg=12 pos=8 root_lp=infeasible margin=0.000e+00 block=4 nodes=482
OPEN support=440 parity=10 k=2 neg=9 pos=11 root_lp=feasible margin=1.607e-01 block=0 nodes=81
OPEN support=443 parity=4 k=4 neg=9 pos=11 root_lp=feasible margin=1.435e+00 block=0 nodes=83
OPEN support=436 parity=18 k=4 neg=10 pos=10 root_lp=feasible margin=6.563e-02 block=0 nodes=225
OPEN support=445 parity=8 k=2 neg=9 pos=11 root_lp=infeasible margin=0.000e+00 block=2 nodes=482
OPEN support=440 parity=10 k=3 neg=9 pos=11 root_lp=feasible margin=1.636e-01 block=0 nodes=82
OPEN support=444 parity=5 k=3 neg=12 pos=8 root_lp=infeasible margin=0.000e+00 block=4 nodes=483
OPEN support=443 parity=4 k=4 neg=9 pos=11 root_lp=feasible margin=1.508e+00 block=0 nodes=30
OPEN support=440 parity=10 k=3 neg=9 pos=11 root_lp=feasible margin=2.430e-01 block=0 nodes=29
OPEN support=436 parity=18 k=5 neg=10 pos=10 root_lp=feasible margin=4.956e-02 block=0 nodes=13
OPEN support=440 parity=10 k=4 neg=9 pos=11 root_lp=feasible margin=2.430e-01 block=0 nodes=30
OPEN support=444 parity=5 k=3 neg=12 pos=8 root_lp=infeasible margin=0.000e+00 block=4 nodes=483
OPEN support=443 parity=4 k=5 neg=9 pos=11 root_lp=feasible margin=1.511e+00 block=0 nodes=31
OPEN support=440 parity=10 k=3 neg=9 pos=11 root_lp=feasible margin=1.614e-01 block=0 nodes=82
OPEN support=444 parity=5 k=4 neg=12 pos=8 root_lp=infeasible margin=0.000e+00 block=4 nodes=484
OPEN support=440 parity=10 k=4 neg=9 pos=11 root_lp=feasible margin=1.643e-01 block=0 nodes=83
OPEN support=444 parity=5 k=3 neg=12 pos=8 root_lp=infeasible margin=0.000e+00 block=4 nodes=483
OPEN support=445 parity=8 k=3 neg=9 pos=11 root_lp=infeasible margin=0.000e+00 block=2 nodes=483
OPEN support=443 parity=11 k=2 neg=10 pos=10 root_lp=infeasible margin=0.000e+00 block=2 nodes=482
OPEN support=440 parity=10 k=4 neg=9 pos=11 root_lp=feasible margin=2.430e-01 block=0 nodes=30
OPEN support=444 parity=5 k=4 neg=12 pos=8 root_lp=infeasible margin=0.000e+00 block=4 nodes=484
OPEN support=445 parity=8 k=3 neg=9 pos=11 root_lp=feasible margin=1.103e+00 block=0 nodes=82
OPEN support=443 parity=11 k=3 neg=10 pos=10 root_lp=feasible margin=1.388e+00 block=0 nodes=82
OPEN support=440 parity=10 k=5 neg=9 pos=11 root_lp=feasible margin=2.430e-01 block=0 nodes=31
OPEN support=444 parity=5 k=4 neg=12 pos=8 root_lp=infeasible margin=0.000e+00 block=4 nodes=484
OPEN support=445 parity=8 k=4 neg=9 pos=11 root_lp=feasible margin=1.104e+00 block=0 nodes=83
OPEN support=443 parity=11 k=3 neg=10 pos=10 root_lp=feasible margin=1.421e+00 block=0 nodes=82
OPEN support=446 parity=8 k=2 neg=9 pos=11 root_lp=infeasible margin=0.000e+00 block=2 nodes=482
OPEN support=440 parity=29 k=2 neg=10 pos=10 root_lp=infeasible margin=0.000e+00 block=4 nodes=482
OPEN support=443 parity=11 k=4 neg=10 pos=10 root_lp=feasible margin=1.356e+00 block=0 nodes=30
OPEN support=444 parity=5 k=5 neg=12 pos=8 root_lp=infeasible margin=0.000e+00 block=4 nodes=485
OPEN support=440 parity=29 k=3 neg=10 pos=10 root_lp=infeasible margin=0.000e+00 block=4 nodes=483
OPEN support=446 parity=8 k=3 neg=9 pos=11 root_lp=feasible margin=1.088e+00 block=0 nodes=82
OPEN support=445 parity=8 k=3 neg=9 pos=11 root_lp=feasible margin=1.739e+00 block=0 nodes=82
OPEN support=443 parity=11 k=3 neg=10 pos=10 root_lp=infeasible margin=0.000e+00 block=2 nodes=483
OPEN support=445 parity=8 k=4 neg=9 pos=11 root_lp=feasible margin=1.735e+00 block=0 nodes=83
OPEN support=445 parity=8 k=4 neg=9 pos=11 root_lp=feasible margin=1.172e+00 block=0 nodes=30
OPEN support=443 parity=11 k=4 neg=10 pos=10 root_lp=feasible margin=1.444e+00 block=0 nodes=83
OPEN support=446 parity=8 k=3 neg=9 pos=11 root_lp=feasible margin=1.745e+00 block=0 nodes=82
OPEN support=445 parity=8 k=5 neg=9 pos=11 root_lp=feasible margin=1.179e+00 block=0 nodes=31
OPEN support=446 parity=8 k=4 neg=9 pos=11 root_lp=feasible margin=1.149e+00 block=0 nodes=30
OPEN support=443 parity=11 k=4 neg=10 pos=10 root_lp=feasible margin=1.425e+00 block=0 nodes=83
OPEN support=443 parity=11 k=5 neg=10 pos=10 root_lp=feasible margin=1.356e+00 block=0 nodes=31
OPEN support=445 parity=8 k=3 neg=9 pos=11 root_lp=feasible margin=1.445e+00 block=0 nodes=82
OPEN support=446 parity=8 k=3 neg=9 pos=11 root_lp=feasible margin=1.446e+00 block=0 nodes=82
OPEN support=446 parity=8 k=4 neg=9 pos=11 root_lp=feasible margin=1.137e+00 block=0 nodes=30
OPEN support=440 parity=29 k=3 neg=10 pos=10 root_lp=feasible margin=1.258e-01 block=0 nodes=1010
OPEN support=445 parity=8 k=4 neg=9 pos=11 root_lp=feasible margin=1.448e+00 block=0 nodes=83
OPEN support=447 parity=4 k=2 neg=9 pos=11 root_lp=feasible margin=2.411e-16 block=0 nodes=482
OPEN support=445 parity=8 k=4 neg=9 pos=11 root_lp=feasible margin=1.158e+00 block=0 nodes=30
OPEN support=446 parity=8 k=4 neg=9 pos=11 root_lp=feasible margin=1.519e+00 block=0 nodes=30
OPEN support=443 parity=29 k=2 neg=10 pos=10 root_lp=infeasible margin=0.000e+00 block=2 nodes=482
OPEN support=446 parity=8 k=5 neg=9 pos=11 root_lp=feasible margin=1.201e+00 block=0 nodes=20
OPEN support=445 parity=8 k=5 neg=9 pos=11 root_lp=feasible margin=1.165e+00 block=0 nodes=31
OPEN support=445 parity=8 k=4 neg=9 pos=11 root_lp=feasible margin=1.518e+00 block=0 nodes=30
OPEN support=445 parity=8 k=5 neg=9 pos=11 root_lp=feasible margin=1.520e+00 block=0 nodes=31
OPEN support=445 parity=8 k=5 neg=9 pos=11 root_lp=feasible margin=1.245e+00 block=0 nodes=20
OPEN support=443 parity=29 k=3 neg=10 pos=10 root_lp=feasible margin=1.604e-01 block=0 nodes=466
OPEN support=445 parity=8 k=6 neg=9 pos=11 root_lp=feasible margin=1.259e+00 block=0 nodes=21
OPEN support=445 parity=9 k=2 neg=9 pos=11 root_lp=infeasible margin=0.000e+00 block=2 nodes=482
OPEN support=446 parity=8 k=2 neg=9 pos=11 root_lp=feasible margin=1.067e-15 block=0 nodes=482
OPEN support=447 parity=4 k=3 neg=9 pos=11 root_lp=feasible margin=1.402e-15 block=0 nodes=483
OPEN support=445 parity=9 k=3 neg=9 pos=11 root_lp=infeasible margin=0.000e+00 block=2 nodes=483
OPEN support=440 parity=29 k=4 neg=10 pos=10 root_lp=feasible margin=1.017e-01 block=0 nodes=947
OPEN support=440 parity=29 k=2 neg=10 pos=10 root_lp=infeasible margin=0.000e+00 block=2 nodes=482
OPEN support=440 parity=29 k=3 neg=10 pos=10 root_lp=infeasible margin=0.000e+00 block=4 nodes=483
OPEN support=447 parity=4 k=3 neg=9 pos=11 root_lp=feasible margin=1.742e+00 block=0 nodes=82
OPEN support=445 parity=9 k=3 neg=9 pos=11 root_lp=feasible margin=5.543e-02 block=0 nodes=348
OPEN support=440 parity=29 k=3 neg=10 pos=10 root_lp=infeasible margin=0.000e+00 block=2 nodes=483
OPEN support=443 parity=29 k=3 neg=10 pos=10 root_lp=feasible margin=2.542e-01 block=0 nodes=914
OPEN support=446 parity=8 k=3 neg=9 pos=11 root_lp=feasible margin=4.401e-15 block=0 nodes=483
OPEN support=440 parity=29 k=4 neg=10 pos=10 root_lp=infeasible margin=0.000e+00 block=2 nodes=484
OPEN support=447 parity=4 k=4 neg=9 pos=11 root_lp=feasible margin=1.750e+00 block=0 nodes=83
OPEN support=445 parity=9 k=4 neg=9 pos=11 root_lp=feasible margin=5.640e-01 block=0 nodes=337
OPEN support=446 parity=8 k=3 neg=9 pos=11 root_lp=feasible margin=1.101e+00 block=0 nodes=82
OPEN support=443 parity=29 k=4 neg=10 pos=10 root_lp=feasible margin=5.006e-02 block=0 nodes=132
OPEN support=446 parity=8 k=4 neg=9 pos=11 root_lp=feasible margin=1.098e+00 block=0 nodes=83
OPEN support=443 parity=29 k=2 neg=10 pos=10 root_lp=infeasible margin=0.000e+00 block=2 nodes=482
OPEN support=447 parity=4 k=3 neg=9 pos=11 root_lp=feasible margin=1.438e+00 block=0 nodes=82
OPEN support=445 parity=9 k=3 neg=9 pos=11 root_lp=feasible margin=1.366e-01 block=0 nodes=328
OPEN support=443 parity=29 k=3 neg=10 pos=10 root_lp=infeasible margin=0.000e+00 block=2 nodes=483
OPEN support=446 parity=8 k=3 neg=9 pos=11 root_lp=feasible margin=1.743e+00 block=0 nodes=82
OPEN support=447 parity=4 k=4 neg=9 pos=11 root_lp=feasible margin=1.448e+00 block=0 nodes=83
OPEN support=440 parity=29 k=3 neg=10 pos=10 root_lp=feasible margin=7.904e-03 block=0 nodes=930
OPEN support=445 parity=9 k=4 neg=9 pos=11 root_lp=feasible margin=5.801e-01 block=0 nodes=315
OPEN support=447 parity=4 k=4 neg=9 pos=11 root_lp=feasible margin=1.512e+00 block=0 nodes=30
OPEN support=445 parity=9 k=4 neg=9 pos=11 root_lp=feasible margin=8.501e-01 block=0 nodes=30
OPEN support=446 parity=8 k=4 neg=9 pos=11 root_lp=feasible margin=1.743e+00 block=0 nodes=83
OPEN support=446 parity=8 k=4 neg=9 pos=11 root_lp=feasible margin=1.161e+00 block=0 nodes=30
OPEN support=445 parity=9 k=5 neg=9 pos=11 root_lp=feasible margin=1.139e+00 block=0 nodes=31
OPEN support=443 parity=29 k=3 neg=10 pos=10 root_lp=feasible margin=6.444e-02 block=0 nodes=432
OPEN support=447 parity=4 k=5 neg=9 pos=11 root_lp=feasible margin=1.518e+00 block=0 nodes=31
OPEN support=446 parity=8 k=5 neg=9 pos=11 root_lp=feasible margin=1.157e+00 block=0 nodes=31
OPEN support=446 parity=8 k=3 neg=9 pos=11 root_lp=feasible margin=1.446e+00 block=0 nodes=82
OPEN support=447 parity=29 k=2 neg=9 pos=11 root_lp=infeasible margin=0.000e+00 block=2 nodes=482
OPEN support=445 parity=9 k=3 neg=9 pos=11 root_lp=feasible margin=1.141e-01 block=0 nodes=430
OPEN support=443 parity=29 k=4 neg=10 pos=10 root_lp=feasible margin=1.786e-01 block=0 nodes=449
OPEN support=440 parity=29 k=4 neg=10 pos=10 root_lp=feasible margin=5.071e-02 block=0 nodes=967
OPEN support=447 parity=29 k=3 neg=9 pos=11 root_lp=infeasible margin=0.000e+00 block=2 nodes=483
OPEN support=446 parity=8 k=4 neg=9 pos=11 root_lp=feasible margin=1.449e+00 block=0 nodes=83
OPEN support=446 parity=8 k=4 neg=9 pos=11 root_lp=feasible margin=1.148e+00 block=0 nodes=30
OPEN support=447 parity=29 k=3 neg=9 pos=11 root_lp=feasible margin=2.432e+00 block=0 nodes=82
OPEN support=446 parity=8 k=5 neg=9 pos=11 root_lp=feasible margin=1.145e+00 block=0 nodes=31
OPEN support=445 parity=9 k=4 neg=9 pos=11 root_lp=feasible margin=4.048e-01 block=0 nodes=415
OPEN support=447 parity=29 k=4 neg=9 pos=11 root_lp=feasible margin=2.440e+00 block=0 nodes=83
OPEN support=446 parity=8 k=4 neg=9 pos=11 root_lp=feasible margin=1.519e+00 block=0 nodes=30
OPEN support=445 parity=9 k=4 neg=9 pos=11 root_lp=feasible margin=3.045e-01 block=0 nodes=30
OPEN support=447 parity=29 k=3 neg=9 pos=11 root_lp=feasible margin=1.432e+00 block=0 nodes=82
OPEN support=445 parity=9 k=5 neg=9 pos=11 root_lp=feasible margin=5.642e-01 block=0 nodes=31
OPEN support=446 parity=8 k=5 neg=9 pos=11 root_lp=feasible margin=1.521e+00 block=0 nodes=31
OPEN support=443 parity=29 k=3 neg=10 pos=10 root_lp=feasible margin=4.070e-02 block=0 nodes=840
OPEN support=447 parity=29 k=4 neg=9 pos=11 root_lp=feasible margin=1.442e+00 block=0 nodes=83
OPEN support=446 parity=8 k=5 neg=9 pos=11 root_lp=feasible margin=1.222e+00 block=0 nodes=20
OPEN support=445 parity=9 k=4 neg=9 pos=11 root_lp=feasible margin=3.541e-01 block=0 nodes=30
OPEN support=447 parity=29 k=4 neg=9 pos=11 root_lp=feasible margin=1.509e+00 block=0 nodes=30
OPEN support=440 parity=29 k=4 neg=10 pos=10 root_lp=feasible margin=3.198e-01 block=0 nodes=875
OPEN support=446 parity=8 k=6 neg=9 pos=11 root_lp=feasible margin=1.212e+00 block=0 nodes=21
OPEN support=447 parity=29 k=5 neg=9 pos=11 root_lp=feasible margin=1.515e+00 block=0 nodes=31
OPEN support=445 parity=9 k=5 neg=9 pos=11 root_lp=feasible margin=6.413e-01 block=0 nodes=31
OPEN support=445 parity=9 k=5 neg=9 pos=11 root_lp=feasible margin=1.203e+00 block=0 nodes=20
OPEN support=445 parity=9 k=6 neg=9 pos=11 root_lp=feasible margin=1.192e+00 block=0 nodes=21
OPEN support=446 parity=10 k=2 neg=12 pos=8 root_lp=infeasible margin=0.000e+00 block=4 nodes=482
OPEN support=446 parity=10 k=3 neg=12 pos=8 root_lp=infeasible margin=0.000e+00 block=4 nodes=483
OPEN support=445 parity=10 k=2 neg=12 pos=8 root_lp=infeasible margin=0.000e+00 block=4 nodes=482
OPEN support=443 parity=29 k=4 neg=10 pos=10 root_lp=feasible margin=1.646e-01 block=0 nodes=873
OPEN support=446 parity=10 k=3 neg=12 pos=8 root_lp=infeasible margin=0.000e+00 block=4 nodes=483
OPEN support=440 parity=29 k=5 neg=10 pos=10 root_lp=feasible margin=3.833e-02 block=0 nodes=906
OPEN support=446 parity=10 k=4 neg=12 pos=8 root_lp=infeasible margin=0.000e+00 block=4 nodes=484
OPEN support=445 parity=10 k=3 neg=12 pos=8 root_lp=infeasible margin=0.000e+00 block=4 nodes=483
OPEN support=443 parity=29 k=4 neg=10 pos=10 root_lp=feasible margin=1.014e-01 block=0 nodes=90
OPEN support=440 parity=30 k=2 neg=9 pos=11 root_lp=infeasible margin=0.000e+00 block=2 nodes=482
OPEN support=448 parity=8 k=2 neg=9 pos=11 root_lp=feasible margin=9.107e-16 block=0 nodes=482
OPEN support=446 parity=10 k=3 neg=12 pos=8 root_lp=infeasible margin=0.000e+00 block=4 nodes=483
OPEN support=445 parity=10 k=3 neg=12 pos=8 root_lp=infeasible margin=0.000e+00 block=4 nodes=483
OPEN support=440 parity=30 k=3 neg=9 pos=11 root_lp=infeasible margin=0.000e+00 block=2 nodes=483
OPEN support=446 parity=10 k=4 neg=12 pos=8 root_lp=infeasible margin=0.000e+00 block=4 nodes=484
OPEN support=443 parity=29 k=5 neg=10 pos=10 root_lp=feasible margin=2.155e-01 block=0 nodes=105
OPEN support=440 parity=30 k=3 neg=9 pos=11 root_lp=feasible margin=1.408e+00 block=0 nodes=82
OPEN support=445 parity=10 k=4 neg=12 pos=8 root_lp=infeasible margin=0.000e+00 block=4 nodes=484
OPEN support=446 parity=10 k=4 neg=12 pos=8 root_lp=infeasible margin=0.000e+00 block=4 nodes=484
OPEN support=445 parity=10 k=3 neg=12 pos=8 root_lp=infeasible margin=0.000e+00 block=4 nodes=483
OPEN support=440 parity=30 k=4 neg=9 pos=11 root_lp=feasible margin=1.419e+00 block=0 nodes=83
OPEN support=446 parity=10 k=5 neg=12 pos=8 root_lp=infeasible margin=0.000e+00 block=4 nodes=485
OPEN support=440 parity=30 k=2 neg=9 pos=11 root_lp=infeasible margin=0.000e+00 block=2 nodes=482
OPEN support=445 parity=10 k=4 neg=12 pos=8 root_lp=infeasible margin=0.000e+00 block=4 nodes=484
OPEN support=448 parity=8 k=3 neg=9 pos=11 root_lp=infeasible margin=0.000e+00 block=2 nodes=483
OPEN support=440 parity=30 k=3 neg=9 pos=11 root_lp=infeasible margin=0.000e+00 block=2 nodes=483
OPEN support=445 parity=10 k=4 neg=12 pos=8 root_lp=infeasible margin=0.000e+00 block=4 nodes=484
OPEN support=446 parity=10 k=2 neg=12 pos=8 root_lp=infeasible margin=0.000e+00 block=4 nodes=482
OPEN support=440 parity=30 k=3 neg=9 pos=11 root_lp=infeasible margin=0.000e+00 block=2 nodes=483
OPEN support=445 parity=10 k=5 neg=12 pos=8 root_lp=infeasible margin=0.000e+00 block=4 nodes=485
OPEN support=440 parity=30 k=4 neg=9 pos=11 root_lp=infeasible margin=0.000e+00 block=2 nodes=484
OPEN support=445 parity=10 k=3 neg=12 pos=8 root_lp=infeasible margin=0.000e+00 block=4 nodes=483
OPEN support=446 parity=10 k=3 neg=12 pos=8 root_lp=infeasible margin=0.000e+00 block=4 nodes=483
OPEN support=449 parity=8 k=2 neg=9 pos=11 root_lp=infeasible margin=0.000e+00 block=2 nodes=482
OPEN support=440 parity=30 k=3 neg=9 pos=11 root_lp=feasible margin=1.409e+00 block=0 nodes=82
OPEN support=445 parity=10 k=4 neg=12 pos=8 root_lp=infeasible margin=0.000e+00 block=4 nodes=484
OPEN support=446 parity=10 k=3 neg=12 pos=8 root_lp=infeasible margin=0.000e+00 block=4 nodes=483
OPEN support=448 parity=8 k=3 neg=9 pos=11 root_lp=feasible margin=3.245e-16 block=0 nodes=483
OPEN support=445 parity=10 k=4 neg=12 pos=8 root_lp=infeasible margin=0.000e+00 block=4 nodes=484
OPEN support=440 parity=30 k=4 neg=9 pos=11 root_lp=feasible margin=1.412e+00 block=0 nodes=83
OPEN support=446 parity=10 k=4 neg=12 pos=8 root_lp=infeasible margin=0.000e+00 block=4 nodes=484
OPEN support=445 parity=10 k=5 neg=12 pos=8 root_lp=infeasible margin=0.000e+00 block=4 nodes=485
OPEN support=440 parity=30 k=4 neg=9 pos=11 root_lp=feasible margin=1.420e+00 block=0 nodes=83
OPEN support=446 parity=10 k=3 neg=12 pos=8 root_lp=infeasible margin=0.000e+00 block=4 nodes=483
OPEN support=445 parity=10 k=4 neg=12 pos=8 root_lp=infeasible margin=0.000e+00 block=4 nodes=484
OPEN support=440 parity=30 k=5 neg=9 pos=11 root_lp=feasible margin=1.423e+00 block=0 nodes=84
OPEN support=446 parity=10 k=4 neg=12 pos=8 root_lp=infeasible margin=0.000e+00 block=4 nodes=484
OPEN support=449 parity=8 k=3 neg=9 pos=11 root_lp=feasible margin=1.903e-15 block=0 nodes=483
OPEN support=445 parity=10 k=5 neg=12 pos=8 root_lp=infeasible margin=0.000e+00 block=4 nodes=485
OPEN support=446 parity=10 k=4 neg=12 pos=8 root_lp=infeasible margin=0.000e+00 block=4 nodes=484
OPEN support=448 parity=8 k=4 neg=9 pos=11 root_lp=infeasible margin=0.000e+00 block=2 nodes=484
OPEN support=445 parity=10 k=5 neg=12 pos=8 root_lp=infeasible margin=0.000e+00 block=4 nodes=485
OPEN support=446 parity=10 k=5 neg=12 pos=8 root_lp=infeasible margin=0.000e+00 block=4 nodes=485
OPEN support=449 parity=8 k=3 neg=9 pos=11 root_lp=feasible margin=1.743e+00 block=0 nodes=82
OPEN support=445 parity=10 k=6 neg=12 pos=8 root_lp=infeasible margin=0.000e+00 block=4 nodes=486
OPEN support=446 parity=10 k=3 neg=12 pos=8 root_lp=infeasible margin=0.000e+00 block=4 nodes=483
OPEN support=448 parity=8 k=3 neg=9 pos=11 root_lp=feasible margin=1.737e+00 block=0 nodes=82
OPEN support=445 parity=11 k=4 neg=10 pos=10 root_lp=feasible margin=3.700e-02 block=0 nodes=19
OPEN support=449 parity=8 k=4 neg=9 pos=11 root_lp=feasible margin=1.752e+00 block=0 nodes=83
OPEN support=446 parity=10 k=4 neg=12 pos=8 root_lp=infeasible margin=0.000e+00 block=4 nodes=484
OPEN support=450 parity=2 k=2 neg=9 pos=11 root_lp=feasible margin=3.509e-17 block=0 nodes=482
OPEN support=448 parity=8 k=4 neg=9 pos=11 root_lp=feasible margin=1.733e+00 block=0 nodes=83
OPEN support=446 parity=10 k=4 neg=12 pos=8 root_lp=infeasible margin=0.000e+00 block=4 nodes=484
OPEN support=445 parity=11 k=4 neg=10 pos=10 root_lp=feasible margin=8.033e-02 block=0 nodes=23
OPEN support=450 parity=2 k=3 neg=9 pos=11 root_lp=feasible margin=1.769e+00 block=0 nodes=82
OPEN support=449 parity=8 k=3 neg=9 pos=11 root_lp=feasible margin=1.442e+00 block=0 nodes=82
OPEN support=446 parity=10 k=5 neg=12 pos=8 root_lp=infeasible margin=0.000e+00 block=4 nodes=485
OPEN support=448 parity=8 k=4 neg=9 pos=11 root_lp=feasible margin=1.746e+00 block=0 nodes=83
OPEN support=445 parity=11 k=5 neg=10 pos=10 root_lp=feasible margin=3.037e-01 block=0 nodes=22
OPEN support=446 parity=10 k=4 neg=12 pos=8 root_lp=infeasible margin=0.000e+00 block=4 nodes=484
OPEN support=445 parity=11 k=5 neg=10 pos=10 root_lp=feasible margin=3.879e-02 block=0 nodes=13
OPEN support=448 parity=8 k=5 neg=9 pos=11 root_lp=feasible margin=1.742e+00 block=0 nodes=84
OPEN support=449 parity=8 k=4 neg=9 pos=11 root_lp=feasible margin=1.451e+00 block=0 nodes=83
OPEN support=446 parity=10 k=5 neg=12 pos=8 root_lp=infeasible margin=0.000e+00 block=4 nodes=485
OPEN support=450 parity=2 k=3 neg=9 pos=11 root_lp=feasible margin=1.476e+00 block=0 nodes=82
OPEN support=449 parity=8 k=4 neg=9 pos=11 root_lp=feasible margin=1.515e+00 block=0 nodes=30
OPEN support=445 parity=11 k=5 neg=10 pos=10 root_lp=feasible margin=3.037e-01 block=0 nodes=17
OPEN support=446 parity=10 k=5 neg=12 pos=8 root_lp=infeasible margin=0.000e+00 block=4 nodes=485
OPEN support=450 parity=2 k=4 neg=9 pos=11 root_lp=feasible margin=1.549e+00 block=0 nodes=30
OPEN support=449 parity=8 k=5 neg=9 pos=11 root_lp=feasible margin=1.521e+00 block=0 nodes=31
OPEN support=445 parity=11 k=6 neg=10 pos=10 root_lp=feasible margin=8.033e-02 block=0 nodes=14
OPEN support=448 parity=8 k=3 neg=9 pos=11 root_lp=feasible margin=1.441e+00 block=0 nodes=82
OPEN support=446 parity=10 k=6 neg=12 pos=8 root_lp=infeasible margin=0.000e+00 block=4 nodes=486
OPEN support=448 parity=8 k=4 neg=9 pos=11 root_lp=feasible margin=1.444e+00 block=0 nodes=83
OPEN support=449 parity=8 k=2 neg=9 pos=11 root_lp=feasible margin=4.703e-16 block=0 nodes=482
OPEN support=451 parity=4 k=2 neg=9 pos=11 root_lp=feasible margin=2.757e-15 block=0 nodes=482
OPEN support=448 parity=8 k=4 neg=9 pos=11 root_lp=feasible margin=1.450e+00 block=0 nodes=83
OPEN support=446 parity=21 k=2 neg=10 pos=10 root_lp=infeasible margin=0.000e+00 block=2 nodes=482
OPEN support=446 parity=21 k=3 neg=10 pos=10 root_lp=feasible margin=1.658e+00 block=0 nodes=82
OPEN support=448 parity=8 k=5 neg=9 pos=11 root_lp=feasible margin=1.453e+00 block=0 nodes=84
OPEN support=446 parity=21 k=3 neg=10 pos=10 root_lp=feasible margin=1.458e+00 block=0 nodes=82
OPEN support=449 parity=8 k=3 neg=9 pos=11 root_lp=feasible margin=3.388e-15 block=0 nodes=483
OPEN support=446 parity=21 k=4 neg=10 pos=10 root_lp=feasible margin=1.436e+00 block=0 nodes=30
OPEN support=448 parity=8 k=4 neg=9 pos=11 root_lp=feasible margin=1.513e+00 block=0 nodes=30
OPEN support=451 parity=4 k=3 neg=9 pos=11 root_lp=feasible margin=4.726e-15 block=0 nodes=483
OPEN support=446 parity=21 k=3 neg=10 pos=10 root_lp=feasible margin=1.436e+00 block=0 nodes=82
OPEN support=448 parity=8 k=5 neg=9 pos=11 root_lp=feasible margin=1.515e+00 block=0 nodes=31
OPEN support=446 parity=21 k=4 neg=10 pos=10 root_lp=feasible margin=1.509e+00 block=0 nodes=30
OPEN support=448 parity=8 k=5 neg=9 pos=11 root_lp=feasible margin=1.520e+00 block=0 nodes=31
OPEN support=451 parity=4 k=3 neg=9 pos=11 root_lp=feasible margin=1.763e+00 block=0 nodes=82
OPEN support=446 parity=21 k=4 neg=10 pos=10 root_lp=feasible margin=1.357e+00 block=0 nodes=30
OPEN support=446 parity=21 k=5 neg=10 pos=10 root_lp=feasible margin=1.350e+00 block=0 nodes=20
OPEN support=448 parity=8 k=6 neg=9 pos=11 root_lp=feasible margin=1.522e+00 block=0 nodes=32
OPEN support=449 parity=8 k=3 neg=9 pos=11 root_lp=feasible margin=8.250e-16 block=0 nodes=483
OPEN support=451 parity=4 k=4 neg=9 pos=11 root_lp=feasible margin=1.757e+00 block=0 nodes=83
OPEN support=448 parity=9 k=2 neg=9 pos=11 root_lp=infeasible margin=0.000e+00 block=2 nodes=482
OPEN support=446 parity=21 k=3 neg=10 pos=10 root_lp=infeasible margin=0.000e+00 block=2 nodes=483
OPEN support=448 parity=9 k=3 neg=9 pos=11 root_lp=infeasible margin=0.000e+00 block=2 nodes=483
OPEN support=451 parity=4 k=3 neg=9 pos=11 root_lp=feasible margin=1.479e+00 block=0 nodes=82
OPEN support=446 parity=21 k=4 neg=10 pos=10 root_lp=feasible margin=1.660e+00 block=0 nodes=83
OPEN support=448 parity=9 k=3 neg=9 pos=11 root_lp=infeasible margin=0.000e+00 block=2 nodes=483
OPEN support=446 parity=21 k=4 neg=10 pos=10 root_lp=feasible margin=1.458e+00 block=0 nodes=83
OPEN support=448 parity=9 k=4 neg=9 pos=11 root_lp=infeasible margin=0.000e+00 block=2 nodes=484
OPEN support=446 parity=21 k=5 neg=10 pos=10 root_lp=feasible margin=1.436e+00 block=0 nodes=31
OPEN support=449 parity=8 k=4 neg=9 pos=11 root_lp=infeasible margin=0.000e+00 block=2 nodes=484
OPEN support=451 parity=4 k=4 neg=9 pos=11 root_lp=feasible margin=1.481e+00 block=0 nodes=83
OPEN support=446 parity=21 k=4 neg=10 pos=10 root_lp=feasible margin=1.440e+00 block=0 nodes=83
OPEN support=451 parity=4 k=4 neg=9 pos=11 root_lp=feasible margin=1.529e+00 block=0 nodes=30
OPEN support=449 parity=8 k=3 neg=9 pos=11 root_lp=feasible margin=1.741e+00 block=0 nodes=82
OPEN support=446 parity=21 k=5 neg=10 pos=10 root_lp=feasible margin=1.510e+00 block=0 nodes=31
OPEN support=448 parity=9 k=3 neg=9 pos=11 root_lp=feasible margin=3.939e-01 block=0 nodes=362
OPEN support=446 parity=21 k=5 neg=10 pos=10 root_lp=feasible margin=1.357e+00 block=0 nodes=31
OPEN support=451 parity=4 k=5 neg=9 pos=11 root_lp=feasible margin=1.515e+00 block=0 nodes=31
OPEN support=446 parity=21 k=6 neg=10 pos=10 root_lp=feasible margin=1.350e+00 block=0 nodes=21
OPEN support=451 parity=5 k=2 neg=9 pos=11 root_lp=infeasible margin=0.000e+00 block=2 nodes=482
OPEN support=449 parity=8 k=4 neg=9 pos=11 root_lp=feasible margin=1.741e+00 block=0 nodes=83
OPEN support=451 parity=5 k=3 neg=9 pos=11 root_lp=infeasible margin=0.000e+00 block=2 nodes=483
OPEN support=445 parity=34 k=3 neg=10 pos=10 root_lp=feasible margin=6.731e-02 block=0 nodes=973
OPEN support=448 parity=9 k=4 neg=9 pos=11 root_lp=feasible margin=3.294e-01 block=0 nodes=349
OPEN support=449 parity=8 k=4 neg=9 pos=11 root_lp=feasible margin=1.750e+00 block=0 nodes=83
OPEN support=451 parity=5 k=3 neg=9 pos=11 root_lp=feasible margin=2.769e-01 block=0 nodes=318
OPEN support=449 parity=8 k=5 neg=9 pos=11 root_lp=feasible margin=1.750e+00 block=0 nodes=84
OPEN support=448 parity=9 k=4 neg=9 pos=11 root_lp=feasible margin=4.134e-01 block=0 nodes=349
OPEN support=445 parity=34 k=4 neg=10 pos=10 root_lp=feasible margin=6.389e-02 block=0 nodes=69
OPEN support=451 parity=5 k=4 neg=9 pos=11 root_lp=feasible margin=1.788e-01 block=0 nodes=307
OPEN support=449 parity=8 k=3 neg=9 pos=11 root_lp=feasible margin=1.441e+00 block=0 nodes=82
OPEN support=448 parity=9 k=5 neg=9 pos=11 root_lp=feasible margin=3.489e-01 block=0 nodes=334
OPEN support=449 parity=8 k=4 neg=9 pos=11 root_lp=feasible margin=1.445e+00 block=0 nodes=83
OPEN support=445 parity=34 k=4 neg=10 pos=10 root_lp=feasible margin=7.140e-02 block=0 nodes=63
OPEN support=446 parity=57 k=2 neg=10 pos=10 root_lp=infeasible margin=0.000e+00 block=2 nodes=482
OPEN support=445 parity=34 k=5 neg=10 pos=10 root_lp=feasible margin=6.080e-02 block=0 nodes=13
OPEN support=451 parity=5 k=3 neg=9 pos=11 root_lp=feasible margin=2.308e-01 block=0 nodes=496
OPEN support=448 parity=9 k=3 neg=9 pos=11 root_lp=feasible margin=2.139e-01 block=0 nodes=502
OPEN support=449 parity=8 k=4 neg=9 pos=11 root_lp=feasible margin=1.451e+00 block=0 nodes=83
OPEN support=446 parity=57 k=3 neg=10 pos=10 root_lp=feasible margin=1.124e-01 block=0 nodes=522
OPEN support=449 parity=8 k=5 neg=9 pos=11 root_lp=feasible margin=1.454e+00 block=0 nodes=84
OPEN support=445 parity=34 k=4 neg=10 pos=10 root_lp=feasible margin=1.621e+00 block=0 nodes=61
OPEN support=451 parity=5 k=4 neg=9 pos=11 root_lp=feasible margin=1.286e-01 block=0 nodes=483
OPEN support=445 parity=34 k=5 neg=10 pos=10 root_lp=feasible margin=6.320e-02 block=0 nodes=13
OPEN support=449 parity=8 k=4 neg=9 pos=11 root_lp=feasible margin=1.514e+00 block=0 nodes=30
OPEN support=448 parity=9 k=4 neg=9 pos=11 root_lp=feasible margin=1.156e-01 block=0 nodes=489
OPEN support=451 parity=5 k=4 neg=9 pos=11 root_lp=feasible margin=3.287e-01 block=0 nodes=38
OPEN support=445 parity=34 k=5 neg=10 pos=10 root_lp=feasible margin=6.253e-02 block=0 nodes=13
OPEN support=449 parity=8 k=5 neg=9 pos=11 root_lp=feasible margin=1.517e+00 block=0 nodes=31
OPEN support=451 parity=5 k=5 neg=9 pos=11 root_lp=feasible margin=2.554e-01 block=0 nodes=35
OPEN support=445 parity=34 k=6 neg=10 pos=10 root_lp=feasible margin=6.362e-02 block=0 nodes=13
OPEN support=449 parity=8 k=5 neg=9 pos=11 root_lp=feasible margin=1.521e+00 block=0 nodes=31
OPEN support=446 parity=57 k=3 neg=10 pos=10 root_lp=feasible margin=1.584e-02 block=0 nodes=412
OPEN support=449 parity=8 k=6 neg=9 pos=11 root_lp=feasible margin=1.523e+00 block=0 nodes=32
OPEN support=448 parity=9 k=4 neg=9 pos=11 root_lp=feasible margin=1.542e-01 block=0 nodes=491
OPEN support=446 parity=57 k=4 neg=10 pos=10 root_lp=feasible margin=4.973e-01 block=0 nodes=50
OPEN support=449 parity=11 k=2 neg=10 pos=10 root_lp=infeasible margin=0.000e+00 block=2 nodes=482
OPEN support=449 parity=11 k=3 neg=10 pos=10 root_lp=infeasible margin=0.000e+00 block=2 nodes=483
OPEN support=448 parity=9 k=5 neg=9 pos=11 root_lp=feasible margin=8.744e-02 block=0 nodes=472
OPEN support=452 parity=4 k=2 neg=9 pos=11 root_lp=infeasible margin=0.000e+00 block=2 nodes=482
OPEN support=449 parity=11 k=3 neg=10 pos=10 root_lp=feasible margin=5.949e-01 block=0 nodes=274
OPEN support=446 parity=57 k=3 neg=10 pos=10 root_lp=feasible margin=1.096e-01 block=0 nodes=796
OPEN support=448 parity=9 k=4 neg=9 pos=11 root_lp=feasible margin=5.732e-02 block=0 nodes=42
OPEN support=453 parity=4 k=2 neg=9 pos=11 root_lp=feasible margin=4.628e-16 block=0 nodes=482
OPEN support=448 parity=9 k=5 neg=9 pos=11 root_lp=feasible margin=3.368e-01 block=0 nodes=39
OPEN support=452 parity=4 k=3 neg=9 pos=11 root_lp=feasible margin=1.771e+00 block=0 nodes=82
OPEN support=446 parity=57 k=4 neg=10 pos=10 root_lp=feasible margin=2.965e-01 block=0 nodes=80
OPEN support=453 parity=4 k=3 neg=9 pos=11 root_lp=feasible margin=1.096e+00 block=0 nodes=82
OPEN support=449 parity=11 k=4 neg=10 pos=10 root_lp=feasible margin=1.249e-01 block=0 nodes=259
OPEN support=448 parity=9 k=5 neg=9 pos=11 root_lp=feasible margin=3.836e-01 block=0 nodes=39
OPEN support=452 parity=4 k=3 neg=9 pos=11 root_lp=feasible margin=1.482e+00 block=0 nodes=82
OPEN support=446 parity=57 k=4 neg=10 pos=10 root_lp=feasible margin=2.001e-01 block=0 nodes=70
OPEN support=448 parity=9 k=6 neg=9 pos=11 root_lp=feasible margin=3.205e-01 block=0 nodes=36
OPEN support=453 parity=4 k=3 neg=9 pos=11 root_lp=feasible margin=1.786e+00 block=0 nodes=82
OPEN support=452 parity=4 k=4 neg=9 pos=11 root_lp=feasible margin=1.555e+00 block=0 nodes=30
OPEN support=453 parity=4 k=4 neg=9 pos=11 root_lp=feasible margin=1.134e+00 block=0 nodes=30
OPEN support=446 parity=57 k=5 neg=10 pos=10 root_lp=feasible margin=5.818e-01 block=0 nodes=20
OPEN support=446 parity=57 k=2 neg=10 pos=10 root_lp=infeasible margin=0.000e+00 block=2 nodes=482
OPEN support=449 parity=11 k=3 neg=10 pos=10 root_lp=feasible margin=6.896e-02 block=0 nodes=708
OPEN support=453 parity=4 k=3 neg=9 pos=11 root_lp=feasible margin=1.493e+00 block=0 nodes=82
OPEN support=446 parity=57 k=3 neg=10 pos=10 root_lp=infeasible margin=0.000e+00 block=2 nodes=483
OPEN support=453 parity=4 k=4 neg=9 pos=11 root_lp=feasible margin=1.137e+00 block=0 nodes=30
OPEN support=453 parity=4 k=4 neg=9 pos=11 root_lp=feasible margin=1.562e+00 block=0 nodes=30
OPEN support=452 parity=4 k=2 neg=9 pos=11 root_lp=feasible margin=4.868e-16 block=0 nodes=482
OPEN support=453 parity=4 k=5 neg=9 pos=11 root_lp=feasible margin=1.185e+00 block=0 nodes=20
OPEN support=446 parity=57 k=3 neg=10 pos=10 root_lp=feasible margin=1.642e-02 block=0 nodes=478
OPEN support=453 parity=5 k=2 neg=12 pos=8 root_lp=infeasible margin=0.000e+00 block=2 nodes=482
OPEN support=449 parity=11 k=4 neg=10 pos=10 root_lp=feasible margin=3.055e-01 block=0 nodes=667
OPEN support=449 parity=11 k=4 neg=10 pos=10 root_lp=feasible margin=1.709e-01 block=0 nodes=38
OPEN support=453 parity=5 k=3 neg=12 pos=8 root_lp=infeasible margin=0.000e+00 block=4 nodes=483
OPEN support=448 parity=58 k=2 neg=9 pos=11 root_lp=infeasible margin=0.000e+00 block=2 nodes=482
OPEN support=452 parity=4 k=3 neg=9 pos=11 root_lp=infeasible margin=0.000e+00 block=2 nodes=483
OPEN support=446 parity=57 k=4 neg=10 pos=10 root_lp=feasible margin=1.305e-01 block=0 nodes=497
OPEN support=453 parity=5 k=3 neg=12 pos=8 root_lp=infeasible margin=0.000e+00 block=2 nodes=483
OPEN support=449 parity=11 k=5 neg=10 pos=10 root_lp=feasible margin=7.480e-02 block=0 nodes=37
OPEN support=448 parity=58 k=3 neg=9 pos=11 root_lp=infeasible margin=0.000e+00 block=2 nodes=483
OPEN support=449 parity=11 k=2 neg=10 pos=10 root_lp=infeasible margin=0.000e+00 block=2 nodes=482
OPEN support=453 parity=5 k=4 neg=12 pos=8 root_lp=infeasible margin=0.000e+00 block=2 nodes=484
OPEN support=448 parity=58 k=3 neg=9 pos=11 root_lp=infeasible margin=0.000e+00 block=2 nodes=483
OPEN support=452 parity=4 k=3 neg=9 pos=11 root_lp=feasible margin=1.771e+00 block=0 nodes=82
OPEN support=449 parity=11 k=3 neg=10 pos=10 root_lp=infeasible margin=0.000e+00 block=2 nodes=483
OPEN support=453 parity=5 k=3 neg=12 pos=8 root_lp=infeasible margin=0.000e+00 block=4 nodes=483
OPEN support=449 parity=11 k=3 neg=10 pos=10 root_lp=infeasible margin=0.000e+00 block=2 nodes=483
OPEN support=448 parity=58 k=4 neg=9 pos=11 root_lp=infeasible margin=0.000e+00 block=2 nodes=484
OPEN support=446 parity=57 k=3 neg=10 pos=10 root_lp=feasible margin=5.459e-01 block=0 nodes=380
OPEN support=453 parity=5 k=4 neg=12 pos=8 root_lp=infeasible margin=0.000e+00 block=2 nodes=484
OPEN support=452 parity=4 k=4 neg=9 pos=11 root_lp=feasible margin=1.773e+00 block=0 nodes=83
OPEN support=449 parity=11 k=4 neg=10 pos=10 root_lp=infeasible margin=0.000e+00 block=2 nodes=484
OPEN support=448 parity=58 k=3 neg=9 pos=11 root_lp=feasible margin=2.434e+00 block=0 nodes=82
OPEN support=453 parity=5 k=4 neg=12 pos=8 root_lp=infeasible margin=0.000e+00 block=2 nodes=484
OPEN support=448 parity=58 k=4 neg=9 pos=11 root_lp=feasible margin=2.441e+00 block=0 nodes=83
OPEN support=452 parity=4 k=3 neg=9 pos=11 root_lp=feasible margin=1.481e+00 block=0 nodes=82
OPEN support=448 parity=58 k=4 neg=9 pos=11 root_lp=feasible margin=2.442e+00 block=0 nodes=83
OPEN support=453 parity=5 k=5 neg=12 pos=8 root_lp=infeasible margin=0.000e+00 block=2 nodes=485
OPEN support=446 parity=57 k=4 neg=10 pos=10 root_lp=feasible margin=3.400e-02 block=0 nodes=393
OPEN support=449 parity=11 k=3 neg=10 pos=10 root_lp=feasible margin=4.717e-01 block=0 nodes=250
OPEN support=448 parity=58 k=5 neg=9 pos=11 root_lp=feasible margin=2.448e+00 block=0 nodes=84
OPEN support=446 parity=57 k=4 neg=10 pos=10 root_lp=feasible margin=4.014e-01 block=0 nodes=38
OPEN support=448 parity=58 k=3 neg=9 pos=11 root_lp=feasible margin=1.435e+00 block=0 nodes=82
OPEN support=452 parity=4 k=4 neg=9 pos=11 root_lp=feasible margin=1.485e+00 block=0 nodes=83
OPEN support=446 parity=57 k=5 neg=10 pos=10 root_lp=feasible margin=5.155e-01 block=0 nodes=43
OPEN support=449 parity=11 k=4 neg=10 pos=10 root_lp=feasible margin=2.008e-01 block=0 nodes=257
OPEN support=448 parity=58 k=4 neg=9 pos=11 root_lp=feasible margin=1.439e+00 block=0 nodes=83
OPEN support=452 parity=4 k=4 neg=9 pos=11 root_lp=feasible margin=1.546e+00 block=0 nodes=30
OPEN support=448 parity=58 k=4 neg=9 pos=11 root_lp=feasible margin=1.445e+00 block=0 nodes=83
OPEN support=452 parity=4 k=5 neg=9 pos=11 root_lp=feasible margin=1.544e+00 block=0 nodes=31
OPEN support=449 parity=11 k=4 neg=10 pos=10 root_lp=feasible margin=1.581e-03 block=0 nodes=237
OPEN support=454 parity=8 k=2 neg=9 pos=11 root_lp=feasible margin=1.690e-15 block=0 nodes=482
OPEN support=448 parity=58 k=5 neg=9 pos=11 root_lp=feasible margin=1.448e+00 block=0 nodes=84
OPEN support=448 parity=58 k=4 neg=9 pos=11 root_lp=feasible margin=1.511e+00 block=0 nodes=30
OPEN support=448 parity=58 k=5 neg=9 pos=11 root_lp=feasible margin=1.512e+00 block=0 nodes=31
OPEN support=446 parity=57 k=3 neg=10 pos=10 root_lp=feasible margin=2.847e-01 block=0 nodes=732
OPEN support=448 parity=58 k=5 neg=9 pos=11 root_lp=feasible margin=1.517e+00 block=0 nodes=31
OPEN support=449 parity=11 k=5 neg=10 pos=10 root_lp=feasible margin=3.841e-01 block=0 nodes=242
OPEN support=448 parity=58 k=6 neg=9 pos=11 root_lp=feasible margin=1.520e+00 block=0 nodes=32
OPEN support=452 parity=26 k=2 neg=10 pos=10 root_lp=infeasible margin=0.000e+00 block=2 nodes=482
OPEN support=448 parity=59 k=2 neg=9 pos=11 root_lp=infeasible margin=0.000e+00 block=2 nodes=482
OPEN support=454 parity=8 k=3 neg=9 pos=11 root_lp=infeasible margin=0.000e+00 block=2 nodes=483
OPEN support=448 parity=59 k=3 neg=9 pos=11 root_lp=infeasible margin=0.000e+00 block=2 nodes=483
OPEN support=452 parity=26 k=3 neg=10 pos=10 root_lp=infeasible margin=0.000e+00 block=2 nodes=483
OPEN support=454 parity=8 k=3 neg=9 pos=11 root_lp=feasible margin=1.097e+00 block=0 nodes=82
OPEN support=448 parity=59 k=3 neg=9 pos=11 root_lp=infeasible margin=0.000e+00 block=2 nodes=483
OPEN support=454 parity=8 k=4 neg=9 pos=11 root_lp=feasible margin=1.099e+00 block=0 nodes=83
OPEN support=452 parity=26 k=3 neg=10 pos=10 root_lp=feasible margin=1.449e+00 block=0 nodes=82
OPEN support=449 parity=11 k=3 neg=10 pos=10 root_lp=feasible margin=2.572e-01 block=0 nodes=644
OPEN support=446 parity=57 k=4 neg=10 pos=10 root_lp=feasible margin=5.578e-02 block=0 nodes=767
OPEN support=448 parity=59 k=4 neg=9 pos=11 root_lp=infeasible margin=0.000e+00 block=2 nodes=484
OPEN support=452 parity=26 k=4 neg=10 pos=10 root_lp=feasible margin=1.504e+00 block=0 nodes=83
OPEN support=446 parity=57 k=4 neg=10 pos=10 root_lp=feasible margin=2.071e-01 block=0 nodes=54
OPEN support=454 parity=8 k=3 neg=9 pos=11 root_lp=feasible margin=1.780e+00 block=0 nodes=82
OPEN support=448 parity=59 k=3 neg=9 pos=11 root_lp=feasible margin=9.772e-02 block=0 nodes=220
OPEN support=446 parity=57 k=5 neg=10 pos=10 root_lp=feasible margin=2.500e-01 block=0 nodes=67
OPEN support=452 parity=26 k=3 neg=10 pos=10 root_lp=infeasible margin=0.000e+00 block=2 nodes=483
OPEN support=454 parity=8 k=4 neg=9 pos=11 root_lp=feasible margin=1.775e+00 block=0 nodes=83
OPEN support=448 parity=59 k=4 neg=9 pos=11 root_lp=feasible margin=6.418e-02 block=0 nodes=203
OPEN support=449 parity=11 k=4 neg=10 pos=10 root_lp=feasible margin=1.321e-01 block=0 nodes=659
OPEN support=446 parity=57 k=4 neg=10 pos=10 root_lp=feasible margin=2.514e-01 block=0 nodes=50
OPEN support=454 parity=8 k=4 neg=9 pos=11 root_lp=feasible margin=1.140e+00 block=0 nodes=30
OPEN support=454 parity=8 k=5 neg=9 pos=11 root_lp=feasible margin=1.146e+00 block=0 nodes=31
OPEN support=452 parity=26 k=4 neg=10 pos=10 root_lp=infeasible margin=0.000e+00 block=2 nodes=484
OPEN support=446 parity=57 k=5 neg=10 pos=10 root_lp=feasible margin=2.182e-01 block=0 nodes=59
OPEN support=448 parity=59 k=4 neg=9 pos=11 root_lp=feasible margin=1.763e-02 block=0 nodes=213
OPEN support=452 parity=26 k=4 neg=10 pos=10 root_lp=feasible margin=1.452e+00 block=0 nodes=83
OPEN support=446 parity=57 k=5 neg=10 pos=10 root_lp=feasible margin=5.901e-01 block=0 nodes=20
OPEN support=454 parity=8 k=3 neg=9 pos=11 root_lp=feasible margin=1.495e+00 block=0 nodes=82
OPEN support=452 parity=26 k=5 neg=10 pos=10 root_lp=feasible margin=1.504e+00 block=0 nodes=84
OPEN support=446 parity=57 k=6 neg=10 pos=10 root_lp=feasible margin=5.652e-01 block=0 nodes=21
OPEN support=448 parity=59 k=5 neg=9 pos=11 root_lp=feasible margin=6.331e-01 block=0 nodes=196
OPEN support=449 parity=11 k=4 neg=10 pos=10 root_lp=feasible margin=1.484e-01 block=0 nodes=617
OPEN support=452 parity=29 k=2 neg=10 pos=10 root_lp=infeasible margin=0.000e+00 block=2 nodes=482
OPEN support=454 parity=8 k=4 neg=9 pos=11 root_lp=feasible margin=1.496e+00 block=0 nodes=83
OPEN support=454 parity=8 k=4 neg=9 pos=11 root_lp=feasible margin=1.142e+00 block=0 nodes=30
OPEN support=454 parity=8 k=5 neg=9 pos=11 root_lp=feasible margin=1.148e+00 block=0 nodes=31
OPEN support=448 parity=59 k=3 neg=9 pos=11 root_lp=feasible margin=2.713e-01 block=0 nodes=410
OPEN support=454 parity=8 k=4 neg=9 pos=11 root_lp=feasible margin=1.541e+00 block=0 nodes=30
OPEN support=452 parity=29 k=3 neg=10 pos=10 root_lp=feasible margin=5.485e-01 block=0 nodes=496
OPEN support=449 parity=11 k=5 neg=10 pos=10 root_lp=feasible margin=6.120e-02 block=0 nodes=632
OPEN support=454 parity=8 k=5 neg=9 pos=11 root_lp=feasible margin=1.525e+00 block=0 nodes=31
OPEN support=454 parity=8 k=5 neg=9 pos=11 root_lp=feasible margin=1.195e+00 block=0 nodes=20
OPEN support=449 parity=11 k=4 neg=10 pos=10 root_lp=feasible margin=4.216e-01 block=0 nodes=32
OPEN support=448 parity=59 k=4 neg=9 pos=11 root_lp=feasible margin=1.541e-01 block=0 nodes=379
OPEN support=454 parity=8 k=6 neg=9 pos=11 root_lp=feasible margin=1.206e+00 block=0 nodes=21
OPEN support=455 parity=8 k=2 neg=9 pos=11 root_lp=feasible margin=7.123e-16 block=0 nodes=482
OPEN support=449 parity=11 k=5 neg=10 pos=10 root_lp=feasible margin=1.507e-01 block=0 nodes=35
OPEN support=454 parity=9 k=2 neg=9 pos=11 root_lp=infeasible margin=0.000e+00 block=2 nodes=482
OPEN support=455 parity=8 k=3 neg=9 pos=11 root_lp=feasible margin=1.092e+00 block=0 nodes=82
OPEN support=449 parity=11 k=5 neg=10 pos=10 root_lp=feasible margin=2.056e-01 block=0 nodes=31
OPEN support=454 parity=9 k=3 neg=9 pos=11 root_lp=infeasible margin=0.000e+00 block=2 nodes=483
OPEN support=452 parity=29 k=3 neg=10 pos=10 root_lp=feasible margin=1.352e-01 block=0 nodes=924
OPEN support=448 parity=59 k=4 neg=9 pos=11 root_lp=feasible margin=4.495e-02 block=0 nodes=405
OPEN support=449 parity=11 k=6 neg=10 pos=10 root_lp=feasible margin=9.874e-01 block=0 nodes=34
OPEN support=455 parity=8 k=3 neg=9 pos=11 root_lp=feasible margin=1.788e+00 block=0 nodes=82
OPEN support=455 parity=8 k=4 neg=9 pos=11 root_lp=feasible margin=1.121e+00 block=0 nodes=30
OPEN support=454 parity=9 k=3 neg=9 pos=11 root_lp=feasible margin=1.579e-02 block=0 nodes=332
OPEN support=452 parity=29 k=4 neg=10 pos=10 root_lp=feasible margin=4.115e-02 block=0 nodes=122
OPEN support=452 parity=29 k=2 neg=10 pos=10 root_lp=infeasible margin=0.000e+00 block=2 nodes=482
OPEN support=449 parity=18 k=2 neg=9 pos=11 root_lp=feasible margin=2.089e-01 block=0 nodes=81
OPEN support=448 parity=59 k=5 neg=9 pos=11 root_lp=feasible margin=3.837e-01 block=0 nodes=374
OPEN support=455 parity=8 k=3 neg=9 pos=11 root_lp=feasible margin=1.497e+00 block=0 nodes=82
OPEN support=452 parity=29 k=3 neg=10 pos=10 root_lp=infeasible margin=0.000e+00 block=2 nodes=483
OPEN support=448 parity=59 k=4 neg=9 pos=11 root_lp=feasible margin=9.603e-01 block=0 nodes=30
OPEN support=449 parity=18 k=3 neg=9 pos=11 root_lp=feasible margin=2.115e-01 block=0 nodes=82
OPEN support=455 parity=8 k=4 neg=9 pos=11 root_lp=feasible margin=1.124e+00 block=0 nodes=30
OPEN support=454 parity=9 k=4 neg=9 pos=11 root_lp=feasible margin=2.563e-02 block=0 nodes=315
OPEN support=449 parity=18 k=3 neg=9 pos=11 root_lp=feasible margin=2.430e-01 block=0 nodes=29
OPEN support=448 parity=59 k=5 neg=9 pos=11 root_lp=feasible margin=1.186e+00 block=0 nodes=31
OPEN support=455 parity=8 k=4 neg=9 pos=11 root_lp=feasible margin=1.565e+00 block=0 nodes=30
OPEN support=449 parity=18 k=4 neg=9 pos=11 root_lp=feasible margin=2.430e-01 block=0 nodes=30
OPEN support=448 parity=59 k=5 neg=9 pos=11 root_lp=feasible margin=1.013e+00 block=0 nodes=31
OPEN support=449 parity=18 k=3 neg=9 pos=11 root_lp=feasible margin=2.430e-01 block=0 nodes=29
OPEN support=455 parity=8 k=5 neg=9 pos=11 root_lp=feasible margin=1.160e+00 block=0 nodes=20
OPEN support=454 parity=9 k=3 neg=9 pos=11 root_lp=feasible margin=5.019e-01 block=0 nodes=270
OPEN support=449 parity=18 k=4 neg=9 pos=11 root_lp=feasible margin=2.430e-01 block=0 nodes=30
OPEN support=448 parity=59 k=6 neg=9 pos=11 root_lp=feasible margin=1.219e+00 block=0 nodes=32
OPEN support=452 parity=29 k=3 neg=10 pos=10 root_lp=feasible margin=4.525e-01 block=0 nodes=454
OPEN support=449 parity=18 k=4 neg=9 pos=11 root_lp=feasible margin=2.430e-01 block=0 nodes=19
OPEN support=449 parity=18 k=5 neg=9 pos=11 root_lp=feasible margin=2.430e-01 block=0 nodes=20
OPEN support=449 parity=18 k=3 neg=9 pos=11 root_lp=feasible margin=2.088e-01 block=0 nodes=82
OPEN support=454 parity=9 k=4 neg=9 pos=11 root_lp=feasible margin=4.225e-01 block=0 nodes=261
OPEN support=454 parity=9 k=4 neg=9 pos=11 root_lp=feasible margin=1.137e+00 block=0 nodes=30
OPEN support=449 parity=18 k=4 neg=9 pos=11 root_lp=feasible margin=2.114e-01 block=0 nodes=83
OPEN support=454 parity=9 k=5 neg=9 pos=11 root_lp=feasible margin=1.143e+00 block=0 nodes=31
OPEN support=452 parity=29 k=4 neg=10 pos=10 root_lp=feasible margin=5.667e-01 block=0 nodes=473
OPEN support=449 parity=18 k=4 neg=9 pos=11 root_lp=feasible margin=2.430e-01 block=0 nodes=30
OPEN support=455 parity=8 k=2 neg=9 pos=11 root_lp=feasible margin=2.269e-16 block=0 nodes=482
OPEN support=456 parity=4 k=2 neg=9 pos=11 root_lp=infeasible margin=0.000e+00 block=2 nodes=482
OPEN support=449 parity=18 k=5 neg=9 pos=11 root_lp=feasible margin=2.430e-01 block=0 nodes=31
OPEN support=449 parity=18 k=4 neg=9 pos=11 root_lp=feasible margin=2.430e-01 block=0 nodes=30
OPEN support=449 parity=18 k=5 neg=9 pos=11 root_lp=feasible margin=2.430e-01 block=0 nodes=31
OPEN support=449 parity=18 k=5 neg=9 pos=11 root_lp=feasible margin=2.430e-01 block=0 nodes=20
OPEN support=454 parity=9 k=3 neg=9 pos=11 root_lp=feasible margin=3.817e-01 block=0 nodes=418
OPEN support=449 parity=18 k=6 neg=9 pos=11 root_lp=feasible margin=2.430e-01 block=0 nodes=21
OPEN support=455 parity=8 k=3 neg=9 pos=11 root_lp=infeasible margin=0.000e+00 block=2 nodes=483
OPEN support=452 parity=29 k=3 neg=10 pos=10 root_lp=feasible margin=3.928e-02 block=0 nodes=848
OPEN support=455 parity=8 k=3 neg=9 pos=11 root_lp=feasible margin=1.095e+00 block=0 nodes=82
OPEN support=449 parity=21 k=2 neg=10 pos=10 root_lp=infeasible margin=0.000e+00 block=2 nodes=482
OPEN support=454 parity=9 k=4 neg=9 pos=11 root_lp=feasible margin=3.122e-01 block=0 nodes=409
OPEN support=456 parity=4 k=3 neg=9 pos=11 root_lp=infeasible margin=0.000e+00 block=2 nodes=483
OPEN support=455 parity=8 k=4 neg=9 pos=11 root_lp=feasible margin=1.095e+00 block=0 nodes=83
OPEN support=449 parity=21 k=3 neg=10 pos=10 root_lp=infeasible margin=0.000e+00 block=2 nodes=483
OPEN support=456 parity=4 k=3 neg=9 pos=11 root_lp=feasible margin=1.787e+00 block=0 nodes=82
OPEN support=454 parity=9 k=4 neg=9 pos=11 root_lp=feasible margin=5.494e-01 block=0 nodes=30
OPEN support=449 parity=21 k=3 neg=10 pos=10 root_lp=feasible margin=1.428e+00 block=0 nodes=82
OPEN support=455 parity=8 k=3 neg=9 pos=11 root_lp=feasible margin=1.788e+00 block=0 nodes=82
OPEN support=449 parity=21 k=4 neg=10 pos=10 root_lp=feasible margin=1.458e+00 block=0 nodes=83
OPEN support=456 parity=4 k=4 neg=9 pos=11 root_lp=feasible margin=1.788e+00 block=0 nodes=83
OPEN support=454 parity=9 k=5 neg=9 pos=11 root_lp=feasible margin=7.690e-01 block=0 nodes=31
OPEN support=452 parity=29 k=4 neg=10 pos=10 root_lp=feasible margin=1.534e-01 block=0 nodes=881
OPEN support=455 parity=8 k=4 neg=9 pos=11 root_lp=feasible margin=1.788e+00 block=0 nodes=83
OPEN support=455 parity=8 k=4 neg=9 pos=11 root_lp=feasible margin=1.131e+00 block=0 nodes=30
OPEN support=449 parity=21 k=3 neg=10 pos=10 root_lp=feasible margin=1.432e+00 block=0 nodes=82
OPEN support=455 parity=8 k=5 neg=9 pos=11 root_lp=feasible margin=1.128e+00 block=0 nodes=31
OPEN support=452 parity=29 k=4 neg=10 pos=10 root_lp=feasible margin=3.053e-01 block=0 nodes=84
OPEN support=456 parity=4 k=3 neg=9 pos=11 root_lp=feasible margin=1.485e+00 block=0 nodes=82
OPEN support=449 parity=21 k=4 neg=10 pos=10 root_lp=feasible margin=1.442e+00 block=0 nodes=83
OPEN support=454 parity=9 k=4 neg=9 pos=11 root_lp=feasible margin=8.068e-01 block=0 nodes=30
OPEN support=449 parity=21 k=4 neg=10 pos=10 root_lp=feasible margin=1.356e+00 block=0 nodes=30
OPEN support=456 parity=4 k=4 neg=9 pos=11 root_lp=feasible margin=1.493e+00 block=0 nodes=83
OPEN support=449 parity=21 k=5 neg=10 pos=10 root_lp=feasible margin=1.357e+00 block=0 nodes=31
OPEN support=455 parity=8 k=3 neg=9 pos=11 root_lp=feasible margin=1.496e+00 block=0 nodes=82
OPEN support=452 parity=29 k=5 neg=10 pos=10 root_lp=feasible margin=5.931e-02 block=0 nodes=99
OPEN support=454 parity=9 k=5 neg=9 pos=11 root_lp=feasible margin=9.065e-01 block=0 nodes=31
OPEN support=456 parity=4 k=4 neg=9 pos=11 root_lp=feasible margin=1.555e+00 block=0 nodes=30
OPEN support=454 parity=9 k=5 neg=9 pos=11 root_lp=feasible margin=9.979e-01 block=0 nodes=20
OPEN support=449 parity=21 k=3 neg=10 pos=10 root_lp=infeasible margin=0.000e+00 block=2 nodes=483
OPEN support=455 parity=8 k=4 neg=9 pos=11 root_lp=feasible margin=1.497e+00 block=0 nodes=83
OPEN support=456 parity=4 k=5 neg=9 pos=11 root_lp=feasible margin=1.561e+00 block=0 nodes=31
OPEN support=455 parity=8 k=4 neg=9 pos=11 root_lp=feasible margin=1.134e+00 block=0 nodes=30
OPEN support=455 parity=8 k=5 neg=9 pos=11 root_lp=feasible margin=1.131e+00 block=0 nodes=31
OPEN support=449 parity=21 k=4 neg=10 pos=10 root_lp=infeasible margin=0.000e+00 block=2 nodes=484
OPEN support=454 parity=9 k=6 neg=9 pos=11 root_lp=feasible margin=9.788e-01 block=0 nodes=21
OPEN support=455 parity=8 k=4 neg=9 pos=11 root_lp=feasible margin=1.558e+00 block=0 nodes=30
OPEN support=449 parity=21 k=4 neg=10 pos=10 root_lp=feasible margin=1.458e+00 block=0 nodes=83
OPEN support=456 parity=29 k=2 neg=9 pos=11 root_lp=infeasible margin=0.000e+00 block=2 nodes=482
OPEN support=457 parity=8 k=2 neg=9 pos=11 root_lp=feasible margin=2.872e-16 block=0 nodes=482
OPEN support=455 parity=8 k=5 neg=9 pos=11 root_lp=feasible margin=1.554e+00 block=0 nodes=31
OPEN support=449 parity=21 k=5 neg=10 pos=10 root_lp=feasible margin=1.458e+00 block=0 nodes=84
OPEN support=456 parity=29 k=3 neg=9 pos=11 root_lp=infeasible margin=0.000e+00 block=2 nodes=483
OPEN support=455 parity=8 k=5 neg=9 pos=11 root_lp=feasible margin=1.177e+00 block=0 nodes=20
OPEN support=456 parity=29 k=3 neg=9 pos=11 root_lp=feasible margin=1.740e+00 block=0 nodes=82
OPEN support=449 parity=21 k=4 neg=10 pos=10 root_lp=feasible margin=1.436e+00 block=0 nodes=83
OPEN support=455 parity=8 k=6 neg=9 pos=11 root_lp=feasible margin=1.170e+00 block=0 nodes=21
OPEN support=454 parity=10 k=2 neg=12 pos=8 root_lp=infeasible margin=0.000e+00 block=4 nodes=482
OPEN support=456 parity=29 k=4 neg=9 pos=11 root_lp=feasible margin=1.751e+00 block=0 nodes=83
OPEN support=449 parity=21 k=5 neg=10 pos=10 root_lp=feasible margin=1.445e+00 block=0 nodes=84
OPEN support=457 parity=8 k=3 neg=9 pos=11 root_lp=feasible margin=1.203e-15 block=0 nodes=483
OPEN support=455 parity=10 k=2 neg=12 pos=8 root_lp=infeasible margin=0.000e+00 block=2 nodes=482
OPEN support=449 parity=21 k=5 neg=10 pos=10 root_lp=feasible margin=1.357e+00 block=0 nodes=31
OPEN support=456 parity=29 k=3 neg=9 pos=11 root_lp=feasible margin=1.480e+00 block=0 nodes=82
OPEN support=449 parity=21 k=6 neg=10 pos=10 root_lp=feasible margin=1.357e+00 block=0 nodes=32
OPEN support=455 parity=10 k=3 neg=12 pos=8 root_lp=infeasible margin=0.000e+00 block=2 nodes=483
OPEN support=454 parity=10 k=3 neg=12 pos=8 root_lp=infeasible margin=0.000e+00 block=4 nodes=483
OPEN support=456 parity=29 k=4 neg=9 pos=11 root_lp=feasible margin=1.489e+00 block=0 nodes=83
OPEN support=456 parity=29 k=4 neg=9 pos=11 root_lp=feasible margin=1.515e+00 block=0 nodes=30
OPEN support=455 parity=10 k=3 neg=12 pos=8 root_lp=infeasible margin=0.000e+00 block=2 nodes=483
OPEN support=456 parity=29 k=5 neg=9 pos=11 root_lp=feasible margin=1.523e+00 block=0 nodes=31
OPEN support=457 parity=8 k=3 neg=9 pos=11 root_lp=infeasible margin=0.000e+00 block=2 nodes=483
OPEN support=454 parity=10 k=3 neg=12 pos=8 root_lp=infeasible margin=0.000e+00 block=4 nodes=483
OPEN support=455 parity=10 k=4 neg=12 pos=8 root_lp=infeasible margin=0.000e+00 block=2 nodes=484
OPEN support=455 parity=10 k=3 neg=12 pos=8 root_lp=infeasible margin=0.000e+00 block=2 nodes=483
OPEN support=455 parity=10 k=4 neg=12 pos=8 root_lp=infeasible margin=0.000e+00 block=2 nodes=484
OPEN support=455 parity=10 k=4 neg=12 pos=8 root_lp=infeasible margin=0.000e+00 block=2 nodes=484
OPEN support=457 parity=8 k=4 neg=9 pos=11 root_lp=feasible margin=1.595e-17 block=0 nodes=484
OPEN support=458 parity=8 k=2 neg=9 pos=11 root_lp=infeasible margin=0.000e+00 block=2 nodes=482
OPEN support=455 parity=10 k=5 neg=12 pos=8 root_lp=infeasible margin=0.000e+00 block=2 nodes=485
OPEN support=454 parity=10 k=4 neg=12 pos=8 root_lp=infeasible margin=0.000e+00 block=4 nodes=484
OPEN support=449 parity=57 k=2 neg=10 pos=10 root_lp=infeasible margin=0.000e+00 block=2 nodes=482
OPEN support=457 parity=8 k=3 neg=9 pos=11 root_lp=feasible margin=1.780e+00 block=0 nodes=82
OPEN support=449 parity=57 k=3 neg=10 pos=10 root_lp=infeasible margin=0.000e+00 block=2 nodes=483
OPEN support=455 parity=10 k=2 neg=12 pos=8 root_lp=infeasible margin=0.000e+00 block=2 nodes=482
OPEN support=454 parity=10 k=3 neg=12 pos=8 root_lp=infeasible margin=0.000e+00 block=2 nodes=483
OPEN support=455 parity=10 k=3 neg=12 pos=8 root_lp=infeasible margin=0.000e+00 block=2 nodes=483
OPEN support=457 parity=8 k=4 neg=9 pos=11 root_lp=feasible margin=1.774e+00 block=0 nodes=83
OPEN support=458 parity=8 k=3 neg=9 pos=11 root_lp=infeasible margin=0.000e+00 block=2 nodes=483
OPEN support=449 parity=57 k=3 neg=10 pos=10 root_lp=feasible margin=4.876e-01 block=0 nodes=434
OPEN support=455 parity=10 k=3 neg=12 pos=8 root_lp=infeasible margin=0.000e+00 block=4 nodes=483
OPEN support=457 parity=8 k=4 neg=9 pos=11 root_lp=feasible margin=1.788e+00 block=0 nodes=83
OPEN support=454 parity=10 k=4 neg=12 pos=8 root_lp=infeasible margin=0.000e+00 block=2 nodes=484
OPEN support=458 parity=8 k=3 neg=9 pos=11 root_lp=feasible margin=1.788e+00 block=0 nodes=82
OPEN support=455 parity=10 k=4 neg=12 pos=8 root_lp=infeasible margin=0.000e+00 block=2 nodes=484
OPEN support=457 parity=8 k=5 neg=9 pos=11 root_lp=feasible margin=1.788e+00 block=0 nodes=84
OPEN support=449 parity=57 k=4 neg=10 pos=10 root_lp=feasible margin=1.281e-01 block=0 nodes=407
OPEN support=455 parity=10 k=3 neg=12 pos=8 root_lp=infeasible margin=0.000e+00 block=2 nodes=483
OPEN support=458 parity=8 k=4 neg=9 pos=11 root_lp=feasible margin=1.788e+00 block=0 nodes=83
OPEN support=454 parity=10 k=4 neg=12 pos=8 root_lp=infeasible margin=0.000e+00 block=2 nodes=484
OPEN support=455 parity=10 k=4 neg=12 pos=8 root_lp=infeasible margin=0.000e+00 block=2 nodes=484
OPEN support=457 parity=8 k=3 neg=9 pos=11 root_lp=feasible margin=1.487e+00 block=0 nodes=82
OPEN support=458 parity=8 k=3 neg=9 pos=11 root_lp=feasible margin=1.492e+00 block=0 nodes=82
OPEN support=454 parity=10 k=5 neg=12 pos=8 root_lp=infeasible margin=0.000e+00 block=2 nodes=485
OPEN support=455 parity=10 k=4 neg=12 pos=8 root_lp=infeasible margin=0.000e+00 block=2 nodes=484
OPEN support=457 parity=8 k=4 neg=9 pos=11 root_lp=feasible margin=1.489e+00 block=0 nodes=83
OPEN support=455 parity=10 k=5 neg=12 pos=8 root_lp=infeasible margin=0.000e+00 block=2 nodes=485
OPEN support=454 parity=10 k=3 neg=12 pos=8 root_lp=infeasible margin=0.000e+00 block=2 nodes=483
OPEN support=458 parity=8 k=4 neg=9 pos=11 root_lp=feasible margin=1.497e+00 block=0 nodes=83
OPEN support=449 parity=57 k=3 neg=10 pos=10 root_lp=feasible margin=1.876e-01 block=0 nodes=858
OPEN support=455 parity=10 k=3 neg=12 pos=8 root_lp=infeasible margin=0.000e+00 block=2 nodes=483
OPEN support=458 parity=8 k=4 neg=9 pos=11 root_lp=feasible margin=1.561e+00 block=0 nodes=30
OPEN support=457 parity=8 k=4 neg=9 pos=11 root_lp=feasible margin=1.495e+00 block=0 nodes=83
OPEN support=454 parity=10 k=4 neg=12 pos=8 root_lp=infeasible margin=0.000e+00 block=2 nodes=484
OPEN support=455 parity=10 k=4 neg=12 pos=8 root_lp=infeasible margin=0.000e+00 block=2 nodes=484
OPEN support=458 parity=8 k=5 neg=9 pos=11 root_lp=feasible margin=1.568e+00 block=0 nodes=31
OPEN support=455 parity=10 k=4 neg=12 pos=8 root_lp=infeasible margin=0.000e+00 block=2 nodes=484
OPEN support=457 parity=8 k=5 neg=9 pos=11 root_lp=feasible margin=1.496e+00 block=0 nodes=84
OPEN support=454 parity=10 k=4 neg=12 pos=8 root_lp=infeasible margin=0.000e+00 block=2 nodes=484
OPEN support=455 parity=10 k=5 neg=12 pos=8 root_lp=infeasible margin=0.000e+00 block=2 nodes=485
OPEN support=457 parity=8 k=4 neg=9 pos=11 root_lp=feasible margin=1.537e+00 block=0 nodes=30
OPEN support=449 parity=57 k=4 neg=10 pos=10 root_lp=feasible margin=1.451e-01 block=0 nodes=817
OPEN support=457 parity=8 k=5 neg=9 pos=11 root_lp=feasible margin=1.524e+00 block=0 nodes=31
OPEN support=455 parity=10 k=4 neg=12 pos=8 root_lp=infeasible margin=0.000e+00 block=2 nodes=484
OPEN support=454 parity=10 k=5 neg=12 pos=8 root_lp=infeasible margin=0.000e+00 block=2 nodes=485
OPEN support=458 parity=8 k=2 neg=9 pos=11 root_lp=infeasible margin=0.000e+00 block=2 nodes=482
OPEN support=457 parity=8 k=5 neg=9 pos=11 root_lp=feasible margin=1.544e+00 block=0 nodes=31
OPEN support=455 parity=10 k=5 neg=12 pos=8 root_lp=infeasible margin=0.000e+00 block=2 nodes=485
OPEN support=449 parity=57 k=4 neg=10 pos=10 root_lp=feasible margin=5.245e-01 block=0 nodes=102
OPEN support=454 parity=10 k=4 neg=12 pos=8 root_lp=infeasible margin=0.000e+00 block=2 nodes=484
OPEN support=455 parity=10 k=5 neg=12 pos=8 root_lp=infeasible margin=0.000e+00 block=2 nodes=485
OPEN support=457 parity=8 k=6 neg=9 pos=11 root_lp=feasible margin=1.533e+00 block=0 nodes=32
OPEN support=449 parity=57 k=5 neg=10 pos=10 root_lp=feasible margin=8.517e-01 block=0 nodes=79
OPEN support=457 parity=9 k=2 neg=9 pos=11 root_lp=infeasible margin=0.000e+00 block=2 nodes=482
OPEN support=455 parity=10 k=6 neg=12 pos=8 root_lp=infeasible margin=0.000e+00 block=2 nodes=486
OPEN support=449 parity=57 k=2 neg=10 pos=10 root_lp=infeasible margin=0.000e+00 block=2 nodes=482
OPEN support=457 parity=9 k=3 neg=9 pos=11 root_lp=infeasible margin=0.000e+00 block=2 nodes=483
OPEN support=458 parity=8 k=3 neg=9 pos=11 root_lp=infeasible margin=0.000e+00 block=2 nodes=483
OPEN support=454 parity=10 k=5 neg=12 pos=8 root_lp=infeasible margin=0.000e+00 block=2 nodes=485
OPEN support=449 parity=57 k=3 neg=10 pos=10 root_lp=infeasible margin=0.000e+00 block=2 nodes=483
OPEN support=457 parity=9 k=3 neg=9 pos=11 root_lp=infeasible margin=0.000e+00 block=2 nodes=483
OPEN support=449 parity=57 k=3 neg=10 pos=10 root_lp=infeasible margin=0.000e+00 block=2 nodes=483
OPEN support=457 parity=9 k=4 neg=9 pos=11 root_lp=infeasible margin=0.000e+00 block=2 nodes=484
OPEN support=449 parity=57 k=4 neg=10 pos=10 root_lp=infeasible margin=0.000e+00 block=2 nodes=484
OPEN support=454 parity=10 k=5 neg=12 pos=8 root_lp=infeasible margin=0.000e+00 block=2 nodes=485
OPEN support=457 parity=9 k=3 neg=9 pos=11 root_lp=feasible margin=1.273e-01 block=0 nodes=310
OPEN support=458 parity=8 k=3 neg=9 pos=11 root_lp=feasible margin=3.551e-16 block=0 nodes=483
OPEN support=449 parity=57 k=3 neg=10 pos=10 root_lp=feasible margin=3.916e-01 block=0 nodes=400
OPEN support=454 parity=10 k=6 neg=12 pos=8 root_lp=infeasible margin=0.000e+00 block=2 nodes=486
OPEN support=457 parity=9 k=4 neg=9 pos=11 root_lp=feasible margin=3.956e-01 block=0 nodes=299
OPEN support=454 parity=11 k=4 neg=10 pos=10 root_lp=feasible margin=3.886e-02 block=0 nodes=19
OPEN support=449 parity=57 k=4 neg=10 pos=10 root_lp=feasible margin=5.058e-01 block=0 nodes=417
OPEN support=458 parity=8 k=4 neg=9 pos=11 root_lp=infeasible margin=0.000e+00 block=2 nodes=484
OPEN support=457 parity=9 k=4 neg=9 pos=11 root_lp=feasible margin=3.602e-01 block=0 nodes=303
OPEN support=454 parity=11 k=5 neg=10 pos=10 root_lp=feasible margin=4.006e-02 block=0 nodes=13
OPEN support=458 parity=8 k=3 neg=9 pos=11 root_lp=feasible margin=1.788e+00 block=0 nodes=82
OPEN support=454 parity=11 k=5 neg=10 pos=10 root_lp=feasible margin=3.969e-02 block=0 nodes=13
OPEN support=455 parity=52 k=2 neg=10 pos=10 root_lp=infeasible margin=0.000e+00 block=2 nodes=482
OPEN support=449 parity=57 k=4 neg=10 pos=10 root_lp=feasible margin=5.106e-01 block=0 nodes=377
OPEN support=457 parity=9 k=5 neg=9 pos=11 root_lp=feasible margin=1.814e-01 block=0 nodes=292
OPEN support=454 parity=11 k=6 neg=10 pos=10 root_lp=feasible margin=4.045e-02 block=0 nodes=13
OPEN support=455 parity=52 k=3 neg=10 pos=10 root_lp=feasible margin=1.690e+00 block=0 nodes=82
OPEN support=458 parity=8 k=4 neg=9 pos=11 root_lp=feasible margin=1.788e+00 block=0 nodes=83
OPEN support=455 parity=52 k=3 neg=10 pos=10 root_lp=infeasible margin=0.000e+00 block=2 nodes=483
OPEN support=449 parity=57 k=5 neg=10 pos=10 root_lp=feasible margin=4.875e-02 block=0 nodes=396
OPEN support=458 parity=8 k=4 neg=9 pos=11 root_lp=feasible margin=1.788e+00 block=0 nodes=83
OPEN support=457 parity=9 k=3 neg=9 pos=11 root_lp=feasible margin=1.220e-01 block=0 nodes=486
OPEN support=455 parity=52 k=4 neg=10 pos=10 root_lp=feasible margin=1.731e+00 block=0 nodes=83
OPEN support=455 parity=52 k=3 neg=10 pos=10 root_lp=feasible margin=1.465e+00 block=0 nodes=82
OPEN support=455 parity=52 k=4 neg=10 pos=10 root_lp=feasible margin=1.527e+00 block=0 nodes=30
OPEN support=458 parity=8 k=5 neg=9 pos=11 root_lp=feasible margin=1.788e+00 block=0 nodes=84
OPEN support=455 parity=52 k=4 neg=10 pos=10 root_lp=feasible margin=1.508e+00 block=0 nodes=83
OPEN support=457 parity=9 k=4 neg=9 pos=11 root_lp=feasible margin=4.823e-01 block=0 nodes=471
OPEN support=455 parity=52 k=5 neg=10 pos=10 root_lp=feasible margin=1.540e+00 block=0 nodes=31
OPEN support=449 parity=57 k=3 neg=10 pos=10 root_lp=feasible margin=3.370e-01 block=0 nodes=790
OPEN support=458 parity=8 k=3 neg=9 pos=11 root_lp=feasible margin=1.490e+00 block=0 nodes=82
OPEN support=455 parity=52 k=3 neg=10 pos=10 root_lp=infeasible margin=0.000e+00 block=2 nodes=483
OPEN support=458 parity=8 k=4 neg=9 pos=11 root_lp=feasible margin=1.494e+00 block=0 nodes=83
OPEN support=455 parity=52 k=4 neg=10 pos=10 root_lp=feasible margin=1.693e+00 block=0 nodes=83
OPEN support=457 parity=9 k=4 neg=9 pos=11 root_lp=feasible margin=4.716e-01 block=0 nodes=477
OPEN support=455 parity=52 k=4 neg=10 pos=10 root_lp=infeasible margin=0.000e+00 block=2 nodes=484
OPEN support=449 parity=57 k=4 neg=10 pos=10 root_lp=feasible margin=1.019e-01 block=0 nodes=823
OPEN support=458 parity=8 k=4 neg=9 pos=11 root_lp=feasible margin=1.496e+00 block=0 nodes=83
OPEN support=455 parity=52 k=5 neg=10 pos=10 root_lp=feasible margin=1.732e+00 block=0 nodes=84
OPEN support=455 parity=52 k=4 neg=10 pos=10 root_lp=feasible margin=1.469e+00 block=0 nodes=83
OPEN support=457 parity=9 k=5 neg=9 pos=11 root_lp=feasible margin=3.849e-01 block=0 nodes=460
OPEN support=455 parity=52 k=5 neg=10 pos=10 root_lp=feasible margin=1.529e+00 block=0 nodes=31
OPEN support=458 parity=8 k=5 neg=9 pos=11 root_lp=feasible margin=1.498e+00 block=0 nodes=84
OPEN support=457 parity=9 k=4 neg=9 pos=11 root_lp=feasible margin=1.916e-01 block=0 nodes=34
OPEN support=455 parity=52 k=5 neg=10 pos=10 root_lp=feasible margin=1.508e+00 block=0 nodes=84
OPEN support=458 parity=8 k=4 neg=9 pos=11 root_lp=feasible margin=1.553e+00 block=0 nodes=30
OPEN support=457 parity=9 k=5 neg=9 pos=11 root_lp=feasible margin=9.562e-02 block=0 nodes=31
OPEN support=455 parity=52 k=6 neg=10 pos=10 root_lp=feasible margin=1.540e+00 block=0 nodes=32
OPEN support=449 parity=57 k=4 neg=10 pos=10 root_lp=feasible margin=2.925e-01 block=0 nodes=763
OPEN support=457 parity=9 k=5 neg=9 pos=11 root_lp=feasible margin=8.817e-02 block=0 nodes=35
OPEN support=458 parity=8 k=5 neg=9 pos=11 root_lp=feasible margin=1.551e+00 block=0 nodes=31
OPEN support=455 parity=57 k=2 neg=10 pos=10 root_lp=infeasible margin=0.000e+00 block=2 nodes=482
OPEN support=457 parity=9 k=6 neg=9 pos=11 root_lp=feasible margin=4.127e-01 block=0 nodes=32
OPEN support=458 parity=8 k=5 neg=9 pos=11 root_lp=feasible margin=1.560e+00 block=0 nodes=31
OPEN support=458 parity=8 k=6 neg=9 pos=11 root_lp=feasible margin=1.559e+00 block=0 nodes=32
OPEN support=455 parity=57 k=3 neg=10 pos=10 root_lp=feasible margin=6.195e-01 block=0 nodes=526
OPEN support=458 parity=11 k=2 neg=10 pos=10 root_lp=infeasible margin=0.000e+00 block=2 nodes=482
OPEN support=449 parity=57 k=5 neg=10 pos=10 root_lp=feasible margin=8.002e-02 block=0 nodes=798
OPEN support=458 parity=11 k=3 neg=10 pos=10 root_lp=infeasible margin=0.000e+00 block=2 nodes=483
OPEN support=449 parity=57 k=4 neg=10 pos=10 root_lp=feasible margin=5.759e-01 block=0 nodes=72
OPEN support=455 parity=57 k=3 neg=10 pos=10 root_lp=feasible margin=4.039e-01 block=0 nodes=438
OPEN support=455 parity=57 k=4 neg=10 pos=10 root_lp=feasible margin=1.148e-01 block=0 nodes=54
OPEN support=449 parity=57 k=5 neg=10 pos=10 root_lp=feasible margin=5.427e-01 block=0 nodes=81
OPEN support=454 parity=34 k=3 neg=10 pos=10 root_lp=feasible margin=6.951e-02 block=0 nodes=1181
OPEN support=458 parity=11 k=3 neg=10 pos=10 root_lp=feasible margin=5.828e-01 block=0 nodes=510
OPEN support=449 parity=57 k=5 neg=10 pos=10 root_lp=feasible margin=9.031e-01 block=0 nodes=57
OPEN support=457 parity=58 k=2 neg=9 pos=11 root_lp=infeasible margin=0.000e+00 block=2 nodes=482
OPEN support=455 parity=57 k=3 neg=10 pos=10 root_lp=feasible margin=5.281e-01 block=0 nodes=804
OPEN support=449 parity=57 k=6 neg=10 pos=10 root_lp=feasible margin=3.911e-01 block=0 nodes=66
OPEN support=457 parity=58 k=3 neg=9 pos=11 root_lp=infeasible margin=0.000e+00 block=2 nodes=483
OPEN support=458 parity=11 k=4 neg=10 pos=10 root_lp=feasible margin=1.128e-01 block=0 nodes=479
OPEN support=449 parity=58 k=2 neg=9 pos=11 root_lp=infeasible margin=0.000e+00 block=2 nodes=482
OPEN support=457 parity=58 k=3 neg=9 pos=11 root_lp=infeasible margin=0.000e+00 block=2 nodes=483
OPEN support=455 parity=57 k=4 neg=10 pos=10 root_lp=feasible margin=4.076e-01 block=0 nodes=82
OPEN support=449 parity=58 k=3 neg=9 pos=11 root_lp=infeasible margin=0.000e+00 block=2 nodes=483
OPEN support=457 parity=58 k=4 neg=9 pos=11 root_lp=infeasible margin=0.000e+00 block=2 nodes=484
OPEN support=455 parity=57 k=4 neg=10 pos=10 root_lp=feasible margin=2.567e-01 block=0 nodes=70
OPEN support=449 parity=58 k=3 neg=9 pos=11 root_lp=feasible margin=2.435e+00 block=0 nodes=82
OPEN support=454 parity=34 k=4 neg=10 pos=10 root_lp=feasible margin=6.351e-02 block=0 nodes=127
OPEN support=455 parity=57 k=5 neg=10 pos=10 root_lp=feasible margin=4.732e-01 block=0 nodes=20
OPEN support=457 parity=58 k=3 neg=9 pos=11 root_lp=feasible margin=1.746e+00 block=0 nodes=82
OPEN support=449 parity=58 k=4 neg=9 pos=11 root_lp=feasible margin=2.443e+00 block=0 nodes=83
OPEN support=455 parity=57 k=2 neg=10 pos=10 root_lp=infeasible margin=0.000e+00 block=2 nodes=482
OPEN support=457 parity=58 k=4 neg=9 pos=11 root_lp=feasible margin=1.749e+00 block=0 nodes=83
OPEN support=449 parity=58 k=3 neg=9 pos=11 root_lp=feasible margin=1.435e+00 block=0 nodes=82
OPEN support=458 parity=11 k=3 neg=10 pos=10 root_lp=feasible margin=4.653e-01 block=0 nodes=794
OPEN support=455 parity=57 k=3 neg=10 pos=10 root_lp=infeasible margin=0.000e+00 block=2 nodes=483
OPEN support=449 parity=58 k=4 neg=9 pos=11 root_lp=feasible margin=1.445e+00 block=0 nodes=83
OPEN support=457 parity=58 k=4 neg=9 pos=11 root_lp=feasible margin=1.754e+00 block=0 nodes=83
OPEN support=449 parity=58 k=4 neg=9 pos=11 root_lp=feasible margin=1.513e+00 block=0 nodes=30
OPEN support=449 parity=58 k=5 neg=9 pos=11 root_lp=feasible margin=1.519e+00 block=0 nodes=31
OPEN support=457 parity=58 k=5 neg=9 pos=11 root_lp=feasible margin=1.758e+00 block=0 nodes=84
OPEN support=455 parity=57 k=3 neg=10 pos=10 root_lp=feasible margin=5.235e-01 block=0 nodes=480
OPEN support=449 parity=58 k=2 neg=9 pos=11 root_lp=infeasible margin=0.000e+00 block=2 nodes=482
OPEN support=457 parity=58 k=3 neg=9 pos=11 root_lp=feasible margin=1.482e+00 block=0 nodes=82
OPEN support=449 parity=58 k=3 neg=9 pos=11 root_lp=infeasible margin=0.000e+00 block=2 nodes=483
OPEN support=458 parity=11 k=4 neg=10 pos=10 root_lp=feasible margin=4.052e-01 block=0 nodes=751
OPEN support=457 parity=58 k=4 neg=9 pos=11 root_lp=feasible margin=1.484e+00 block=0 nodes=83
OPEN support=449 parity=58 k=3 neg=9 pos=11 root_lp=infeasible margin=0.000e+00 block=2 nodes=483
OPEN support=454 parity=34 k=4 neg=10 pos=10 root_lp=feasible margin=7.026e-02 block=0 nodes=168
OPEN support=457 parity=58 k=4 neg=9 pos=11 root_lp=feasible margin=1.491e+00 block=0 nodes=83
OPEN support=455 parity=57 k=4 neg=10 pos=10 root_lp=feasible margin=1.156e-02 block=0 nodes=503
OPEN support=449 parity=58 k=4 neg=9 pos=11 root_lp=infeasible margin=0.000e+00 block=2 nodes=484
OPEN support=458 parity=11 k=4 neg=10 pos=10 root_lp=feasible margin=1.429e-02 block=0 nodes=100
OPEN support=457 parity=58 k=5 neg=9 pos=11 root_lp=feasible margin=1.492e+00 block=0 nodes=84
OPEN support=449 parity=58 k=3 neg=9 pos=11 root_lp=feasible margin=2.434e+00 block=0 nodes=82
OPEN support=457 parity=58 k=4 neg=9 pos=11 root_lp=feasible margin=1.519e+00 block=0 nodes=30
OPEN support=449 parity=58 k=4 neg=9 pos=11 root_lp=feasible margin=2.436e+00 block=0 nodes=83
OPEN support=454 parity=34 k=5 neg=10 pos=10 root_lp=feasible margin=6.418e-02 block=0 nodes=33
OPEN support=458 parity=11 k=5 neg=10 pos=10 root_lp=feasible margin=1.302e-01 block=0 nodes=79
OPEN support=457 parity=58 k=5 neg=9 pos=11 root_lp=feasible margin=1.513e+00 block=0 nodes=31
OPEN support=455 parity=57 k=3 neg=10 pos=10 root_lp=feasible margin=3.080e-01 block=0 nodes=400
OPEN support=449 parity=58 k=4 neg=9 pos=11 root_lp=feasible margin=2.442e+00 block=0 nodes=83
OPEN support=458 parity=11 k=2 neg=10 pos=10 root_lp=infeasible margin=0.000e+00 block=2 nodes=482
OPEN support=457 parity=58 k=5 neg=9 pos=11 root_lp=feasible margin=1.521e+00 block=0 nodes=31
OPEN support=449 parity=58 k=5 neg=9 pos=11 root_lp=feasible margin=2.444e+00 block=0 nodes=84
OPEN support=457 parity=58 k=6 neg=9 pos=11 root_lp=feasible margin=1.515e+00 block=0 nodes=32
OPEN support=458 parity=11 k=3 neg=10 pos=10 root_lp=infeasible margin=0.000e+00 block=2 nodes=483
OPEN support=449 parity=58 k=3 neg=9 pos=11 root_lp=feasible margin=1.435e+00 block=0 nodes=82
OPEN support=457 parity=59 k=2 neg=9 pos=11 root_lp=infeasible margin=0.000e+00 block=2 nodes=482
OPEN support=458 parity=11 k=3 neg=10 pos=10 root_lp=infeasible margin=0.000e+00 block=2 nodes=483
OPEN support=455 parity=57 k=4 neg=10 pos=10 root_lp=feasible margin=4.221e-01 block=0 nodes=419
OPEN support=449 parity=58 k=4 neg=9 pos=11 root_lp=feasible margin=1.439e+00 block=0 nodes=83
OPEN support=457 parity=59 k=3 neg=9 pos=11 root_lp=infeasible margin=0.000e+00 block=2 nodes=483
OPEN support=455 parity=57 k=4 neg=10 pos=10 root_lp=feasible margin=1.634e-01 block=0 nodes=38
OPEN support=458 parity=11 k=4 neg=10 pos=10 root_lp=infeasible margin=0.000e+00 block=2 nodes=484
OPEN support=449 parity=58 k=4 neg=9 pos=11 root_lp=feasible margin=1.445e+00 block=0 nodes=83
OPEN support=457 parity=59 k=3 neg=9 pos=11 root_lp=infeasible margin=0.000e+00 block=2 nodes=483
OPEN support=455 parity=57 k=5 neg=10 pos=10 root_lp=feasible margin=1.330e-01 block=0 nodes=45
OPEN support=449 parity=58 k=5 neg=9 pos=11 root_lp=feasible margin=1.449e+00 block=0 nodes=84
OPEN support=457 parity=59 k=4 neg=9 pos=11 root_lp=infeasible margin=0.000e+00 block=2 nodes=484
OPEN support=449 parity=58 k=4 neg=9 pos=11 root_lp=feasible margin=1.512e+00 block=0 nodes=30
OPEN support=454 parity=34 k=4 neg=10 pos=10 root_lp=feasible margin=7.015e-02 block=0 nodes=139
OPEN support=449 parity=58 k=5 neg=9 pos=11 root_lp=feasible margin=1.514e+00 block=0 nodes=31
OPEN support=449 parity=58 k=5 neg=9 pos=11 root_lp=feasible margin=1.518e+00 block=0 nodes=31
OPEN support=454 parity=34 k=5 neg=10 pos=10 root_lp=feasible margin=6.418e-02 block=0 nodes=15
OPEN support=458 parity=11 k=3 neg=10 pos=10 root_lp=feasible margin=4.596e-01 block=0 nodes=472
OPEN support=449 parity=58 k=6 neg=9 pos=11 root_lp=feasible margin=1.521e+00 block=0 nodes=32
OPEN support=457 parity=59 k=3 neg=9 pos=11 root_lp=feasible margin=4.190e-01 block=0 nodes=338
OPEN support=459 parity=7 k=1 neg=11 pos=9 root_lp=infeasible margin=0.000e+00 block=4 nodes=2
OPEN support=454 parity=34 k=5 neg=10 pos=10 root_lp=feasible margin=6.891e-02 block=0 nodes=17
OPEN support=455 parity=57 k=3 neg=10 pos=10 root_lp=feasible margin=4.716e-01 block=0 nodes=734
OPEN support=454 parity=34 k=6 neg=10 pos=10 root_lp=feasible margin=5.143e-02 block=0 nodes=13
OPEN support=459 parity=7 k=2 neg=11 pos=9 root_lp=infeasible margin=0.000e+00 block=2 nodes=482
OPEN support=457 parity=59 k=4 neg=9 pos=11 root_lp=feasible margin=3.109e-01 block=0 nodes=307
OPEN support=458 parity=11 k=4 neg=10 pos=10 root_lp=feasible margin=1.887e-01 block=0 nodes=479
OPEN support=459 parity=7 k=3 neg=11 pos=9 root_lp=infeasible margin=0.000e+00 block=4 nodes=483
OPEN support=461 parity=3 k=1 neg=10 pos=10 root_lp=infeasible margin=0.000e+00 block=2 nodes=481
OPEN support=455 parity=57 k=4 neg=10 pos=10 root_lp=feasible margin=8.836e-03 block=0 nodes=769
OPEN support=461 parity=3 k=2 neg=10 pos=10 root_lp=infeasible margin=0.000e+00 block=2 nodes=482
OPEN support=460 parity=14 k=2 neg=11 pos=9 root_lp=infeasible margin=0.000e+00 block=4 nodes=482
OPEN support=457 parity=59 k=4 neg=9 pos=11 root_lp=feasible margin=1.606e-01 block=0 nodes=333
OPEN support=455 parity=57 k=4 neg=10 pos=10 root_lp=feasible margin=3.392e-01 block=0 nodes=54
OPEN support=458 parity=11 k=4 neg=10 pos=10 root_lp=feasible margin=6.429e-01 block=0 nodes=441
OPEN support=460 parity=14 k=1 neg=11 pos=9 root_lp=infeasible margin=0.000e+00 block=4 nodes=481
OPEN support=461 parity=3 k=3 neg=10 pos=10 root_lp=feasible margin=3.012e-02 block=0 nodes=188
OPEN support=455 parity=57 k=5 neg=10 pos=10 root_lp=feasible margin=3.801e-01 block=0 nodes=67
OPEN support=461 parity=3 k=2 neg=10 pos=10 root_lp=infeasible margin=0.000e+00 block=2 nodes=482
OPEN support=460 parity=14 k=2 neg=11 pos=9 root_lp=infeasible margin=0.000e+00 block=4 nodes=482
OPEN support=457 parity=59 k=5 neg=9 pos=11 root_lp=feasible margin=3.753e-02 block=0 nodes=308
OPEN support=455 parity=57 k=4 neg=10 pos=10 root_lp=feasible margin=1.607e-01 block=0 nodes=46
OPEN support=461 parity=3 k=3 neg=10 pos=10 root_lp=infeasible margin=0.000e+00 block=2 nodes=483
OPEN support=460 parity=14 k=3 neg=11 pos=9 root_lp=infeasible margin=0.000e+00 block=4 nodes=483
OPEN support=455 parity=57 k=5 neg=10 pos=10 root_lp=feasible margin=2.748e-01 block=0 nodes=59
OPEN support=458 parity=11 k=5 neg=10 pos=10 root_lp=feasible margin=3.720e-01 block=0 nodes=458
OPEN support=455 parity=57 k=5 neg=10 pos=10 root_lp=feasible margin=4.868e-01 block=0 nodes=20
OPEN support=461 parity=3 k=3 neg=10 pos=10 root_lp=feasible margin=1.847e-02 block=0 nodes=170
OPEN support=455 parity=57 k=6 neg=10 pos=10 root_lp=feasible margin=4.626e-01 block=0 nodes=21
OPEN support=460 parity=14 k=3 neg=11 pos=9 root_lp=infeasible margin=0.000e+00 block=4 nodes=483
OPEN support=457 parity=59 k=3 neg=9 pos=11 root_lp=feasible margin=2.484e-01 block=0 nodes=460
OPEN support=461 parity=3 k=4 neg=10 pos=10 root_lp=feasible margin=3.340e-03 block=0 nodes=167
OPEN support=460 parity=14 k=4 neg=11 pos=9 root_lp=infeasible margin=0.000e+00 block=4 nodes=484
OPEN support=461 parity=14 k=1 neg=11 pos=9 root_lp=infeasible margin=0.000e+00 block=4 nodes=481
OPEN support=460 parity=15 k=2 neg=11 pos=9 root_lp=infeasible margin=0.000e+00 block=4 nodes=482
OPEN support=458 parity=11 k=3 neg=10 pos=10 root_lp=feasible margin=3.382e-01 block=0 nodes=732
OPEN support=457 parity=59 k=4 neg=9 pos=11 root_lp=feasible margin=1.250e-01 block=0 nodes=425
OPEN support=460 parity=15 k=1 neg=11 pos=9 root_lp=infeasible margin=0.000e+00 block=4 nodes=481
OPEN support=462 parity=14 k=2 neg=11 pos=9 root_lp=infeasible margin=0.000e+00 block=2 nodes=482
OPEN support=461 parity=14 k=2 neg=11 pos=9 root_lp=infeasible margin=0.000e+00 block=4 nodes=482
OPEN support=460 parity=15 k=2 neg=11 pos=9 root_lp=infeasible margin=0.000e+00 block=2 nodes=482
OPEN support=461 parity=14 k=3 neg=11 pos=9 root_lp=infeasible margin=0.000e+00 block=4 nodes=483
OPEN support=460 parity=15 k=3 neg=11 pos=9 root_lp=infeasible margin=0.000e+00 block=4 nodes=483
OPEN support=462 parity=14 k=3 neg=11 pos=9 root_lp=infeasible margin=0.000e+00 block=2 nodes=483
OPEN support=457 parity=59 k=4 neg=9 pos=11 root_lp=feasible margin=1.319e-03 block=0 nodes=453
OPEN support=461 parity=14 k=2 neg=11 pos=9 root_lp=infeasible margin=0.000e+00 block=4 nodes=482
OPEN support=460 parity=15 k=3 neg=11 pos=9 root_lp=infeasible margin=0.000e+00 block=4 nodes=483
OPEN support=458 parity=11 k=4 neg=10 pos=10 root_lp=feasible margin=7.120e-02 block=0 nodes=745
OPEN support=462 parity=14 k=3 neg=11 pos=9 root_lp=infeasible margin=0.000e+00 block=2 nodes=483
OPEN support=461 parity=14 k=3 neg=11 pos=9 root_lp=infeasible margin=0.000e+00 block=4 nodes=483
OPEN support=460 parity=15 k=4 neg=11 pos=9 root_lp=infeasible margin=0.000e+00 block=4 nodes=484
OPEN support=462 parity=14 k=4 neg=11 pos=9 root_lp=infeasible margin=0.000e+00 block=2 nodes=484
OPEN support=461 parity=14 k=3 neg=11 pos=9 root_lp=infeasible margin=0.000e+00 block=2 nodes=483
OPEN support=457 parity=59 k=5 neg=9 pos=11 root_lp=feasible margin=3.401e-01 block=0 nodes=416
OPEN support=464 parity=5 k=2 neg=10 pos=10 root_lp=infeasible margin=0.000e+00 block=2 nodes=482
OPEN support=457 parity=59 k=4 neg=9 pos=11 root_lp=feasible margin=1.155e-01 block=0 nodes=34
OPEN support=461 parity=14 k=4 neg=11 pos=9 root_lp=infeasible margin=0.000e+00 block=2 nodes=484
OPEN support=464 parity=5 k=3 neg=10 pos=10 root_lp=feasible margin=1.377e-01 block=0 nodes=124
OPEN support=458 parity=11 k=4 neg=10 pos=10 root_lp=feasible margin=2.481e-01 block=0 nodes=685
OPEN support=457 parity=59 k=5 neg=9 pos=11 root_lp=feasible margin=4.227e-01 block=0 nodes=31
OPEN support=465 parity=3 k=1 neg=11 pos=9 root_lp=infeasible margin=0.000e+00 block=2 nodes=481
OPEN support=457 parity=59 k=5 neg=9 pos=11 root_lp=feasible margin=3.381e-01 block=0 nodes=35
OPEN support=465 parity=3 k=2 neg=11 pos=9 root_lp=infeasible margin=0.000e+00 block=4 nodes=482
OPEN support=464 parity=5 k=3 neg=10 pos=10 root_lp=feasible margin=3.251e-02 block=0 nodes=130
OPEN support=457 parity=59 k=6 neg=9 pos=11 root_lp=feasible margin=6.630e-01 block=0 nodes=32
OPEN support=465 parity=3 k=2 neg=11 pos=9 root_lp=infeasible margin=0.000e+00 block=4 nodes=482
OPEN support=464 parity=5 k=4 neg=10 pos=10 root_lp=feasible margin=8.850e-01 block=0 nodes=30
OPEN support=464 parity=5 k=2 neg=10 pos=10 root_lp=infeasible margin=0.000e+00 block=2 nodes=482
OPEN support=465 parity=3 k=3 neg=11 pos=9 root_lp=infeasible margin=0.000e+00 block=2 nodes=483
OPEN support=464 parity=5 k=3 neg=10 pos=10 root_lp=infeasible margin=0.000e+00 block=2 nodes=483
OPEN support=458 parity=11 k=5 neg=10 pos=10 root_lp=feasible margin=1.411e-01 block=0 nodes=698
OPEN support=465 parity=3 k=3 neg=11 pos=9 root_lp=infeasible margin=0.000e+00 block=4 nodes=483
OPEN support=466 parity=6 k=2 neg=11 pos=9 root_lp=infeasible margin=0.000e+00 block=4 nodes=482
OPEN support=464 parity=5 k=3 neg=10 pos=10 root_lp=feasible margin=2.306e-02 block=0 nodes=112
OPEN support=458 parity=11 k=4 neg=10 pos=10 root_lp=feasible margin=3.630e-01 block=0 nodes=66
OPEN support=465 parity=3 k=4 neg=11 pos=9 root_lp=infeasible margin=0.000e+00 block=4 nodes=484
OPEN support=464 parity=5 k=4 neg=10 pos=10 root_lp=feasible margin=6.150e-03 block=0 nodes=109
OPEN support=466 parity=6 k=3 neg=11 pos=9 root_lp=infeasible margin=0.000e+00 block=4 nodes=483
OPEN support=458 parity=11 k=5 neg=10 pos=10 root_lp=feasible margin=1.386e-01 block=0 nodes=73
OPEN support=465 parity=14 k=1 neg=11 pos=9 root_lp=infeasible margin=0.000e+00 block=4 nodes=481
OPEN support=464 parity=5 k=3 neg=10 pos=10 root_lp=feasible margin=1.311e-02 block=0 nodes=118
OPEN support=466 parity=6 k=3 neg=11 pos=9 root_lp=infeasible margin=0.000e+00 block=4 nodes=483
OPEN support=458 parity=11 k=5 neg=10 pos=10 root_lp=feasible margin=6.876e-03 block=0 nodes=55
OPEN support=465 parity=14 k=2 neg=11 pos=9 root_lp=infeasible margin=0.000e+00 block=4 nodes=482
OPEN support=464 parity=5 k=4 neg=10 pos=10 root_lp=feasible margin=7.276e-03 block=0 nodes=121
OPEN support=466 parity=6 k=4 neg=11 pos=9 root_lp=infeasible margin=0.000e+00 block=4 nodes=484
OPEN support=458 parity=11 k=6 neg=10 pos=10 root_lp=feasible margin=1.810e-01 block=0 nodes=56
OPEN support=464 parity=5 k=4 neg=10 pos=10 root_lp=feasible margin=9.238e-01 block=0 nodes=30
OPEN support=465 parity=14 k=3 neg=11 pos=9 root_lp=infeasible margin=0.000e+00 block=4 nodes=483
OPEN support=464 parity=5 k=5 neg=10 pos=10 root_lp=feasible margin=9.088e-01 block=0 nodes=31
OPEN support=466 parity=6 k=2 neg=11 pos=9 root_lp=infeasible margin=0.000e+00 block=4 nodes=482
OPEN support=466 parity=6 k=3 neg=11 pos=9 root_lp=infeasible margin=0.000e+00 block=4 nodes=483
OPEN support=465 parity=14 k=3 neg=11 pos=9 root_lp=infeasible margin=0.000e+00 block=4 nodes=483
OPEN support=464 parity=7 k=2 neg=11 pos=9 root_lp=infeasible margin=0.000e+00 block=4 nodes=482
OPEN support=458 parity=18 k=2 neg=9 pos=11 root_lp=feasible margin=1.789e-01 block=0 nodes=81
OPEN support=466 parity=6 k=3 neg=11 pos=9 root_lp=infeasible margin=0.000e+00 block=4 nodes=483
OPEN support=465 parity=14 k=4 neg=11 pos=9 root_lp=infeasible margin=0.000e+00 block=4 nodes=484
OPEN support=458 parity=18 k=3 neg=9 pos=11 root_lp=feasible margin=1.818e-01 block=0 nodes=82
OPEN support=464 parity=7 k=3 neg=11 pos=9 root_lp=infeasible margin=0.000e+00 block=2 nodes=483
OPEN support=466 parity=6 k=4 neg=11 pos=9 root_lp=infeasible margin=0.000e+00 block=4 nodes=484
OPEN support=458 parity=18 k=3 neg=9 pos=11 root_lp=feasible margin=2.430e-01 block=0 nodes=29
OPEN support=467 parity=5 k=1 neg=10 pos=10 root_lp=infeasible margin=0.000e+00 block=2 nodes=481
OPEN support=458 parity=18 k=4 neg=9 pos=11 root_lp=feasible margin=2.430e-01 block=0 nodes=30
OPEN support=467 parity=5 k=2 neg=10 pos=10 root_lp=infeasible margin=0.000e+00 block=2 nodes=482
OPEN support=458 parity=18 k=3 neg=9 pos=11 root_lp=feasible margin=2.430e-01 block=0 nodes=29
OPEN support=464 parity=7 k=3 neg=11 pos=9 root_lp=infeasible margin=0.000e+00 block=2 nodes=483
OPEN support=466 parity=6 k=3 neg=11 pos=9 root_lp=infeasible margin=0.000e+00 block=4 nodes=483
OPEN support=467 parity=5 k=2 neg=10 pos=10 root_lp=infeasible margin=0.000e+00 block=2 nodes=482
OPEN support=458 parity=18 k=4 neg=9 pos=11 root_lp=feasible margin=2.430e-01 block=0 nodes=30
OPEN support=458 parity=18 k=4 neg=9 pos=11 root_lp=feasible margin=2.430e-01 block=0 nodes=19
OPEN support=467 parity=5 k=3 neg=10 pos=10 root_lp=infeasible margin=0.000e+00 block=2 nodes=483
OPEN support=464 parity=7 k=4 neg=11 pos=9 root_lp=infeasible margin=0.000e+00 block=2 nodes=484
OPEN support=458 parity=18 k=5 neg=9 pos=11 root_lp=feasible margin=2.430e-01 block=0 nodes=20
OPEN support=466 parity=6 k=4 neg=11 pos=9 root_lp=infeasible margin=0.000e+00 block=4 nodes=484
OPEN support=463 parity=18 k=3 neg=10 pos=10 root_lp=feasible margin=6.892e-02 block=0 nodes=1579
OPEN support=458 parity=18 k=3 neg=9 pos=11 root_lp=feasible margin=1.793e-01 block=0 nodes=82
OPEN support=467 parity=5 k=3 neg=10 pos=10 root_lp=feasible margin=8.400e-02 block=0 nodes=152
OPEN support=464 parity=7 k=2 neg=11 pos=9 root_lp=infeasible margin=0.000e+00 block=2 nodes=482
OPEN support=458 parity=18 k=4 neg=9 pos=11 root_lp=feasible margin=1.822e-01 block=0 nodes=83
OPEN support=466 parity=6 k=4 neg=11 pos=9 root_lp=infeasible margin=0.000e+00 block=4 nodes=484
OPEN support=458 parity=18 k=4 neg=9 pos=11 root_lp=feasible margin=2.430e-01 block=0 nodes=30
OPEN support=467 parity=5 k=4 neg=10 pos=10 root_lp=feasible margin=2.042e-02 block=0 nodes=135
OPEN support=458 parity=18 k=5 neg=9 pos=11 root_lp=feasible margin=2.430e-01 block=0 nodes=31
OPEN support=464 parity=7 k=3 neg=11 pos=9 root_lp=infeasible margin=0.000e+00 block=2 nodes=483
OPEN support=466 parity=6 k=5 neg=11 pos=9 root_lp=infeasible margin=0.000e+00 block=4 nodes=485
OPEN support=458 parity=18 k=4 neg=9 pos=11 root_lp=feasible margin=2.430e-01 block=0 nodes=30
OPEN support=467 parity=5 k=2 neg=10 pos=10 root_lp=infeasible margin=0.000e+00 block=2 nodes=482
OPEN support=458 parity=18 k=5 neg=9 pos=11 root_lp=feasible margin=2.430e-01 block=0 nodes=31
OPEN support=467 parity=5 k=3 neg=10 pos=10 root_lp=infeasible margin=0.000e+00 block=2 nodes=483
OPEN support=458 parity=18 k=5 neg=9 pos=11 root_lp=feasible margin=2.430e-01 block=0 nodes=20
OPEN support=466 parity=7 k=2 neg=11 pos=9 root_lp=infeasible margin=0.000e+00 block=4 nodes=482
OPEN support=464 parity=7 k=3 neg=11 pos=9 root_lp=infeasible margin=0.000e+00 block=2 nodes=483
OPEN support=458 parity=18 k=6 neg=9 pos=11 root_lp=feasible margin=2.430e-01 block=0 nodes=21
OPEN support=467 parity=5 k=3 neg=10 pos=10 root_lp=infeasible margin=0.000e+00 block=2 nodes=483
OPEN support=467 parity=5 k=4 neg=10 pos=10 root_lp=infeasible margin=0.000e+00 block=2 nodes=484
OPEN support=466 parity=7 k=3 neg=11 pos=9 root_lp=infeasible margin=0.000e+00 block=4 nodes=483
OPEN support=463 parity=18 k=4 neg=10 pos=10 root_lp=feasible margin=6.291e-02 block=0 nodes=191
OPEN support=464 parity=7 k=4 neg=11 pos=9 root_lp=infeasible margin=0.000e+00 block=2 nodes=484
OPEN support=467 parity=5 k=3 neg=10 pos=10 root_lp=feasible margin=1.069e-01 block=0 nodes=136
OPEN support=466 parity=7 k=3 neg=11 pos=9 root_lp=infeasible margin=0.000e+00 block=4 nodes=483
OPEN support=464 parity=7 k=3 neg=11 pos=9 root_lp=infeasible margin=0.000e+00 block=2 nodes=483
OPEN support=467 parity=5 k=4 neg=10 pos=10 root_lp=feasible margin=9.012e-02 block=0 nodes=139
OPEN support=466 parity=7 k=4 neg=11 pos=9 root_lp=infeasible margin=0.000e+00 block=4 nodes=484
OPEN support=464 parity=7 k=4 neg=11 pos=9 root_lp=infeasible margin=0.000e+00 block=2 nodes=484
OPEN support=466 parity=7 k=1 neg=11 pos=9 root_lp=infeasible margin=0.000e+00 block=4 nodes=481
OPEN support=467 parity=5 k=4 neg=10 pos=10 root_lp=feasible margin=4.969e-02 block=0 nodes=123
OPEN support=466 parity=7 k=2 neg=11 pos=9 root_lp=infeasible margin=0.000e+00 block=4 nodes=482
OPEN support=464 parity=7 k=4 neg=11 pos=9 root_lp=infeasible margin=0.000e+00 block=2 nodes=484
OPEN support=466 parity=7 k=3 neg=11 pos=9 root_lp=infeasible margin=0.000e+00 block=4 nodes=483
OPEN support=467 parity=5 k=5 neg=10 pos=10 root_lp=feasible margin=3.278e-02 block=0 nodes=122
OPEN support=466 parity=7 k=3 neg=11 pos=9 root_lp=infeasible margin=0.000e+00 block=4 nodes=483
OPEN support=464 parity=7 k=5 neg=11 pos=9 root_lp=infeasible margin=0.000e+00 block=2 nodes=485
OPEN support=467 parity=6 k=1 neg=11 pos=9 root_lp=infeasible margin=0.000e+00 block=4 nodes=481
OPEN support=458 parity=52 k=2 neg=10 pos=10 root_lp=infeasible margin=0.000e+00 block=2 nodes=482
OPEN support=463 parity=18 k=4 neg=10 pos=10 root_lp=feasible margin=6.910e-02 block=0 nodes=172
OPEN support=466 parity=7 k=4 neg=11 pos=9 root_lp=infeasible margin=0.000e+00 block=4 nodes=484
OPEN support=467 parity=6 k=2 neg=11 pos=9 root_lp=infeasible margin=0.000e+00 block=4 nodes=482
OPEN support=463 parity=18 k=5 neg=10 pos=10 root_lp=feasible margin=6.130e-02 block=0 nodes=17
OPEN support=458 parity=52 k=3 neg=10 pos=10 root_lp=infeasible margin=0.000e+00 block=2 nodes=483
OPEN support=467 parity=6 k=2 neg=11 pos=9 root_lp=infeasible margin=0.000e+00 block=2 nodes=482
OPEN support=466 parity=7 k=3 neg=11 pos=9 root_lp=infeasible margin=0.000e+00 block=4 nodes=483
OPEN support=464 parity=28 k=2 neg=11 pos=9 root_lp=infeasible margin=0.000e+00 block=4 nodes=482
OPEN support=463 parity=28 k=2 neg=11 pos=9 root_lp=infeasible margin=0.000e+00 block=2 nodes=482
OPEN support=467 parity=6 k=3 neg=11 pos=9 root_lp=infeasible margin=0.000e+00 block=2 nodes=483
OPEN support=458 parity=52 k=3 neg=10 pos=10 root_lp=infeasible margin=0.000e+00 block=2 nodes=483
OPEN support=466 parity=7 k=4 neg=11 pos=9 root_lp=infeasible margin=0.000e+00 block=4 nodes=484
OPEN support=463 parity=28 k=3 neg=11 pos=9 root_lp=infeasible margin=0.000e+00 block=2 nodes=483
OPEN support=467 parity=6 k=3 neg=11 pos=9 root_lp=infeasible margin=0.000e+00 block=2 nodes=483
OPEN support=464 parity=28 k=3 neg=11 pos=9 root_lp=infeasible margin=0.000e+00 block=2 nodes=483
OPEN support=458 parity=52 k=4 neg=10 pos=10 root_lp=infeasible margin=0.000e+00 block=2 nodes=484
OPEN support=466 parity=7 k=4 neg=11 pos=9 root_lp=infeasible margin=0.000e+00 block=4 nodes=484
OPEN support=467 parity=6 k=4 neg=11 pos=9 root_lp=infeasible margin=0.000e+00 block=2 nodes=484
OPEN support=463 parity=28 k=3 neg=11 pos=9 root_lp=infeasible margin=0.000e+00 block=2 nodes=483
OPEN support=464 parity=28 k=3 neg=11 pos=9 root_lp=infeasible margin=0.000e+00 block=2 nodes=483
OPEN support=458 parity=52 k=3 neg=10 pos=10 root_lp=feasible margin=1.459e+00 block=0 nodes=82
OPEN support=466 parity=7 k=5 neg=11 pos=9 root_lp=infeasible margin=0.000e+00 block=4 nodes=485
OPEN support=467 parity=6 k=2 neg=11 pos=9 root_lp=infeasible margin=0.000e+00 block=2 nodes=482
OPEN support=458 parity=52 k=4 neg=10 pos=10 root_lp=feasible margin=1.469e+00 block=0 nodes=83
OPEN support=463 parity=28 k=4 neg=11 pos=9 root_lp=infeasible margin=0.000e+00 block=2 nodes=484
OPEN support=464 parity=28 k=4 neg=11 pos=9 root_lp=infeasible margin=0.000e+00 block=2 nodes=484
OPEN support=467 parity=6 k=3 neg=11 pos=9 root_lp=infeasible margin=0.000e+00 block=2 nodes=483
OPEN support=458 parity=52 k=4 neg=10 pos=10 root_lp=feasible margin=1.506e+00 block=0 nodes=83
OPEN support=467 parity=6 k=3 neg=11 pos=9 root_lp=infeasible margin=0.000e+00 block=2 nodes=483
OPEN support=463 parity=28 k=3 neg=11 pos=9 root_lp=infeasible margin=0.000e+00 block=4 nodes=483
OPEN support=464 parity=28 k=2 neg=11 pos=9 root_lp=infeasible margin=0.000e+00 block=2 nodes=482
OPEN support=466 parity=28 k=2 neg=11 pos=9 root_lp=infeasible margin=0.000e+00 block=4 nodes=482
OPEN support=458 parity=52 k=5 neg=10 pos=10 root_lp=feasible margin=1.508e+00 block=0 nodes=84
OPEN support=467 parity=6 k=4 neg=11 pos=9 root_lp=infeasible margin=0.000e+00 block=2 nodes=484
OPEN support=464 parity=28 k=3 neg=11 pos=9 root_lp=infeasible margin=0.000e+00 block=2 nodes=483
OPEN support=463 parity=28 k=4 neg=11 pos=9 root_lp=infeasible margin=0.000e+00 block=2 nodes=484
OPEN support=467 parity=6 k=3 neg=11 pos=9 root_lp=infeasible margin=0.000e+00 block=2 nodes=483
OPEN support=458 parity=52 k=3 neg=10 pos=10 root_lp=infeasible margin=0.000e+00 block=2 nodes=483
OPEN support=466 parity=28 k=3 neg=11 pos=9 root_lp=infeasible margin=0.000e+00 block=4 nodes=483
OPEN support=463 parity=28 k=4 neg=11 pos=9 root_lp=infeasible margin=0.000e+00 block=2 nodes=484
OPEN support=464 parity=28 k=3 neg=11 pos=9 root_lp=infeasible margin=0.000e+00 block=2 nodes=483
OPEN support=467 parity=6 k=4 neg=11 pos=9 root_lp=infeasible margin=0.000e+00 block=2 nodes=484
OPEN support=466 parity=28 k=4 neg=11 pos=9 root_lp=infeasible margin=0.000e+00 block=4 nodes=484
OPEN support=458 parity=52 k=4 neg=10 pos=10 root_lp=infeasible margin=0.000e+00 block=2 nodes=484
OPEN support=463 parity=28 k=5 neg=11 pos=9 root_lp=infeasible margin=0.000e+00 block=2 nodes=485
OPEN support=467 parity=6 k=4 neg=11 pos=9 root_lp=infeasible margin=0.000e+00 block=2 nodes=484
OPEN support=463 parity=29 k=2 neg=11 pos=9 root_lp=infeasible margin=0.000e+00 block=2 nodes=482
OPEN support=464 parity=28 k=4 neg=11 pos=9 root_lp=infeasible margin=0.000e+00 block=2 nodes=484
OPEN support=466 parity=28 k=2 neg=11 pos=9 root_lp=infeasible margin=0.000e+00 block=4 nodes=482
OPEN support=458 parity=52 k=4 neg=10 pos=10 root_lp=infeasible margin=0.000e+00 block=2 nodes=484
OPEN support=463 parity=29 k=3 neg=11 pos=9 root_lp=infeasible margin=0.000e+00 block=4 nodes=483
OPEN support=467 parity=6 k=5 neg=11 pos=9 root_lp=infeasible margin=0.000e+00 block=2 nodes=485
OPEN support=464 parity=28 k=3 neg=11 pos=9 root_lp=infeasible margin=0.000e+00 block=2 nodes=483
OPEN support=466 parity=28 k=3 neg=11 pos=9 root_lp=infeasible margin=0.000e+00 block=4 nodes=483
OPEN support=467 parity=10 k=2 neg=9 pos=11 root_lp=feasible margin=1.342e-01 block=0 nodes=81
OPEN support=458 parity=52 k=5 neg=10 pos=10 root_lp=infeasible margin=0.000e+00 block=2 nodes=485
OPEN support=463 parity=29 k=3 neg=11 pos=9 root_lp=infeasible margin=0.000e+00 block=2 nodes=483
OPEN support=464 parity=28 k=4 neg=11 pos=9 root_lp=infeasible margin=0.000e+00 block=2 nodes=484
OPEN support=467 parity=10 k=3 neg=9 pos=11 root_lp=feasible margin=1.374e-01 block=0 nodes=82
OPEN support=467 parity=10 k=3 neg=9 pos=11 root_lp=feasible margin=1.560e-01 block=0 nodes=29
OPEN support=458 parity=52 k=4 neg=10 pos=10 root_lp=feasible margin=1.462e+00 block=0 nodes=83
OPEN support=463 parity=29 k=4 neg=11 pos=9 root_lp=infeasible margin=0.000e+00 block=2 nodes=484
OPEN support=467 parity=10 k=4 neg=9 pos=11 root_lp=feasible margin=1.642e-01 block=0 nodes=30
OPEN support=466 parity=28 k=3 neg=11 pos=9 root_lp=infeasible margin=0.000e+00 block=4 nodes=483
OPEN support=464 parity=28 k=4 neg=11 pos=9 root_lp=infeasible margin=0.000e+00 block=2 nodes=484
OPEN support=467 parity=10 k=3 neg=9 pos=11 root_lp=feasible margin=1.354e-01 block=0 nodes=82
OPEN support=458 parity=52 k=5 neg=10 pos=10 root_lp=feasible margin=1.472e+00 block=0 nodes=84
OPEN support=463 parity=29 k=3 neg=11 pos=9 root_lp=infeasible margin=0.000e+00 block=2 nodes=483
OPEN support=467 parity=10 k=4 neg=9 pos=11 root_lp=feasible margin=1.385e-01 block=0 nodes=83
OPEN support=466 parity=28 k=4 neg=11 pos=9 root_lp=infeasible margin=0.000e+00 block=4 nodes=484
OPEN support=467 parity=10 k=4 neg=9 pos=11 root_lp=feasible margin=1.582e-01 block=0 nodes=30
OPEN support=464 parity=28 k=5 neg=11 pos=9 root_lp=infeasible margin=0.000e+00 block=2 nodes=485
OPEN support=458 parity=52 k=5 neg=10 pos=10 root_lp=feasible margin=1.507e+00 block=0 nodes=84
OPEN support=467 parity=10 k=5 neg=9 pos=11 root_lp=feasible margin=1.660e-01 block=0 nodes=31
OPEN support=463 parity=29 k=4 neg=11 pos=9 root_lp=infeasible margin=0.000e+00 block=2 nodes=484
OPEN support=466 parity=28 k=3 neg=11 pos=9 root_lp=infeasible margin=0.000e+00 block=4 nodes=483
OPEN support=458 parity=52 k=6 neg=10 pos=10 root_lp=feasible margin=1.509e+00 block=0 nodes=85
OPEN support=463 parity=29 k=4 neg=11 pos=9 root_lp=infeasible margin=0.000e+00 block=2 nodes=484
OPEN support=468 parity=14 k=2 neg=11 pos=9 root_lp=infeasible margin=0.000e+00 block=2 nodes=482
OPEN support=467 parity=28 k=1 neg=11 pos=9 root_lp=infeasible margin=0.000e+00 block=2 nodes=481
OPEN support=458 parity=57 k=2 neg=10 pos=10 root_lp=infeasible margin=0.000e+00 block=2 nodes=482
OPEN support=466 parity=28 k=4 neg=11 pos=9 root_lp=infeasible margin=0.000e+00 block=4 nodes=484
OPEN support=463 parity=29 k=5 neg=11 pos=9 root_lp=infeasible margin=0.000e+00 block=2 nodes=485
OPEN support=458 parity=57 k=3 neg=10 pos=10 root_lp=infeasible margin=0.000e+00 block=2 nodes=483
OPEN support=468 parity=14 k=3 neg=11 pos=9 root_lp=infeasible margin=0.000e+00 block=2 nodes=483
OPEN support=467 parity=28 k=2 neg=11 pos=9 root_lp=infeasible margin=0.000e+00 block=4 nodes=482
OPEN support=466 parity=28 k=4 neg=11 pos=9 root_lp=infeasible margin=0.000e+00 block=4 nodes=484
OPEN support=463 parity=31 k=2 neg=10 pos=10 root_lp=infeasible margin=0.000e+00 block=2 nodes=482
OPEN support=468 parity=14 k=3 neg=11 pos=9 root_lp=infeasible margin=0.000e+00 block=2 nodes=483
OPEN support=467 parity=28 k=2 neg=11 pos=9 root_lp=infeasible margin=0.000e+00 block=2 nodes=482
OPEN support=463 parity=31 k=3 neg=10 pos=10 root_lp=infeasible margin=0.000e+00 block=2 nodes=483
OPEN support=466 parity=28 k=5 neg=11 pos=9 root_lp=infeasible margin=0.000e+00 block=4 nodes=485
OPEN support=458 parity=57 k=3 neg=10 pos=10 root_lp=feasible margin=2.496e-01 block=0 nodes=462
OPEN support=468 parity=14 k=4 neg=11 pos=9 root_lp=infeasible margin=0.000e+00 block=2 nodes=484
OPEN support=467 parity=28 k=3 neg=11 pos=9 root_lp=infeasible margin=0.000e+00 block=2 nodes=483
OPEN support=463 parity=31 k=3 neg=10 pos=10 root_lp=feasible margin=9.365e-02 block=0 nodes=136
OPEN support=467 parity=28 k=3 neg=11 pos=9 root_lp=infeasible margin=0.000e+00 block=2 nodes=483
OPEN support=466 parity=29 k=2 neg=11 pos=9 root_lp=infeasible margin=0.000e+00 block=4 nodes=482
OPEN support=463 parity=31 k=4 neg=10 pos=10 root_lp=feasible margin=1.912e-02 block=0 nodes=97
OPEN support=458 parity=57 k=4 neg=10 pos=10 root_lp=feasible margin=5.768e-01 block=0 nodes=433
OPEN support=466 parity=29 k=3 neg=11 pos=9 root_lp=infeasible margin=0.000e+00 block=4 nodes=483
OPEN support=467 parity=28 k=4 neg=11 pos=9 root_lp=infeasible margin=0.000e+00 block=2 nodes=484
OPEN support=469 parity=28 k=2 neg=11 pos=9 root_lp=infeasible margin=0.000e+00 block=2 nodes=482
OPEN support=463 parity=31 k=3 neg=10 pos=10 root_lp=feasible margin=1.074e-01 block=0 nodes=120
OPEN support=466 parity=29 k=4 neg=11 pos=9 root_lp=infeasible margin=0.000e+00 block=4 nodes=484
OPEN support=467 parity=28 k=2 neg=11 pos=9 root_lp=infeasible margin=0.000e+00 block=2 nodes=482
OPEN support=469 parity=28 k=3 neg=11 pos=9 root_lp=infeasible margin=0.000e+00 block=2 nodes=483
OPEN support=463 parity=31 k=4 neg=10 pos=10 root_lp=feasible margin=3.290e-02 block=0 nodes=89
OPEN support=466 parity=29 k=2 neg=11 pos=9 root_lp=infeasible margin=0.000e+00 block=4 nodes=482
OPEN support=463 parity=31 k=4 neg=10 pos=10 root_lp=feasible margin=9.945e-01 block=0 nodes=30
OPEN support=467 parity=28 k=3 neg=11 pos=9 root_lp=infeasible margin=0.000e+00 block=4 nodes=483
OPEN support=469 parity=28 k=3 neg=11 pos=9 root_lp=infeasible margin=0.000e+00 block=2 nodes=483
OPEN support=463 parity=31 k=5 neg=10 pos=10 root_lp=feasible margin=1.004e+00 block=0 nodes=31
OPEN support=466 parity=29 k=3 neg=11 pos=9 root_lp=infeasible margin=0.000e+00 block=4 nodes=483
OPEN support=458 parity=57 k=3 neg=10 pos=10 root_lp=feasible margin=4.397e-01 block=0 nodes=856
OPEN support=469 parity=28 k=4 neg=11 pos=9 root_lp=infeasible margin=0.000e+00 block=2 nodes=484
OPEN support=467 parity=28 k=3 neg=11 pos=9 root_lp=infeasible margin=0.000e+00 block=2 nodes=483
OPEN support=470 parity=5 k=2 neg=10 pos=10 root_lp=infeasible margin=0.000e+00 block=2 nodes=482
OPEN support=466 parity=29 k=3 neg=11 pos=9 root_lp=infeasible margin=0.000e+00 block=2 nodes=483
OPEN support=466 parity=29 k=4 neg=11 pos=9 root_lp=infeasible margin=0.000e+00 block=4 nodes=484
OPEN support=470 parity=5 k=3 neg=10 pos=10 root_lp=feasible margin=1.536e-03 block=0 nodes=86
OPEN support=469 parity=28 k=3 neg=11 pos=9 root_lp=infeasible margin=0.000e+00 block=2 nodes=483
OPEN support=467 parity=28 k=4 neg=11 pos=9 root_lp=infeasible margin=0.000e+00 block=2 nodes=484
OPEN support=466 parity=29 k=3 neg=11 pos=9 root_lp=infeasible margin=0.000e+00 block=4 nodes=483
OPEN support=470 parity=5 k=3 neg=10 pos=10 root_lp=feasible margin=2.146e-02 block=0 nodes=102
OPEN support=467 parity=28 k=3 neg=11 pos=9 root_lp=infeasible margin=0.000e+00 block=2 nodes=483
OPEN support=469 parity=28 k=4 neg=11 pos=9 root_lp=infeasible margin=0.000e+00 block=2 nodes=484
OPEN support=470 parity=5 k=4 neg=10 pos=10 root_lp=feasible margin=1.203e+00 block=0 nodes=30
OPEN support=458 parity=57 k=4 neg=10 pos=10 root_lp=feasible margin=5.741e-02 block=0 nodes=803
OPEN support=466 parity=29 k=4 neg=11 pos=9 root_lp=infeasible margin=0.000e+00 block=4 nodes=484
OPEN support=467 parity=28 k=4 neg=11 pos=9 root_lp=infeasible margin=0.000e+00 block=2 nodes=484
OPEN support=469 parity=28 k=4 neg=11 pos=9 root_lp=infeasible margin=0.000e+00 block=2 nodes=484
OPEN support=470 parity=5 k=2 neg=10 pos=10 root_lp=infeasible margin=0.000e+00 block=2 nodes=482
OPEN support=458 parity=57 k=4 neg=10 pos=10 root_lp=feasible margin=1.024e-01 block=0 nodes=86
OPEN support=466 parity=29 k=4 neg=11 pos=9 root_lp=infeasible margin=0.000e+00 block=4 nodes=484
OPEN support=470 parity=5 k=3 neg=10 pos=10 root_lp=infeasible margin=0.000e+00 block=2 nodes=483
OPEN support=467 parity=28 k=4 neg=11 pos=9 root_lp=infeasible margin=0.000e+00 block=2 nodes=484
OPEN support=469 parity=28 k=5 neg=11 pos=9 root_lp=infeasible margin=0.000e+00 block=2 nodes=485
OPEN support=458 parity=57 k=5 neg=10 pos=10 root_lp=feasible margin=6.949e-02 block=0 nodes=69
OPEN support=470 parity=5 k=3 neg=10 pos=10 root_lp=feasible margin=3.186e-01 block=0 nodes=82
OPEN support=467 parity=28 k=5 neg=11 pos=9 root_lp=infeasible margin=0.000e+00 block=2 nodes=485
OPEN support=469 parity=29 k=2 neg=11 pos=9 root_lp=infeasible margin=0.000e+00 block=2 nodes=482
OPEN support=466 parity=29 k=5 neg=11 pos=9 root_lp=infeasible margin=0.000e+00 block=4 nodes=485
OPEN support=467 parity=31 k=1 neg=10 pos=10 root_lp=infeasible margin=0.000e+00 block=2 nodes=481
OPEN support=458 parity=57 k=2 neg=10 pos=10 root_lp=infeasible margin=0.000e+00 block=2 nodes=482
OPEN support=467 parity=31 k=2 neg=10 pos=10 root_lp=infeasible margin=0.000e+00 block=2 nodes=482
OPEN support=469 parity=29 k=3 neg=11 pos=9 root_lp=infeasible margin=0.000e+00 block=2 nodes=483
OPEN support=470 parity=5 k=4 neg=10 pos=10 root_lp=feasible margin=4.455e-01 block=0 nodes=83
OPEN support=458 parity=57 k=3 neg=10 pos=10 root_lp=infeasible margin=0.000e+00 block=2 nodes=483
OPEN support=467 parity=31 k=2 neg=10 pos=10 root_lp=infeasible margin=0.000e+00 block=2 nodes=482
OPEN support=469 parity=29 k=3 neg=11 pos=9 root_lp=infeasible margin=0.000e+00 block=2 nodes=483
OPEN support=467 parity=31 k=3 neg=10 pos=10 root_lp=infeasible margin=0.000e+00 block=2 nodes=483
OPEN support=458 parity=57 k=3 neg=10 pos=10 root_lp=infeasible margin=0.000e+00 block=2 nodes=483
OPEN support=470 parity=5 k=3 neg=10 pos=10 root_lp=feasible margin=1.766e-02 block=0 nodes=94
OPEN support=469 parity=29 k=4 neg=11 pos=9 root_lp=infeasible margin=0.000e+00 block=2 nodes=484
OPEN support=458 parity=57 k=4 neg=10 pos=10 root_lp=infeasible margin=0.000e+00 block=2 nodes=484
OPEN support=471 parity=28 k=2 neg=11 pos=9 root_lp=infeasible margin=0.000e+00 block=2 nodes=482
OPEN support=470 parity=5 k=4 neg=10 pos=10 root_lp=feasible margin=6.312e-03 block=0 nodes=95
OPEN support=467 parity=31 k=3 neg=10 pos=10 root_lp=feasible margin=1.748e-02 block=0 nodes=216
OPEN support=470 parity=5 k=4 neg=10 pos=10 root_lp=feasible margin=1.196e+00 block=0 nodes=30
OPEN support=469 parity=29 k=3 neg=11 pos=9 root_lp=infeasible margin=0.000e+00 block=2 nodes=483
OPEN support=470 parity=5 k=5 neg=10 pos=10 root_lp=feasible margin=1.199e+00 block=0 nodes=31
OPEN support=471 parity=28 k=3 neg=11 pos=9 root_lp=infeasible margin=0.000e+00 block=2 nodes=483
OPEN support=469 parity=29 k=4 neg=11 pos=9 root_lp=infeasible margin=0.000e+00 block=2 nodes=484
OPEN support=467 parity=31 k=4 neg=10 pos=10 root_lp=feasible margin=1.552e-01 block=0 nodes=187
OPEN support=458 parity=57 k=3 neg=10 pos=10 root_lp=feasible margin=1.537e-01 block=0 nodes=424
OPEN support=467 parity=31 k=2 neg=10 pos=10 root_lp=infeasible margin=0.000e+00 block=2 nodes=482
OPEN support=470 parity=11 k=2 neg=10 pos=10 root_lp=infeasible margin=0.000e+00 block=2 nodes=482
OPEN support=469 parity=29 k=4 neg=11 pos=9 root_lp=infeasible margin=0.000e+00 block=2 nodes=484
OPEN support=467 parity=31 k=3 neg=10 pos=10 root_lp=infeasible margin=0.000e+00 block=2 nodes=483
OPEN support=471 parity=28 k=3 neg=11 pos=9 root_lp=infeasible margin=0.000e+00 block=2 nodes=483
OPEN support=470 parity=11 k=3 neg=10 pos=10 root_lp=feasible margin=1.386e+00 block=0 nodes=82
OPEN support=469 parity=29 k=5 neg=11 pos=9 root_lp=infeasible margin=0.000e+00 block=2 nodes=485
OPEN support=467 parity=31 k=3 neg=10 pos=10 root_lp=infeasible margin=0.000e+00 block=2 nodes=483
OPEN support=458 parity=57 k=4 neg=10 pos=10 root_lp=feasible margin=2.678e-01 block=0 nodes=443
OPEN support=467 parity=31 k=4 neg=10 pos=10 root_lp=infeasible margin=0.000e+00 block=2 nodes=484
OPEN support=470 parity=11 k=3 neg=10 pos=10 root_lp=feasible margin=1.440e+00 block=0 nodes=82
OPEN support=470 parity=11 k=4 neg=10 pos=10 root_lp=feasible margin=1.185e+00 block=0 nodes=30
OPEN support=471 parity=28 k=4 neg=11 pos=9 root_lp=infeasible margin=0.000e+00 block=2 nodes=484
OPEN support=467 parity=31 k=3 neg=10 pos=10 root_lp=feasible margin=7.208e-02 block=0 nodes=196
OPEN support=470 parity=11 k=3 neg=10 pos=10 root_lp=infeasible margin=0.000e+00 block=2 nodes=483
OPEN support=458 parity=57 k=4 neg=10 pos=10 root_lp=feasible margin=4.809e-01 block=0 nodes=395
OPEN support=471 parity=28 k=3 neg=11 pos=9 root_lp=infeasible margin=0.000e+00 block=2 nodes=483
OPEN support=470 parity=11 k=4 neg=10 pos=10 root_lp=feasible margin=1.439e+00 block=0 nodes=83
OPEN support=467 parity=31 k=4 neg=10 pos=10 root_lp=feasible margin=8.914e-03 block=0 nodes=179
OPEN support=470 parity=11 k=4 neg=10 pos=10 root_lp=feasible margin=1.463e+00 block=0 nodes=83
OPEN support=471 parity=28 k=4 neg=11 pos=9 root_lp=infeasible margin=0.000e+00 block=2 nodes=484
OPEN support=470 parity=11 k=5 neg=10 pos=10 root_lp=feasible margin=1.190e+00 block=0 nodes=31
OPEN support=467 parity=31 k=4 neg=10 pos=10 root_lp=feasible margin=1.298e-01 block=0 nodes=169
OPEN support=458 parity=57 k=5 neg=10 pos=10 root_lp=feasible margin=5.950e-01 block=0 nodes=414
OPEN support=471 parity=28 k=4 neg=11 pos=9 root_lp=infeasible margin=0.000e+00 block=2 nodes=484
OPEN support=467 parity=31 k=5 neg=10 pos=10 root_lp=feasible margin=1.555e-01 block=0 nodes=156
OPEN support=470 parity=28 k=2 neg=11 pos=9 root_lp=infeasible margin=0.000e+00 block=4 nodes=482
OPEN support=471 parity=28 k=5 neg=11 pos=9 root_lp=infeasible margin=0.000e+00 block=2 nodes=485
OPEN support=470 parity=28 k=3 neg=11 pos=9 root_lp=infeasible margin=0.000e+00 block=4 nodes=483
OPEN support=473 parity=9 k=2 neg=10 pos=10 root_lp=infeasible margin=0.000e+00 block=2 nodes=482
OPEN support=458 parity=57 k=3 neg=10 pos=10 root_lp=feasible margin=2.841e-01 block=0 nodes=782
OPEN support=470 parity=28 k=3 neg=11 pos=9 root_lp=infeasible margin=0.000e+00 block=2 nodes=483
OPEN support=473 parity=9 k=3 neg=10 pos=10 root_lp=feasible margin=3.945e-01 block=0 nodes=82
OPEN support=474 parity=5 k=2 neg=11 pos=9 root_lp=infeasible margin=0.000e+00 block=2 nodes=482
OPEN support=473 parity=9 k=3 neg=10 pos=10 root_lp=feasible margin=1.136e+00 block=0 nodes=82
OPEN support=474 parity=5 k=3 neg=11 pos=9 root_lp=infeasible margin=0.000e+00 block=2 nodes=483
OPEN support=470 parity=28 k=4 neg=11 pos=9 root_lp=infeasible margin=0.000e+00 block=2 nodes=484
OPEN support=473 parity=9 k=4 neg=10 pos=10 root_lp=feasible margin=1.147e+00 block=0 nodes=30
OPEN support=474 parity=5 k=3 neg=11 pos=9 root_lp=infeasible margin=0.000e+00 block=2 nodes=483
OPEN support=473 parity=9 k=3 neg=10 pos=10 root_lp=feasible margin=1.335e-01 block=0 nodes=82
OPEN support=458 parity=57 k=4 neg=10 pos=10 root_lp=feasible margin=3.593e-01 block=0 nodes=819
OPEN support=470 parity=28 k=2 neg=11 pos=9 root_lp=infeasible margin=0.000e+00 block=2 nodes=482
OPEN support=473 parity=9 k=4 neg=10 pos=10 root_lp=feasible margin=9.686e-01 block=0 nodes=30
OPEN support=474 parity=5 k=4 neg=11 pos=9 root_lp=infeasible margin=0.000e+00 block=2 nodes=484
OPEN support=473 parity=9 k=4 neg=10 pos=10 root_lp=feasible margin=1.229e+00 block=0 nodes=30
OPEN support=470 parity=28 k=3 neg=11 pos=9 root_lp=infeasible margin=0.000e+00 block=4 nodes=483
OPEN support=473 parity=9 k=5 neg=10 pos=10 root_lp=feasible margin=9.723e-01 block=0 nodes=20
OPEN support=474 parity=5 k=3 neg=11 pos=9 root_lp=infeasible margin=0.000e+00 block=2 nodes=483
OPEN support=470 parity=28 k=3 neg=11 pos=9 root_lp=infeasible margin=0.000e+00 block=2 nodes=483
OPEN support=473 parity=9 k=2 neg=10 pos=10 root_lp=infeasible margin=0.000e+00 block=2 nodes=482
OPEN support=472 parity=34 k=3 neg=10 pos=10 root_lp=feasible margin=6.999e-02 block=0 nodes=835
OPEN support=473 parity=9 k=3 neg=10 pos=10 root_lp=infeasible margin=0.000e+00 block=2 nodes=483
OPEN support=458 parity=57 k=4 neg=10 pos=10 root_lp=feasible margin=2.691e-01 block=0 nodes=735
OPEN support=474 parity=5 k=4 neg=11 pos=9 root_lp=infeasible margin=0.000e+00 block=2 nodes=484
OPEN support=470 parity=28 k=4 neg=11 pos=9 root_lp=infeasible margin=0.000e+00 block=2 nodes=484
OPEN support=473 parity=9 k=3 neg=10 pos=10 root_lp=feasible margin=8.554e-01 block=0 nodes=82
OPEN support=474 parity=5 k=4 neg=11 pos=9 root_lp=infeasible margin=0.000e+00 block=2 nodes=484
OPEN support=470 parity=28 k=3 neg=11 pos=9 root_lp=infeasible margin=0.000e+00 block=2 nodes=483
OPEN support=473 parity=9 k=4 neg=10 pos=10 root_lp=feasible margin=9.824e-01 block=0 nodes=83
OPEN support=472 parity=34 k=4 neg=10 pos=10 root_lp=feasible margin=6.352e-02 block=0 nodes=69
OPEN support=474 parity=5 k=5 neg=11 pos=9 root_lp=infeasible margin=0.000e+00 block=2 nodes=485
OPEN support=470 parity=28 k=4 neg=11 pos=9 root_lp=infeasible margin=0.000e+00 block=2 nodes=484
OPEN support=473 parity=9 k=3 neg=10 pos=10 root_lp=feasible margin=1.203e+00 block=0 nodes=82
OPEN support=458 parity=57 k=5 neg=10 pos=10 root_lp=feasible margin=1.047e-02 block=0 nodes=764
OPEN support=473 parity=9 k=4 neg=10 pos=10 root_lp=feasible margin=1.259e+00 block=0 nodes=83
OPEN support=470 parity=28 k=4 neg=11 pos=9 root_lp=infeasible margin=0.000e+00 block=2 nodes=484
OPEN support=472 parity=34 k=4 neg=10 pos=10 root_lp=feasible margin=6.922e-02 block=0 nodes=67
OPEN support=473 parity=9 k=4 neg=10 pos=10 root_lp=feasible margin=1.159e+00 block=0 nodes=30
OPEN support=458 parity=57 k=4 neg=10 pos=10 root_lp=feasible margin=6.406e-03 block=0 nodes=62
OPEN support=473 parity=9 k=5 neg=10 pos=10 root_lp=feasible margin=1.154e+00 block=0 nodes=31
OPEN support=472 parity=34 k=5 neg=10 pos=10 root_lp=feasible margin=5.795e-02 block=0 nodes=13
OPEN support=474 parity=28 k=2 neg=11 pos=9 root_lp=infeasible margin=0.000e+00 block=2 nodes=482
OPEN support=470 parity=28 k=5 neg=11 pos=9 root_lp=infeasible margin=0.000e+00 block=2 nodes=485
OPEN support=458 parity=57 k=5 neg=10 pos=10 root_lp=feasible margin=1.205e-01 block=0 nodes=71
OPEN support=473 parity=9 k=3 neg=10 pos=10 root_lp=feasible margin=2.561e-01 block=0 nodes=82
OPEN support=474 parity=28 k=3 neg=11 pos=9 root_lp=infeasible margin=0.000e+00 block=4 nodes=483
OPEN support=458 parity=57 k=5 neg=10 pos=10 root_lp=feasible margin=1.301e-01 block=0 nodes=45
OPEN support=473 parity=9 k=4 neg=10 pos=10 root_lp=feasible margin=2.812e-01 block=0 nodes=83
OPEN support=473 parity=9 k=4 neg=10 pos=10 root_lp=feasible margin=9.704e-01 block=0 nodes=30
OPEN support=474 parity=28 k=3 neg=11 pos=9 root_lp=infeasible margin=0.000e+00 block=2 nodes=483
OPEN support=475 parity=10 k=3 neg=11 pos=9 root_lp=infeasible margin=0.000e+00 block=4 nodes=483
OPEN support=473 parity=9 k=5 neg=10 pos=10 root_lp=feasible margin=9.698e-01 block=0 nodes=31
OPEN support=472 parity=34 k=4 neg=10 pos=10 root_lp=feasible margin=6.716e-02 block=0 nodes=85
OPEN support=458 parity=57 k=6 neg=10 pos=10 root_lp=feasible margin=8.765e-02 block=0 nodes=58
OPEN support=473 parity=9 k=4 neg=10 pos=10 root_lp=feasible margin=1.221e+00 block=0 nodes=30
OPEN support=472 parity=34 k=5 neg=10 pos=10 root_lp=feasible margin=5.357e-02 block=0 nodes=13
OPEN support=458 parity=58 k=2 neg=9 pos=11 root_lp=infeasible margin=0.000e+00 block=2 nodes=482
OPEN support=475 parity=10 k=4 neg=11 pos=9 root_lp=infeasible margin=0.000e+00 block=2 nodes=484
OPEN support=473 parity=9 k=5 neg=10 pos=10 root_lp=feasible margin=1.228e+00 block=0 nodes=31
OPEN support=474 parity=28 k=4 neg=11 pos=9 root_lp=infeasible margin=0.000e+00 block=2 nodes=484
OPEN support=472 parity=34 k=5 neg=10 pos=10 root_lp=feasible margin=5.580e-02 block=0 nodes=13
OPEN support=473 parity=9 k=5 neg=10 pos=10 root_lp=feasible margin=9.754e-01 block=0 nodes=20
OPEN support=458 parity=58 k=3 neg=9 pos=11 root_lp=infeasible margin=0.000e+00 block=2 nodes=483
OPEN support=472 parity=34 k=6 neg=10 pos=10 root_lp=feasible margin=5.996e-02 block=0 nodes=13
OPEN support=473 parity=9 k=6 neg=10 pos=10 root_lp=feasible margin=9.721e-01 block=0 nodes=21
OPEN support=475 parity=10 k=4 neg=11 pos=9 root_lp=infeasible margin=0.000e+00 block=2 nodes=484
OPEN support=474 parity=28 k=3 neg=11 pos=9 root_lp=infeasible margin=0.000e+00 block=2 nodes=483
OPEN support=458 parity=58 k=3 neg=9 pos=11 root_lp=feasible margin=1.751e+00 block=0 nodes=82
OPEN support=473 parity=11 k=2 neg=11 pos=9 root_lp=infeasible margin=0.000e+00 block=2 nodes=482
OPEN support=475 parity=10 k=5 neg=11 pos=9 root_lp=infeasible margin=0.000e+00 block=2 nodes=485
OPEN support=458 parity=58 k=4 neg=9 pos=11 root_lp=feasible margin=1.763e+00 block=0 nodes=83
OPEN support=472 parity=56 k=2 neg=11 pos=9 root_lp=infeasible margin=0.000e+00 block=2 nodes=482
OPEN support=474 parity=28 k=4 neg=11 pos=9 root_lp=infeasible margin=0.000e+00 block=2 nodes=484
OPEN support=458 parity=58 k=3 neg=9 pos=11 root_lp=feasible margin=1.487e+00 block=0 nodes=82
OPEN support=475 parity=10 k=2 neg=11 pos=9 root_lp=infeasible margin=0.000e+00 block=2 nodes=482
OPEN support=473 parity=11 k=3 neg=11 pos=9 root_lp=infeasible margin=0.000e+00 block=2 nodes=483
OPEN support=458 parity=58 k=4 neg=9 pos=11 root_lp=feasible margin=1.496e+00 block=0 nodes=83
OPEN support=472 parity=56 k=3 neg=11 pos=9 root_lp=infeasible margin=0.000e+00 block=2 nodes=483
OPEN support=475 parity=10 k=3 neg=11 pos=9 root_lp=infeasible margin=0.000e+00 block=2 nodes=483
OPEN support=473 parity=11 k=3 neg=11 pos=9 root_lp=infeasible margin=0.000e+00 block=2 nodes=483
OPEN support=474 parity=28 k=4 neg=11 pos=9 root_lp=infeasible margin=0.000e+00 block=2 nodes=484
OPEN support=458 parity=58 k=4 neg=9 pos=11 root_lp=feasible margin=1.516e+00 block=0 nodes=30
OPEN support=458 parity=58 k=5 neg=9 pos=11 root_lp=feasible margin=1.524e+00 block=0 nodes=31
OPEN support=473 parity=11 k=4 neg=11 pos=9 root_lp=infeasible margin=0.000e+00 block=2 nodes=484
OPEN support=475 parity=10 k=3 neg=11 pos=9 root_lp=infeasible margin=0.000e+00 block=2 nodes=483
OPEN support=458 parity=58 k=2 neg=9 pos=11 root_lp=infeasible margin=0.000e+00 block=2 nodes=482
OPEN support=472 parity=56 k=3 neg=11 pos=9 root_lp=infeasible margin=0.000e+00 block=2 nodes=483
OPEN support=474 parity=28 k=5 neg=11 pos=9 root_lp=infeasible margin=0.000e+00 block=2 nodes=485
OPEN support=473 parity=11 k=3 neg=11 pos=9 root_lp=infeasible margin=0.000e+00 block=2 nodes=483
OPEN support=475 parity=10 k=4 neg=11 pos=9 root_lp=infeasible margin=0.000e+00 block=2 nodes=484
OPEN support=458 parity=58 k=3 neg=9 pos=11 root_lp=infeasible margin=0.000e+00 block=2 nodes=483
OPEN support=475 parity=10 k=3 neg=11 pos=9 root_lp=infeasible margin=0.000e+00 block=2 nodes=483
OPEN support=473 parity=11 k=4 neg=11 pos=9 root_lp=infeasible margin=0.000e+00 block=2 nodes=484
OPEN support=458 parity=58 k=3 neg=9 pos=11 root_lp=infeasible margin=0.000e+00 block=2 nodes=483
OPEN support=472 parity=56 k=4 neg=11 pos=9 root_lp=infeasible margin=0.000e+00 block=2 nodes=484
OPEN support=476 parity=9 k=2 neg=10 pos=10 root_lp=infeasible margin=0.000e+00 block=2 nodes=482
OPEN support=473 parity=11 k=4 neg=11 pos=9 root_lp=infeasible margin=0.000e+00 block=2 nodes=484
OPEN support=475 parity=10 k=4 neg=11 pos=9 root_lp=infeasible margin=0.000e+00 block=2 nodes=484
OPEN support=458 parity=58 k=4 neg=9 pos=11 root_lp=infeasible margin=0.000e+00 block=2 nodes=484
OPEN support=472 parity=56 k=3 neg=11 pos=9 root_lp=infeasible margin=0.000e+00 block=2 nodes=483
OPEN support=458 parity=58 k=3 neg=9 pos=11 root_lp=feasible margin=1.752e+00 block=0 nodes=82
OPEN support=476 parity=9 k=3 neg=10 pos=10 root_lp=infeasible margin=0.000e+00 block=2 nodes=483
OPEN support=473 parity=11 k=5 neg=11 pos=9 root_lp=infeasible margin=0.000e+00 block=2 nodes=485
OPEN support=475 parity=10 k=4 neg=11 pos=9 root_lp=infeasible margin=0.000e+00 block=2 nodes=484
OPEN support=458 parity=58 k=4 neg=9 pos=11 root_lp=feasible margin=1.761e+00 block=0 nodes=83
OPEN support=472 parity=56 k=4 neg=11 pos=9 root_lp=infeasible margin=0.000e+00 block=2 nodes=484
OPEN support=476 parity=9 k=3 neg=10 pos=10 root_lp=feasible margin=3.696e-01 block=0 nodes=82
OPEN support=475 parity=10 k=5 neg=11 pos=9 root_lp=infeasible margin=0.000e+00 block=2 nodes=485
OPEN support=473 parity=11 k=2 neg=11 pos=9 root_lp=infeasible margin=0.000e+00 block=2 nodes=482
OPEN support=458 parity=58 k=4 neg=9 pos=11 root_lp=feasible margin=1.760e+00 block=0 nodes=83
OPEN support=475 parity=10 k=3 neg=11 pos=9 root_lp=infeasible margin=0.000e+00 block=2 nodes=483
OPEN support=476 parity=9 k=4 neg=10 pos=10 root_lp=feasible margin=8.815e-01 block=0 nodes=83
OPEN support=458 parity=58 k=5 neg=9 pos=11 root_lp=feasible margin=1.769e+00 block=0 nodes=84
OPEN support=472 parity=56 k=4 neg=11 pos=9 root_lp=infeasible margin=0.000e+00 block=2 nodes=484
OPEN support=473 parity=11 k=3 neg=11 pos=9 root_lp=infeasible margin=0.000e+00 block=2 nodes=483
OPEN support=458 parity=58 k=3 neg=9 pos=11 root_lp=feasible margin=1.485e+00 block=0 nodes=82
OPEN support=475 parity=10 k=4 neg=11 pos=9 root_lp=infeasible margin=0.000e+00 block=2 nodes=484
OPEN support=476 parity=9 k=3 neg=10 pos=10 root_lp=feasible margin=5.307e-02 block=0 nodes=92
OPEN support=473 parity=11 k=3 neg=11 pos=9 root_lp=infeasible margin=0.000e+00 block=2 nodes=483
OPEN support=472 parity=56 k=5 neg=11 pos=9 root_lp=infeasible margin=0.000e+00 block=2 nodes=485
OPEN support=458 parity=58 k=4 neg=9 pos=11 root_lp=feasible margin=1.490e+00 block=0 nodes=83
OPEN support=458 parity=58 k=4 neg=9 pos=11 root_lp=feasible margin=1.494e+00 block=0 nodes=83
OPEN support=476 parity=9 k=4 neg=10 pos=10 root_lp=feasible margin=1.334e-01 block=0 nodes=85
OPEN support=475 parity=10 k=4 neg=11 pos=9 root_lp=infeasible margin=0.000e+00 block=2 nodes=484
OPEN support=472 parity=56 k=3 neg=11 pos=9 root_lp=infeasible margin=0.000e+00 block=2 nodes=483
OPEN support=473 parity=11 k=4 neg=11 pos=9 root_lp=infeasible margin=0.000e+00 block=2 nodes=484
OPEN support=476 parity=9 k=4 neg=10 pos=10 root_lp=feasible margin=1.220e+00 block=0 nodes=30
OPEN support=458 parity=58 k=5 neg=9 pos=11 root_lp=feasible margin=1.496e+00 block=0 nodes=84
OPEN support=473 parity=11 k=3 neg=11 pos=9 root_lp=infeasible margin=0.000e+00 block=2 nodes=483
OPEN support=458 parity=58 k=4 neg=9 pos=11 root_lp=feasible margin=1.517e+00 block=0 nodes=30
OPEN support=475 parity=10 k=5 neg=11 pos=9 root_lp=infeasible margin=0.000e+00 block=2 nodes=485
OPEN support=472 parity=56 k=4 neg=11 pos=9 root_lp=infeasible margin=0.000e+00 block=2 nodes=484
OPEN support=476 parity=9 k=5 neg=10 pos=10 root_lp=feasible margin=1.231e+00 block=0 nodes=31
OPEN support=458 parity=58 k=5 neg=9 pos=11 root_lp=feasible margin=1.519e+00 block=0 nodes=31
OPEN support=473 parity=11 k=4 neg=11 pos=9 root_lp=infeasible margin=0.000e+00 block=2 nodes=484
OPEN support=476 parity=9 k=2 neg=10 pos=10 root_lp=infeasible margin=0.000e+00 block=2 nodes=482
OPEN support=458 parity=58 k=5 neg=9 pos=11 root_lp=feasible margin=1.525e+00 block=0 nodes=31
OPEN support=475 parity=10 k=4 neg=11 pos=9 root_lp=infeasible margin=0.000e+00 block=2 nodes=484
OPEN support=472 parity=56 k=4 neg=11 pos=9 root_lp=infeasible margin=0.000e+00 block=2 nodes=484
OPEN support=473 parity=11 k=4 neg=11 pos=9 root_lp=infeasible margin=0.000e+00 block=2 nodes=484
OPEN support=458 parity=58 k=6 neg=9 pos=11 root_lp=feasible margin=1.527e+00 block=0 nodes=32
OPEN support=476 parity=9 k=3 neg=10 pos=10 root_lp=infeasible margin=0.000e+00 block=2 nodes=483
OPEN support=475 parity=10 k=5 neg=11 pos=9 root_lp=infeasible margin=0.000e+00 block=2 nodes=485
OPEN support=473 parity=11 k=5 neg=11 pos=9 root_lp=infeasible margin=0.000e+00 block=2 nodes=485
OPEN support=472 parity=56 k=5 neg=11 pos=9 root_lp=infeasible margin=0.000e+00 block=2 nodes=485
OPEN support=476 parity=9 k=3 neg=10 pos=10 root_lp=infeasible margin=0.000e+00 block=2 nodes=483
OPEN support=475 parity=10 k=5 neg=11 pos=9 root_lp=infeasible margin=0.000e+00 block=2 nodes=485
OPEN support=473 parity=11 k=3 neg=11 pos=9 root_lp=infeasible margin=0.000e+00 block=2 nodes=483
OPEN support=476 parity=9 k=4 neg=10 pos=10 root_lp=infeasible margin=0.000e+00 block=2 nodes=484
OPEN support=472 parity=56 k=4 neg=11 pos=9 root_lp=infeasible margin=0.000e+00 block=2 nodes=484
OPEN support=475 parity=10 k=6 neg=11 pos=9 root_lp=infeasible margin=0.000e+00 block=2 nodes=486
OPEN support=477 parity=14 k=2 neg=11 pos=9 root_lp=infeasible margin=0.000e+00 block=4 nodes=482
OPEN support=473 parity=11 k=4 neg=11 pos=9 root_lp=infeasible margin=0.000e+00 block=2 nodes=484
OPEN support=476 parity=9 k=3 neg=10 pos=10 root_lp=feasible margin=8.305e-01 block=0 nodes=82
OPEN support=477 parity=14 k=3 neg=11 pos=9 root_lp=infeasible margin=0.000e+00 block=4 nodes=483
OPEN support=472 parity=56 k=5 neg=11 pos=9 root_lp=infeasible margin=0.000e+00 block=2 nodes=485
OPEN support=475 parity=11 k=3 neg=11 pos=9 root_lp=infeasible margin=0.000e+00 block=2 nodes=483
OPEN support=473 parity=11 k=4 neg=11 pos=9 root_lp=infeasible margin=0.000e+00 block=2 nodes=484
OPEN support=475 parity=11 k=4 neg=11 pos=9 root_lp=infeasible margin=0.000e+00 block=4 nodes=484
OPEN support=477 parity=14 k=3 neg=11 pos=9 root_lp=infeasible margin=0.000e+00 block=4 nodes=483
OPEN support=476 parity=9 k=4 neg=10 pos=10 root_lp=feasible margin=9.575e-01 block=0 nodes=83
OPEN support=472 parity=56 k=5 neg=11 pos=9 root_lp=infeasible margin=0.000e+00 block=2 nodes=485
OPEN support=475 parity=11 k=4 neg=11 pos=9 root_lp=infeasible margin=0.000e+00 block=2 nodes=484
OPEN support=477 parity=14 k=4 neg=11 pos=9 root_lp=infeasible margin=0.000e+00 block=4 nodes=484
OPEN support=473 parity=11 k=5 neg=11 pos=9 root_lp=infeasible margin=0.000e+00 block=2 nodes=485
OPEN support=476 parity=9 k=4 neg=10 pos=10 root_lp=feasible margin=1.167e+00 block=0 nodes=83
OPEN support=475 parity=11 k=5 neg=11 pos=9 root_lp=infeasible margin=0.000e+00 block=2 nodes=485
OPEN support=473 parity=11 k=4 neg=11 pos=9 root_lp=infeasible margin=0.000e+00 block=2 nodes=484
OPEN support=472 parity=56 k=6 neg=11 pos=9 root_lp=infeasible margin=0.000e+00 block=2 nodes=486
OPEN support=475 parity=11 k=2 neg=11 pos=9 root_lp=infeasible margin=0.000e+00 block=2 nodes=482
OPEN support=476 parity=9 k=5 neg=10 pos=10 root_lp=feasible margin=1.215e+00 block=0 nodes=84
OPEN support=473 parity=11 k=5 neg=11 pos=9 root_lp=infeasible margin=0.000e+00 block=2 nodes=485
OPEN support=475 parity=11 k=3 neg=11 pos=9 root_lp=infeasible margin=0.000e+00 block=2 nodes=483
OPEN support=472 parity=57 k=2 neg=11 pos=9 root_lp=infeasible margin=0.000e+00 block=2 nodes=482
OPEN support=478 parity=28 k=2 neg=11 pos=9 root_lp=infeasible margin=0.000e+00 block=4 nodes=482
OPEN support=476 parity=9 k=3 neg=10 pos=10 root_lp=feasible margin=8.233e-02 block=0 nodes=86
OPEN support=475 parity=11 k=3 neg=11 pos=9 root_lp=infeasible margin=0.000e+00 block=4 nodes=483
OPEN support=473 parity=11 k=5 neg=11 pos=9 root_lp=infeasible margin=0.000e+00 block=2 nodes=485
OPEN support=472 parity=57 k=3 neg=11 pos=9 root_lp=infeasible margin=0.000e+00 block=2 nodes=483
OPEN support=478 parity=28 k=3 neg=11 pos=9 root_lp=infeasible margin=0.000e+00 block=4 nodes=483
OPEN support=475 parity=11 k=4 neg=11 pos=9 root_lp=infeasible margin=0.000e+00 block=2 nodes=484
OPEN support=476 parity=9 k=4 neg=10 pos=10 root_lp=feasible margin=6.543e-02 block=0 nodes=87
OPEN support=473 parity=11 k=6 neg=11 pos=9 root_lp=infeasible margin=0.000e+00 block=2 nodes=486
OPEN support=478 parity=28 k=3 neg=11 pos=9 root_lp=infeasible margin=0.000e+00 block=4 nodes=483
OPEN support=475 parity=11 k=3 neg=11 pos=9 root_lp=infeasible margin=0.000e+00 block=2 nodes=483
OPEN support=472 parity=57 k=3 neg=11 pos=9 root_lp=infeasible margin=0.000e+00 block=4 nodes=483
OPEN support=476 parity=9 k=4 neg=10 pos=10 root_lp=feasible margin=3.455e-01 block=0 nodes=83
OPEN support=478 parity=28 k=4 neg=11 pos=9 root_lp=infeasible margin=0.000e+00 block=4 nodes=484
OPEN support=475 parity=11 k=4 neg=11 pos=9 root_lp=infeasible margin=0.000e+00 block=2 nodes=484
OPEN support=475 parity=11 k=4 neg=11 pos=9 root_lp=infeasible margin=0.000e+00 block=4 nodes=484
OPEN support=472 parity=57 k=4 neg=11 pos=9 root_lp=infeasible margin=0.000e+00 block=2 nodes=484
OPEN support=476 parity=9 k=5 neg=10 pos=10 root_lp=feasible margin=3.712e-01 block=0 nodes=84
OPEN support=478 parity=28 k=3 neg=11 pos=9 root_lp=infeasible margin=0.000e+00 block=4 nodes=483
OPEN support=475 parity=11 k=5 neg=11 pos=9 root_lp=infeasible margin=0.000e+00 block=2 nodes=485
OPEN support=476 parity=9 k=4 neg=10 pos=10 root_lp=feasible margin=1.212e+00 block=0 nodes=30
OPEN support=472 parity=57 k=3 neg=11 pos=9 root_lp=infeasible margin=0.000e+00 block=2 nodes=483
OPEN support=473 parity=21 k=2 neg=10 pos=10 root_lp=infeasible margin=0.000e+00 block=2 nodes=482
OPEN support=476 parity=9 k=5 neg=10 pos=10 root_lp=feasible margin=1.216e+00 block=0 nodes=31
OPEN support=475 parity=11 k=3 neg=11 pos=9 root_lp=infeasible margin=0.000e+00 block=2 nodes=483
OPEN support=478 parity=28 k=4 neg=11 pos=9 root_lp=infeasible margin=0.000e+00 block=4 nodes=484
OPEN support=472 parity=57 k=4 neg=11 pos=9 root_lp=infeasible margin=0.000e+00 block=2 nodes=484
OPEN support=476 parity=9 k=5 neg=10 pos=10 root_lp=feasible margin=1.223e+00 block=0 nodes=31
OPEN support=473 parity=21 k=3 neg=10 pos=10 root_lp=feasible margin=1.691e+00 block=0 nodes=82
OPEN support=478 parity=28 k=4 neg=11 pos=9 root_lp=infeasible margin=0.000e+00 block=4 nodes=484
OPEN support=475 parity=11 k=4 neg=11 pos=9 root_lp=infeasible margin=0.000e+00 block=2 nodes=484
OPEN support=472 parity=57 k=4 neg=11 pos=9 root_lp=infeasible margin=0.000e+00 block=2 nodes=484
OPEN support=476 parity=9 k=6 neg=10 pos=10 root_lp=feasible margin=1.228e+00 block=0 nodes=32
OPEN support=473 parity=21 k=3 neg=10 pos=10 root_lp=feasible margin=1.458e+00 block=0 nodes=82
OPEN support=478 parity=28 k=5 neg=11 pos=9 root_lp=infeasible margin=0.000e+00 block=4 nodes=485
OPEN support=473 parity=21 k=4 neg=10 pos=10 root_lp=feasible margin=1.436e+00 block=0 nodes=30
OPEN support=472 parity=57 k=5 neg=11 pos=9 root_lp=infeasible margin=0.000e+00 block=2 nodes=485
OPEN support=475 parity=11 k=4 neg=11 pos=9 root_lp=infeasible margin=0.000e+00 block=4 nodes=484
OPEN support=476 parity=10 k=2 neg=11 pos=9 root_lp=infeasible margin=0.000e+00 block=2 nodes=482
OPEN support=478 parity=29 k=2 neg=11 pos=9 root_lp=infeasible margin=0.000e+00 block=2 nodes=482
OPEN support=473 parity=21 k=3 neg=10 pos=10 root_lp=feasible margin=1.478e+00 block=0 nodes=82
OPEN support=473 parity=21 k=4 neg=10 pos=10 root_lp=feasible margin=1.572e+00 block=0 nodes=30
OPEN support=472 parity=57 k=3 neg=11 pos=9 root_lp=infeasible margin=0.000e+00 block=2 nodes=483
OPEN support=478 parity=29 k=3 neg=11 pos=9 root_lp=infeasible margin=0.000e+00 block=4 nodes=483
OPEN support=475 parity=11 k=5 neg=11 pos=9 root_lp=infeasible margin=0.000e+00 block=2 nodes=485
OPEN support=476 parity=10 k=3 neg=11 pos=9 root_lp=infeasible margin=0.000e+00 block=2 nodes=483
OPEN support=473 parity=21 k=4 neg=10 pos=10 root_lp=feasible margin=1.190e+00 block=0 nodes=30
OPEN support=475 parity=11 k=4 neg=11 pos=9 root_lp=infeasible margin=0.000e+00 block=2 nodes=484
OPEN support=473 parity=21 k=5 neg=10 pos=10 root_lp=feasible margin=1.190e+00 block=0 nodes=20
OPEN support=472 parity=57 k=4 neg=11 pos=9 root_lp=infeasible margin=0.000e+00 block=2 nodes=484
OPEN support=476 parity=10 k=3 neg=11 pos=9 root_lp=infeasible margin=0.000e+00 block=2 nodes=483
OPEN support=478 parity=29 k=3 neg=11 pos=9 root_lp=infeasible margin=0.000e+00 block=2 nodes=483
OPEN support=475 parity=11 k=5 neg=11 pos=9 root_lp=infeasible margin=0.000e+00 block=2 nodes=485
OPEN support=473 parity=21 k=3 neg=10 pos=10 root_lp=infeasible margin=0.000e+00 block=2 nodes=483
OPEN support=475 parity=11 k=5 neg=11 pos=9 root_lp=infeasible margin=0.000e+00 block=2 nodes=485
OPEN support=472 parity=57 k=4 neg=11 pos=9 root_lp=infeasible margin=0.000e+00 block=2 nodes=484
OPEN support=476 parity=10 k=4 neg=11 pos=9 root_lp=infeasible margin=0.000e+00 block=2 nodes=484
OPEN support=478 parity=29 k=4 neg=11 pos=9 root_lp=infeasible margin=0.000e+00 block=2 nodes=484
OPEN support=475 parity=11 k=6 neg=11 pos=9 root_lp=infeasible margin=0.000e+00 block=2 nodes=486
OPEN support=473 parity=21 k=4 neg=10 pos=10 root_lp=feasible margin=1.693e+00 block=0 nodes=83
OPEN support=472 parity=57 k=5 neg=11 pos=9 root_lp=infeasible margin=0.000e+00 block=2 nodes=485
OPEN support=476 parity=10 k=3 neg=11 pos=9 root_lp=infeasible margin=0.000e+00 block=2 nodes=483
OPEN support=473 parity=21 k=4 neg=10 pos=10 root_lp=feasible margin=1.458e+00 block=0 nodes=83
OPEN support=478 parity=29 k=3 neg=11 pos=9 root_lp=infeasible margin=0.000e+00 block=2 nodes=483
OPEN support=473 parity=21 k=5 neg=10 pos=10 root_lp=feasible margin=1.436e+00 block=0 nodes=31
OPEN support=472 parity=57 k=4 neg=11 pos=9 root_lp=infeasible margin=0.000e+00 block=2 nodes=484
OPEN support=476 parity=10 k=4 neg=11 pos=9 root_lp=infeasible margin=0.000e+00 block=2 nodes=484
OPEN support=473 parity=21 k=4 neg=10 pos=10 root_lp=feasible margin=1.501e+00 block=0 nodes=83
OPEN support=478 parity=29 k=4 neg=11 pos=9 root_lp=infeasible margin=0.000e+00 block=2 nodes=484
OPEN support=472 parity=57 k=5 neg=11 pos=9 root_lp=infeasible margin=0.000e+00 block=2 nodes=485
OPEN support=473 parity=21 k=5 neg=10 pos=10 root_lp=feasible margin=1.575e+00 block=0 nodes=31
OPEN support=473 parity=21 k=5 neg=10 pos=10 root_lp=feasible margin=1.190e+00 block=0 nodes=31
OPEN support=476 parity=10 k=4 neg=11 pos=9 root_lp=infeasible margin=0.000e+00 block=2 nodes=484
OPEN support=472 parity=57 k=5 neg=11 pos=9 root_lp=infeasible margin=0.000e+00 block=2 nodes=485
OPEN support=478 parity=29 k=4 neg=11 pos=9 root_lp=infeasible margin=0.000e+00 block=2 nodes=484
OPEN support=473 parity=21 k=6 neg=10 pos=10 root_lp=feasible margin=1.190e+00 block=0 nodes=21
OPEN support=476 parity=10 k=5 neg=11 pos=9 root_lp=infeasible margin=0.000e+00 block=2 nodes=485
OPEN support=472 parity=57 k=6 neg=11 pos=9 root_lp=infeasible margin=0.000e+00 block=2 nodes=486
OPEN support=478 parity=29 k=5 neg=11 pos=9 root_lp=infeasible margin=0.000e+00 block=2 nodes=485
OPEN support=476 parity=10 k=2 neg=11 pos=9 root_lp=infeasible margin=0.000e+00 block=2 nodes=482
OPEN support=479 parity=5 k=2 neg=10 pos=10 root_lp=infeasible margin=0.000e+00 block=2 nodes=482
OPEN support=472 parity=59 k=2 neg=10 pos=10 root_lp=infeasible margin=0.000e+00 block=2 nodes=482
OPEN support=475 parity=56 k=3 neg=11 pos=9 root_lp=infeasible margin=0.000e+00 block=2 nodes=483
OPEN support=476 parity=10 k=3 neg=11 pos=9 root_lp=infeasible margin=0.000e+00 block=2 nodes=483
OPEN support=479 parity=5 k=3 neg=10 pos=10 root_lp=feasible margin=8.787e-02 block=0 nodes=128
OPEN support=472 parity=59 k=3 neg=10 pos=10 root_lp=infeasible margin=0.000e+00 block=2 nodes=483
OPEN support=476 parity=10 k=3 neg=11 pos=9 root_lp=infeasible margin=0.000e+00 block=2 nodes=483
OPEN support=475 parity=56 k=4 neg=11 pos=9 root_lp=infeasible margin=0.000e+00 block=2 nodes=484
OPEN support=472 parity=59 k=3 neg=10 pos=10 root_lp=feasible margin=7.411e-01 block=0 nodes=82
OPEN support=479 parity=5 k=3 neg=10 pos=10 root_lp=feasible margin=6.420e-02 block=0 nodes=124
OPEN support=476 parity=10 k=4 neg=11 pos=9 root_lp=infeasible margin=0.000e+00 block=2 nodes=484
OPEN support=479 parity=5 k=4 neg=10 pos=10 root_lp=feasible margin=8.585e-01 block=0 nodes=30
OPEN support=475 parity=56 k=4 neg=11 pos=9 root_lp=infeasible margin=0.000e+00 block=2 nodes=484
OPEN support=472 parity=59 k=4 neg=10 pos=10 root_lp=feasible margin=1.100e+00 block=0 nodes=83
OPEN support=479 parity=5 k=2 neg=10 pos=10 root_lp=infeasible margin=0.000e+00 block=2 nodes=482
OPEN support=476 parity=10 k=3 neg=11 pos=9 root_lp=infeasible margin=0.000e+00 block=2 nodes=483
OPEN support=473 parity=56 k=2 neg=11 pos=9 root_lp=infeasible margin=0.000e+00 block=2 nodes=482
OPEN support=479 parity=5 k=3 neg=10 pos=10 root_lp=infeasible margin=0.000e+00 block=2 nodes=483
OPEN support=472 parity=59 k=3 neg=10 pos=10 root_lp=feasible margin=1.761e+00 block=0 nodes=82
OPEN support=475 parity=56 k=5 neg=11 pos=9 root_lp=infeasible margin=0.000e+00 block=2 nodes=485
OPEN support=476 parity=10 k=4 neg=11 pos=9 root_lp=infeasible margin=0.000e+00 block=2 nodes=484
OPEN support=472 parity=59 k=4 neg=10 pos=10 root_lp=feasible margin=1.769e+00 block=0 nodes=83
OPEN support=479 parity=5 k=3 neg=10 pos=10 root_lp=feasible margin=1.171e-01 block=0 nodes=116
OPEN support=472 parity=59 k=4 neg=10 pos=10 root_lp=feasible margin=9.610e-01 block=0 nodes=30
OPEN support=476 parity=10 k=4 neg=11 pos=9 root_lp=infeasible margin=0.000e+00 block=2 nodes=484
OPEN support=473 parity=56 k=3 neg=11 pos=9 root_lp=infeasible margin=0.000e+00 block=2 nodes=483
OPEN support=472 parity=59 k=5 neg=10 pos=10 root_lp=feasible margin=9.610e-01 block=0 nodes=31
OPEN support=475 parity=56 k=2 neg=11 pos=9 root_lp=infeasible margin=0.000e+00 block=2 nodes=482
OPEN support=479 parity=5 k=4 neg=10 pos=10 root_lp=feasible margin=1.002e-01 block=0 nodes=115
OPEN support=476 parity=10 k=5 neg=11 pos=9 root_lp=infeasible margin=0.000e+00 block=2 nodes=485
OPEN support=472 parity=59 k=3 neg=10 pos=10 root_lp=feasible margin=1.129e+00 block=0 nodes=82
OPEN support=473 parity=56 k=3 neg=11 pos=9 root_lp=infeasible margin=0.000e+00 block=2 nodes=483
OPEN support=475 parity=56 k=3 neg=11 pos=9 root_lp=infeasible margin=0.000e+00 block=2 nodes=483
OPEN support=479 parity=5 k=3 neg=10 pos=10 root_lp=feasible margin=4.580e-02 block=0 nodes=116
OPEN support=476 parity=10 k=3 neg=11 pos=9 root_lp=infeasible margin=0.000e+00 block=2 nodes=483
OPEN support=472 parity=59 k=4 neg=10 pos=10 root_lp=feasible margin=1.416e+00 block=0 nodes=83
OPEN support=472 parity=59 k=4 neg=10 pos=10 root_lp=feasible margin=1.008e+00 block=0 nodes=30
OPEN support=473 parity=56 k=4 neg=11 pos=9 root_lp=infeasible margin=0.000e+00 block=2 nodes=484
OPEN support=472 parity=59 k=5 neg=10 pos=10 root_lp=feasible margin=1.010e+00 block=0 nodes=31
OPEN support=475 parity=56 k=3 neg=11 pos=9 root_lp=infeasible margin=0.000e+00 block=4 nodes=483
OPEN support=479 parity=5 k=4 neg=10 pos=10 root_lp=feasible margin=3.912e-02 block=0 nodes=115
OPEN support=476 parity=10 k=4 neg=11 pos=9 root_lp=infeasible margin=0.000e+00 block=2 nodes=484
OPEN support=472 parity=59 k=4 neg=10 pos=10 root_lp=feasible margin=7.981e-01 block=0 nodes=30
OPEN support=479 parity=5 k=4 neg=10 pos=10 root_lp=feasible margin=8.813e-01 block=0 nodes=30
OPEN support=473 parity=56 k=3 neg=11 pos=9 root_lp=infeasible margin=0.000e+00 block=2 nodes=483
OPEN support=472 parity=59 k=5 neg=10 pos=10 root_lp=feasible margin=8.018e-01 block=0 nodes=31
OPEN support=479 parity=5 k=5 neg=10 pos=10 root_lp=feasible margin=8.804e-01 block=0 nodes=31
OPEN support=475 parity=56 k=4 neg=11 pos=9 root_lp=infeasible margin=0.000e+00 block=2 nodes=484
OPEN support=472 parity=59 k=5 neg=10 pos=10 root_lp=feasible margin=6.812e-01 block=0 nodes=20
OPEN support=476 parity=10 k=4 neg=11 pos=9 root_lp=infeasible margin=0.000e+00 block=2 nodes=484
OPEN support=472 parity=59 k=6 neg=10 pos=10 root_lp=feasible margin=6.823e-01 block=0 nodes=21
OPEN support=473 parity=56 k=4 neg=11 pos=9 root_lp=infeasible margin=0.000e+00 block=2 nodes=484
OPEN support=475 parity=56 k=3 neg=11 pos=9 root_lp=infeasible margin=0.000e+00 block=2 nodes=483
OPEN support=476 parity=10 k=5 neg=11 pos=9 root_lp=infeasible margin=0.000e+00 block=2 nodes=485
OPEN support=476 parity=10 k=4 neg=11 pos=9 root_lp=infeasible margin=0.000e+00 block=2 nodes=484
OPEN support=479 parity=26 k=2 neg=10 pos=10 root_lp=infeasible margin=0.000e+00 block=2 nodes=482
OPEN support=475 parity=56 k=4 neg=11 pos=9 root_lp=infeasible margin=0.000e+00 block=2 nodes=484
OPEN support=473 parity=56 k=4 neg=11 pos=9 root_lp=infeasible margin=0.000e+00 block=2 nodes=484
OPEN support=480 parity=28 k=2 neg=11 pos=9 root_lp=infeasible margin=0.000e+00 block=2 nodes=482
OPEN support=476 parity=10 k=5 neg=11 pos=9 root_lp=infeasible margin=0.000e+00 block=2 nodes=485
OPEN support=479 parity=26 k=3 neg=10 pos=10 root_lp=infeasible margin=0.000e+00 block=2 nodes=483
OPEN support=475 parity=56 k=4 neg=11 pos=9 root_lp=infeasible margin=0.000e+00 block=2 nodes=484
OPEN support=480 parity=28 k=3 neg=11 pos=9 root_lp=infeasible margin=0.000e+00 block=2 nodes=483
OPEN support=473 parity=56 k=5 neg=11 pos=9 root_lp=infeasible margin=0.000e+00 block=2 nodes=485
OPEN support=476 parity=10 k=5 neg=11 pos=9 root_lp=infeasible margin=0.000e+00 block=2 nodes=485
OPEN support=480 parity=28 k=3 neg=11 pos=9 root_lp=infeasible margin=0.000e+00 block=2 nodes=483
OPEN support=479 parity=26 k=3 neg=10 pos=10 root_lp=feasible margin=1.463e+00 block=0 nodes=82
OPEN support=480 parity=28 k=4 neg=11 pos=9 root_lp=infeasible margin=0.000e+00 block=2 nodes=484
OPEN support=475 parity=56 k=5 neg=11 pos=9 root_lp=infeasible margin=0.000e+00 block=3 nodes=485
OPEN support=479 parity=26 k=4 neg=10 pos=10 root_lp=feasible margin=1.497e+00 block=0 nodes=83
OPEN support=473 parity=56 k=2 neg=11 pos=9 root_lp=infeasible margin=0.000e+00 block=2 nodes=482
OPEN support=476 parity=10 k=6 neg=11 pos=9 root_lp=infeasible margin=0.000e+00 block=2 nodes=486
OPEN support=480 parity=28 k=3 neg=11 pos=9 root_lp=infeasible margin=0.000e+00 block=2 nodes=483
OPEN support=479 parity=26 k=3 neg=10 pos=10 root_lp=infeasible margin=0.000e+00 block=2 nodes=483
OPEN support=475 parity=56 k=3 neg=11 pos=9 root_lp=infeasible margin=0.000e+00 block=2 nodes=483
OPEN support=473 parity=56 k=3 neg=11 pos=9 root_lp=infeasible margin=0.000e+00 block=2 nodes=483
OPEN support=476 parity=18 k=2 neg=9 pos=11 root_lp=feasible margin=1.835e-01 block=0 nodes=81
OPEN support=480 parity=28 k=4 neg=11 pos=9 root_lp=infeasible margin=0.000e+00 block=2 nodes=484
OPEN support=479 parity=26 k=4 neg=10 pos=10 root_lp=infeasible margin=0.000e+00 block=2 nodes=484
OPEN support=476 parity=18 k=3 neg=9 pos=11 root_lp=feasible margin=1.863e-01 block=0 nodes=82
OPEN support=475 parity=56 k=4 neg=11 pos=9 root_lp=infeasible margin=0.000e+00 block=2 nodes=484
OPEN support=480 parity=28 k=4 neg=11 pos=9 root_lp=infeasible margin=0.000e+00 block=2 nodes=484
OPEN support=476 parity=18 k=3 neg=9 pos=11 root_lp=feasible margin=2.430e-01 block=0 nodes=29
OPEN support=479 parity=26 k=4 neg=10 pos=10 root_lp=feasible margin=1.486e+00 block=0 nodes=83
OPEN support=473 parity=56 k=3 neg=11 pos=9 root_lp=infeasible margin=0.000e+00 block=2 nodes=483
OPEN support=476 parity=18 k=4 neg=9 pos=11 root_lp=feasible margin=2.430e-01 block=0 nodes=30
OPEN support=480 parity=28 k=5 neg=11 pos=9 root_lp=infeasible margin=0.000e+00 block=2 nodes=485
OPEN support=476 parity=18 k=3 neg=9 pos=11 root_lp=feasible margin=2.430e-01 block=0 nodes=29
OPEN support=479 parity=26 k=5 neg=10 pos=10 root_lp=feasible margin=1.520e+00 block=0 nodes=84
OPEN support=475 parity=56 k=4 neg=11 pos=9 root_lp=infeasible margin=0.000e+00 block=2 nodes=484
OPEN support=476 parity=18 k=4 neg=9 pos=11 root_lp=feasible margin=2.430e-01 block=0 nodes=30
OPEN support=476 parity=18 k=4 neg=9 pos=11 root_lp=feasible margin=2.430e-01 block=0 nodes=19
OPEN support=476 parity=18 k=5 neg=9 pos=11 root_lp=feasible margin=2.430e-01 block=0 nodes=20
OPEN support=473 parity=56 k=4 neg=11 pos=9 root_lp=infeasible margin=0.000e+00 block=2 nodes=484
OPEN support=479 parity=28 k=2 neg=11 pos=9 root_lp=infeasible margin=0.000e+00 block=4 nodes=482
OPEN support=475 parity=56 k=5 neg=11 pos=9 root_lp=infeasible margin=0.000e+00 block=2 nodes=485
OPEN support=476 parity=18 k=3 neg=9 pos=11 root_lp=feasible margin=1.838e-01 block=0 nodes=82
OPEN support=479 parity=28 k=3 neg=11 pos=9 root_lp=infeasible margin=0.000e+00 block=2 nodes=483
OPEN support=476 parity=18 k=4 neg=9 pos=11 root_lp=feasible margin=1.866e-01 block=0 nodes=83
OPEN support=476 parity=18 k=4 neg=9 pos=11 root_lp=feasible margin=2.430e-01 block=0 nodes=30
OPEN support=473 parity=56 k=3 neg=11 pos=9 root_lp=infeasible margin=0.000e+00 block=2 nodes=483
OPEN support=475 parity=56 k=4 neg=11 pos=9 root_lp=infeasible margin=0.000e+00 block=2 nodes=484
OPEN support=476 parity=18 k=5 neg=9 pos=11 root_lp=feasible margin=2.430e-01 block=0 nodes=31
OPEN support=479 parity=28 k=3 neg=11 pos=9 root_lp=infeasible margin=0.000e+00 block=4 nodes=483
OPEN support=476 parity=18 k=4 neg=9 pos=11 root_lp=feasible margin=2.430e-01 block=0 nodes=30
OPEN support=476 parity=18 k=5 neg=9 pos=11 root_lp=feasible margin=2.430e-01 block=0 nodes=31
OPEN support=479 parity=28 k=4 neg=11 pos=9 root_lp=infeasible margin=0.000e+00 block=2 nodes=484
OPEN support=475 parity=56 k=5 neg=11 pos=9 root_lp=infeasible margin=0.000e+00 block=2 nodes=485
OPEN support=473 parity=56 k=4 neg=11 pos=9 root_lp=infeasible margin=0.000e+00 block=2 nodes=484
OPEN support=476 parity=18 k=5 neg=9 pos=11 root_lp=feasible margin=2.430e-01 block=0 nodes=20
OPEN support=476 parity=18 k=6 neg=9 pos=11 root_lp=feasible margin=2.430e-01 block=0 nodes=21
OPEN support=479 parity=28 k=2 neg=11 pos=9 root_lp=infeasible margin=0.000e+00 block=4 nodes=482
OPEN support=473 parity=56 k=4 neg=11 pos=9 root_lp=infeasible margin=0.000e+00 block=2 nodes=484
OPEN support=475 parity=56 k=5 neg=11 pos=9 root_lp=infeasible margin=0.000e+00 block=2 nodes=485
OPEN support=476 parity=21 k=2 neg=10 pos=10 root_lp=infeasible margin=0.000e+00 block=2 nodes=482
OPEN support=479 parity=28 k=3 neg=11 pos=9 root_lp=infeasible margin=0.000e+00 block=2 nodes=483
OPEN support=479 parity=28 k=3 neg=11 pos=9 root_lp=infeasible margin=0.000e+00 block=4 nodes=483
OPEN support=473 parity=56 k=5 neg=11 pos=9 root_lp=infeasible margin=0.000e+00 block=2 nodes=485
OPEN support=475 parity=56 k=6 neg=11 pos=9 root_lp=infeasible margin=0.000e+00 block=3 nodes=486
OPEN support=476 parity=21 k=3 neg=10 pos=10 root_lp=infeasible margin=0.000e+00 block=2 nodes=483
OPEN support=479 parity=28 k=4 neg=11 pos=9 root_lp=infeasible margin=0.000e+00 block=2 nodes=484
OPEN support=476 parity=21 k=3 neg=10 pos=10 root_lp=feasible margin=1.425e+00 block=0 nodes=82
OPEN support=475 parity=57 k=3 neg=11 pos=9 root_lp=infeasible margin=0.000e+00 block=2 nodes=483
OPEN support=473 parity=56 k=3 neg=11 pos=9 root_lp=infeasible margin=0.000e+00 block=2 nodes=483
OPEN support=476 parity=21 k=4 neg=10 pos=10 root_lp=feasible margin=1.458e+00 block=0 nodes=83
OPEN support=479 parity=28 k=3 neg=11 pos=9 root_lp=infeasible margin=0.000e+00 block=2 nodes=483
OPEN support=475 parity=57 k=4 neg=11 pos=9 root_lp=infeasible margin=0.000e+00 block=2 nodes=484
OPEN support=476 parity=21 k=3 neg=10 pos=10 root_lp=feasible margin=1.453e+00 block=0 nodes=82
OPEN support=473 parity=56 k=4 neg=11 pos=9 root_lp=infeasible margin=0.000e+00 block=2 nodes=484
OPEN support=479 parity=28 k=4 neg=11 pos=9 root_lp=infeasible margin=0.000e+00 block=2 nodes=484
OPEN support=475 parity=57 k=4 neg=11 pos=9 root_lp=infeasible margin=0.000e+00 block=2 nodes=484
OPEN support=476 parity=21 k=4 neg=10 pos=10 root_lp=feasible margin=1.466e+00 block=0 nodes=83
OPEN support=476 parity=21 k=4 neg=10 pos=10 root_lp=feasible margin=1.190e+00 block=0 nodes=30
OPEN support=479 parity=28 k=4 neg=11 pos=9 root_lp=infeasible margin=0.000e+00 block=2 nodes=484
OPEN support=473 parity=56 k=4 neg=11 pos=9 root_lp=infeasible margin=0.000e+00 block=2 nodes=484
OPEN support=475 parity=57 k=5 neg=11 pos=9 root_lp=infeasible margin=0.000e+00 block=2 nodes=485
OPEN support=476 parity=21 k=5 neg=10 pos=10 root_lp=feasible margin=1.190e+00 block=0 nodes=31
OPEN support=479 parity=28 k=5 neg=11 pos=9 root_lp=infeasible margin=0.000e+00 block=2 nodes=485
OPEN support=475 parity=57 k=2 neg=11 pos=9 root_lp=infeasible margin=0.000e+00 block=2 nodes=482
OPEN support=473 parity=56 k=5 neg=11 pos=9 root_lp=infeasible margin=0.000e+00 block=2 nodes=485
OPEN support=476 parity=21 k=3 neg=10 pos=10 root_lp=infeasible margin=0.000e+00 block=2 nodes=483
OPEN support=475 parity=57 k=3 neg=11 pos=9 root_lp=infeasible margin=0.000e+00 block=2 nodes=483
OPEN support=482 parity=9 k=2 neg=10 pos=10 root_lp=infeasible margin=0.000e+00 block=2 nodes=482
OPEN support=476 parity=21 k=4 neg=10 pos=10 root_lp=infeasible margin=0.000e+00 block=2 nodes=484
OPEN support=473 parity=56 k=4 neg=11 pos=9 root_lp=infeasible margin=0.000e+00 block=2 nodes=484
OPEN support=475 parity=57 k=3 neg=11 pos=9 root_lp=infeasible margin=0.000e+00 block=2 nodes=483
OPEN support=482 parity=9 k=3 neg=10 pos=10 root_lp=feasible margin=7.797e-02 block=0 nodes=94
OPEN support=476 parity=21 k=4 neg=10 pos=10 root_lp=feasible margin=1.458e+00 block=0 nodes=83
OPEN support=475 parity=57 k=4 neg=11 pos=9 root_lp=infeasible margin=0.000e+00 block=2 nodes=484
OPEN support=476 parity=21 k=5 neg=10 pos=10 root_lp=feasible margin=1.458e+00 block=0 nodes=84
OPEN support=473 parity=56 k=5 neg=11 pos=9 root_lp=infeasible margin=0.000e+00 block=2 nodes=485
OPEN support=482 parity=9 k=3 neg=10 pos=10 root_lp=feasible margin=5.307e-02 block=0 nodes=98
OPEN support=475 parity=57 k=3 neg=11 pos=9 root_lp=infeasible margin=0.000e+00 block=2 nodes=483
OPEN support=476 parity=21 k=4 neg=10 pos=10 root_lp=feasible margin=1.476e+00 block=0 nodes=83
OPEN support=482 parity=9 k=4 neg=10 pos=10 root_lp=feasible margin=6.359e-01 block=0 nodes=30
OPEN support=475 parity=57 k=4 neg=11 pos=9 root_lp=infeasible margin=0.000e+00 block=2 nodes=484
OPEN support=476 parity=21 k=5 neg=10 pos=10 root_lp=feasible margin=1.488e+00 block=0 nodes=84
OPEN support=473 parity=56 k=5 neg=11 pos=9 root_lp=infeasible margin=0.000e+00 block=2 nodes=485
OPEN support=482 parity=9 k=3 neg=10 pos=10 root_lp=feasible margin=5.307e-02 block=0 nodes=92
OPEN support=476 parity=21 k=5 neg=10 pos=10 root_lp=feasible margin=1.190e+00 block=0 nodes=31
OPEN support=475 parity=57 k=4 neg=11 pos=9 root_lp=infeasible margin=0.000e+00 block=2 nodes=484
OPEN support=482 parity=9 k=4 neg=10 pos=10 root_lp=feasible margin=9.661e-01 block=0 nodes=30
OPEN support=476 parity=21 k=6 neg=10 pos=10 root_lp=feasible margin=1.190e+00 block=0 nodes=32
OPEN support=482 parity=9 k=4 neg=10 pos=10 root_lp=feasible margin=8.927e-01 block=0 nodes=30
OPEN support=481 parity=34 k=3 neg=10 pos=10 root_lp=feasible margin=6.934e-02 block=0 nodes=1149
OPEN support=475 parity=57 k=5 neg=11 pos=9 root_lp=infeasible margin=0.000e+00 block=2 nodes=485
OPEN support=473 parity=56 k=6 neg=11 pos=9 root_lp=infeasible margin=0.000e+00 block=2 nodes=486
OPEN support=482 parity=9 k=5 neg=10 pos=10 root_lp=feasible margin=6.125e-01 block=0 nodes=20
OPEN support=482 parity=9 k=2 neg=10 pos=10 root_lp=infeasible margin=0.000e+00 block=2 nodes=482
OPEN support=475 parity=57 k=3 neg=11 pos=9 root_lp=infeasible margin=0.000e+00 block=2 nodes=483
OPEN support=482 parity=9 k=3 neg=10 pos=10 root_lp=infeasible margin=0.000e+00 block=2 nodes=483
OPEN support=483 parity=5 k=2 neg=11 pos=9 root_lp=infeasible margin=0.000e+00 block=4 nodes=482
OPEN support=475 parity=57 k=4 neg=11 pos=9 root_lp=infeasible margin=0.000e+00 block=2 nodes=484
OPEN support=482 parity=9 k=3 neg=10 pos=10 root_lp=feasible margin=1.072e-01 block=0 nodes=88
OPEN support=483 parity=5 k=3 neg=11 pos=9 root_lp=infeasible margin=0.000e+00 block=4 nodes=483
OPEN support=475 parity=57 k=4 neg=11 pos=9 root_lp=infeasible margin=0.000e+00 block=4 nodes=484
OPEN support=482 parity=9 k=4 neg=10 pos=10 root_lp=feasible margin=9.033e-02 block=0 nodes=87
OPEN support=483 parity=5 k=3 neg=11 pos=9 root_lp=infeasible margin=0.000e+00 block=4 nodes=483
OPEN support=481 parity=34 k=4 neg=10 pos=10 root_lp=feasible margin=1.260e+00 block=0 nodes=127
OPEN support=483 parity=5 k=4 neg=11 pos=9 root_lp=infeasible margin=0.000e+00 block=4 nodes=484
OPEN support=482 parity=9 k=3 neg=10 pos=10 root_lp=feasible margin=8.233e-02 block=0 nodes=88
OPEN support=475 parity=57 k=5 neg=11 pos=9 root_lp=infeasible margin=0.000e+00 block=2 nodes=485
OPEN support=476 parity=56 k=2 neg=11 pos=9 root_lp=infeasible margin=0.000e+00 block=2 nodes=482
OPEN support=475 parity=57 k=4 neg=11 pos=9 root_lp=infeasible margin=0.000e+00 block=2 nodes=484
OPEN support=483 parity=5 k=3 neg=11 pos=9 root_lp=infeasible margin=0.000e+00 block=4 nodes=483
OPEN support=482 parity=9 k=4 neg=10 pos=10 root_lp=feasible margin=6.543e-02 block=0 nodes=89
OPEN support=475 parity=57 k=5 neg=11 pos=9 root_lp=infeasible margin=0.000e+00 block=2 nodes=485
OPEN support=482 parity=9 k=4 neg=10 pos=10 root_lp=feasible margin=6.408e-01 block=0 nodes=30
OPEN support=476 parity=56 k=3 neg=11 pos=9 root_lp=infeasible margin=0.000e+00 block=2 nodes=483
OPEN support=483 parity=5 k=4 neg=11 pos=9 root_lp=infeasible margin=0.000e+00 block=4 nodes=484
OPEN support=482 parity=9 k=5 neg=10 pos=10 root_lp=feasible margin=6.443e-01 block=0 nodes=31
OPEN support=475 parity=57 k=5 neg=11 pos=9 root_lp=infeasible margin=0.000e+00 block=2 nodes=485
OPEN support=483 parity=5 k=4 neg=11 pos=9 root_lp=infeasible margin=0.000e+00 block=4 nodes=484
OPEN support=476 parity=56 k=3 neg=11 pos=9 root_lp=infeasible margin=0.000e+00 block=2 nodes=483
OPEN support=482 parity=9 k=3 neg=10 pos=10 root_lp=feasible margin=4.508e-02 block=0 nodes=86
OPEN support=475 parity=57 k=6 neg=11 pos=9 root_lp=infeasible margin=0.000e+00 block=2 nodes=486
OPEN support=483 parity=5 k=5 neg=11 pos=9 root_lp=infeasible margin=0.000e+00 block=4 nodes=485
OPEN support=482 parity=9 k=4 neg=10 pos=10 root_lp=feasible margin=3.955e-02 block=0 nodes=87
OPEN support=476 parity=56 k=4 neg=11 pos=9 root_lp=infeasible margin=0.000e+00 block=2 nodes=484
OPEN support=484 parity=10 k=3 neg=11 pos=9 root_lp=infeasible margin=0.000e+00 block=4 nodes=483
OPEN support=482 parity=9 k=4 neg=10 pos=10 root_lp=feasible margin=9.675e-01 block=0 nodes=30
OPEN support=481 parity=34 k=4 neg=10 pos=10 root_lp=feasible margin=1.214e+00 block=0 nodes=190
OPEN support=482 parity=9 k=5 neg=10 pos=10 root_lp=feasible margin=9.699e-01 block=0 nodes=31
OPEN support=476 parity=56 k=3 neg=11 pos=9 root_lp=infeasible margin=0.000e+00 block=2 nodes=483
OPEN support=484 parity=10 k=4 neg=11 pos=9 root_lp=infeasible margin=0.000e+00 block=4 nodes=484
OPEN support=483 parity=28 k=2 neg=11 pos=9 root_lp=infeasible margin=0.000e+00 block=4 nodes=482
OPEN support=482 parity=9 k=4 neg=10 pos=10 root_lp=feasible margin=8.919e-01 block=0 nodes=30
OPEN support=482 parity=9 k=5 neg=10 pos=10 root_lp=feasible margin=8.839e-01 block=0 nodes=31
OPEN support=476 parity=56 k=4 neg=11 pos=9 root_lp=infeasible margin=0.000e+00 block=2 nodes=484
OPEN support=481 parity=34 k=5 neg=10 pos=10 root_lp=feasible margin=6.418e-02 block=0 nodes=29
OPEN support=484 parity=10 k=4 neg=11 pos=9 root_lp=infeasible margin=0.000e+00 block=4 nodes=484
OPEN support=482 parity=9 k=5 neg=10 pos=10 root_lp=feasible margin=6.155e-01 block=0 nodes=20
OPEN support=483 parity=28 k=3 neg=11 pos=9 root_lp=infeasible margin=0.000e+00 block=4 nodes=483
OPEN support=482 parity=9 k=6 neg=10 pos=10 root_lp=feasible margin=6.136e-01 block=0 nodes=21
OPEN support=483 parity=28 k=3 neg=11 pos=9 root_lp=infeasible margin=0.000e+00 block=4 nodes=483
OPEN support=484 parity=10 k=5 neg=11 pos=9 root_lp=infeasible margin=0.000e+00 block=4 nodes=485
OPEN support=476 parity=56 k=4 neg=11 pos=9 root_lp=infeasible margin=0.000e+00 block=2 nodes=484
OPEN support=483 parity=28 k=4 neg=11 pos=9 root_lp=infeasible margin=0.000e+00 block=4 nodes=484
OPEN support=484 parity=10 k=2 neg=11 pos=9 root_lp=infeasible margin=0.000e+00 block=4 nodes=482
OPEN support=482 parity=11 k=2 neg=11 pos=9 root_lp=infeasible margin=0.000e+00 block=2 nodes=482
OPEN support=483 parity=28 k=3 neg=11 pos=9 root_lp=infeasible margin=0.000e+00 block=4 nodes=483
OPEN support=476 parity=56 k=5 neg=11 pos=9 root_lp=infeasible margin=0.000e+00 block=2 nodes=485
OPEN support=484 parity=10 k=3 neg=11 pos=9 root_lp=infeasible margin=0.000e+00 block=4 nodes=483
OPEN support=482 parity=11 k=3 neg=11 pos=9 root_lp=infeasible margin=0.000e+00 block=2 nodes=483
OPEN support=484 parity=10 k=3 neg=11 pos=9 root_lp=infeasible margin=0.000e+00 block=4 nodes=483
OPEN support=481 parity=34 k=4 neg=10 pos=10 root_lp=feasible margin=1.363e+00 block=0 nodes=109
OPEN support=483 parity=28 k=4 neg=11 pos=9 root_lp=infeasible margin=0.000e+00 block=4 nodes=484
OPEN support=476 parity=56 k=2 neg=11 pos=9 root_lp=infeasible margin=0.000e+00 block=2 nodes=482
OPEN support=482 parity=11 k=3 neg=11 pos=9 root_lp=infeasible margin=0.000e+00 block=2 nodes=483
OPEN support=484 parity=10 k=4 neg=11 pos=9 root_lp=infeasible margin=0.000e+00 block=4 nodes=484
OPEN support=483 parity=28 k=4 neg=11 pos=9 root_lp=infeasible margin=0.000e+00 block=4 nodes=484
OPEN support=481 parity=34 k=5 neg=10 pos=10 root_lp=feasible margin=6.418e-02 block=0 nodes=19
OPEN support=482 parity=11 k=4 neg=11 pos=9 root_lp=infeasible margin=0.000e+00 block=2 nodes=484
OPEN support=483 parity=28 k=5 neg=11 pos=9 root_lp=infeasible margin=0.000e+00 block=4 nodes=485
OPEN support=476 parity=56 k=3 neg=11 pos=9 root_lp=infeasible margin=0.000e+00 block=2 nodes=483
OPEN support=484 parity=10 k=3 neg=11 pos=9 root_lp=infeasible margin=0.000e+00 block=4 nodes=483
OPEN support=481 parity=34 k=5 neg=10 pos=10 root_lp=feasible margin=4.299e-02 block=0 nodes=13
OPEN support=484 parity=10 k=4 neg=11 pos=9 root_lp=infeasible margin=0.000e+00 block=4 nodes=484
OPEN support=482 parity=11 k=3 neg=11 pos=9 root_lp=infeasible margin=0.000e+00 block=2 nodes=483
OPEN support=485 parity=9 k=2 neg=10 pos=10 root_lp=infeasible margin=0.000e+00 block=2 nodes=482
OPEN support=476 parity=56 k=3 neg=11 pos=9 root_lp=infeasible margin=0.000e+00 block=2 nodes=483
OPEN support=481 parity=34 k=6 neg=10 pos=10 root_lp=feasible margin=6.418e-02 block=0 nodes=19
OPEN support=484 parity=10 k=4 neg=11 pos=9 root_lp=infeasible margin=0.000e+00 block=4 nodes=484
OPEN support=485 parity=9 k=3 neg=10 pos=10 root_lp=infeasible margin=0.000e+00 block=2 nodes=483
OPEN support=482 parity=11 k=4 neg=11 pos=9 root_lp=infeasible margin=0.000e+00 block=2 nodes=484
OPEN support=476 parity=56 k=4 neg=11 pos=9 root_lp=infeasible margin=0.000e+00 block=2 nodes=484
OPEN support=484 parity=10 k=5 neg=11 pos=9 root_lp=infeasible margin=0.000e+00 block=4 nodes=485
OPEN support=482 parity=11 k=4 neg=11 pos=9 root_lp=infeasible margin=0.000e+00 block=2 nodes=484
OPEN support=481 parity=56 k=2 neg=11 pos=9 root_lp=infeasible margin=0.000e+00 block=2 nodes=482
OPEN support=485 parity=9 k=3 neg=10 pos=10 root_lp=feasible margin=2.429e-02 block=0 nodes=114
OPEN support=476 parity=56 k=3 neg=11 pos=9 root_lp=infeasible margin=0.000e+00 block=2 nodes=483
OPEN support=482 parity=11 k=5 neg=11 pos=9 root_lp=infeasible margin=0.000e+00 block=2 nodes=485
OPEN support=484 parity=10 k=3 neg=11 pos=9 root_lp=infeasible margin=0.000e+00 block=4 nodes=483
OPEN support=481 parity=56 k=3 neg=11 pos=9 root_lp=infeasible margin=0.000e+00 block=4 nodes=483
OPEN support=485 parity=9 k=4 neg=10 pos=10 root_lp=feasible margin=1.046e-01 block=0 nodes=105
OPEN support=476 parity=56 k=4 neg=11 pos=9 root_lp=infeasible margin=0.000e+00 block=2 nodes=484
OPEN support=484 parity=10 k=4 neg=11 pos=9 root_lp=infeasible margin=0.000e+00 block=4 nodes=484
OPEN support=482 parity=11 k=2 neg=11 pos=9 root_lp=infeasible margin=0.000e+00 block=2 nodes=482
OPEN support=485 parity=9 k=3 neg=10 pos=10 root_lp=feasible margin=2.429e-02 block=0 nodes=108
OPEN support=481 parity=56 k=3 neg=11 pos=9 root_lp=infeasible margin=0.000e+00 block=2 nodes=483
OPEN support=476 parity=56 k=4 neg=11 pos=9 root_lp=infeasible margin=0.000e+00 block=2 nodes=484
OPEN support=484 parity=10 k=4 neg=11 pos=9 root_lp=infeasible margin=0.000e+00 block=4 nodes=484
OPEN support=485 parity=9 k=4 neg=10 pos=10 root_lp=feasible margin=1.046e-01 block=0 nodes=101
OPEN support=482 parity=11 k=3 neg=11 pos=9 root_lp=infeasible margin=0.000e+00 block=2 nodes=483
OPEN support=481 parity=56 k=4 neg=11 pos=9 root_lp=infeasible margin=0.000e+00 block=2 nodes=484
OPEN support=484 parity=10 k=5 neg=11 pos=9 root_lp=infeasible margin=0.000e+00 block=4 nodes=485
OPEN support=485 parity=9 k=4 neg=10 pos=10 root_lp=feasible margin=8.913e-01 block=0 nodes=30
OPEN support=476 parity=56 k=5 neg=11 pos=9 root_lp=infeasible margin=0.000e+00 block=2 nodes=485
OPEN support=481 parity=56 k=3 neg=11 pos=9 root_lp=infeasible margin=0.000e+00 block=2 nodes=483
OPEN support=485 parity=9 k=5 neg=10 pos=10 root_lp=feasible margin=9.168e-01 block=0 nodes=31
OPEN support=482 parity=11 k=3 neg=11 pos=9 root_lp=infeasible margin=0.000e+00 block=2 nodes=483
OPEN support=484 parity=10 k=4 neg=11 pos=9 root_lp=infeasible margin=0.000e+00 block=4 nodes=484
OPEN support=481 parity=56 k=4 neg=11 pos=9 root_lp=infeasible margin=0.000e+00 block=2 nodes=484
OPEN support=485 parity=9 k=2 neg=10 pos=10 root_lp=infeasible margin=0.000e+00 block=2 nodes=482
OPEN support=476 parity=56 k=3 neg=11 pos=9 root_lp=infeasible margin=0.000e+00 block=2 nodes=483
OPEN support=481 parity=56 k=4 neg=11 pos=9 root_lp=infeasible margin=0.000e+00 block=2 nodes=484
OPEN support=484 parity=10 k=5 neg=11 pos=9 root_lp=infeasible margin=0.000e+00 block=4 nodes=485
OPEN support=485 parity=9 k=3 neg=10 pos=10 root_lp=infeasible margin=0.000e+00 block=2 nodes=483
OPEN support=482 parity=11 k=4 neg=11 pos=9 root_lp=infeasible margin=0.000e+00 block=2 nodes=484
OPEN support=481 parity=56 k=5 neg=11 pos=9 root_lp=infeasible margin=0.000e+00 block=4 nodes=485
OPEN support=476 parity=56 k=4 neg=11 pos=9 root_lp=infeasible margin=0.000e+00 block=2 nodes=484
OPEN support=485 parity=9 k=3 neg=10 pos=10 root_lp=infeasible margin=0.000e+00 block=2 nodes=483
OPEN support=484 parity=10 k=5 neg=11 pos=9 root_lp=infeasible margin=0.000e+00 block=4 nodes=485
OPEN support=482 parity=11 k=3 neg=11 pos=9 root_lp=infeasible margin=0.000e+00 block=2 nodes=483
OPEN support=481 parity=56 k=3 neg=11 pos=9 root_lp=infeasible margin=0.000e+00 block=2 nodes=483
OPEN support=485 parity=9 k=4 neg=10 pos=10 root_lp=infeasible margin=0.000e+00 block=2 nodes=484
OPEN support=484 parity=10 k=6 neg=11 pos=9 root_lp=infeasible margin=0.000e+00 block=4 nodes=486
OPEN support=476 parity=56 k=4 neg=11 pos=9 root_lp=infeasible margin=0.000e+00 block=2 nodes=484
OPEN support=482 parity=11 k=4 neg=11 pos=9 root_lp=infeasible margin=0.000e+00 block=2 nodes=484
OPEN support=481 parity=56 k=4 neg=11 pos=9 root_lp=infeasible margin=0.000e+00 block=2 nodes=484
OPEN support=485 parity=9 k=3 neg=10 pos=10 root_lp=feasible margin=5.356e-02 block=0 nodes=104
OPEN support=482 parity=11 k=4 neg=11 pos=9 root_lp=infeasible margin=0.000e+00 block=2 nodes=484
OPEN support=484 parity=11 k=3 neg=11 pos=9 root_lp=infeasible margin=0.000e+00 block=2 nodes=483
OPEN support=476 parity=56 k=5 neg=11 pos=9 root_lp=infeasible margin=0.000e+00 block=2 nodes=485
OPEN support=482 parity=11 k=5 neg=11 pos=9 root_lp=infeasible margin=0.000e+00 block=2 nodes=485
OPEN support=481 parity=56 k=4 neg=11 pos=9 root_lp=infeasible margin=0.000e+00 block=2 nodes=484
OPEN support=485 parity=9 k=4 neg=10 pos=10 root_lp=feasible margin=3.665e-02 block=0 nodes=101
OPEN support=484 parity=11 k=4 neg=11 pos=9 root_lp=infeasible margin=0.000e+00 block=2 nodes=484
OPEN support=476 parity=56 k=4 neg=11 pos=9 root_lp=infeasible margin=0.000e+00 block=2 nodes=484
OPEN support=482 parity=11 k=3 neg=11 pos=9 root_lp=infeasible margin=0.000e+00 block=2 nodes=483
OPEN support=485 parity=9 k=4 neg=10 pos=10 root_lp=feasible margin=1.339e-01 block=0 nodes=97
OPEN support=481 parity=56 k=5 neg=11 pos=9 root_lp=infeasible margin=0.000e+00 block=2 nodes=485
OPEN support=484 parity=11 k=4 neg=11 pos=9 root_lp=infeasible margin=0.000e+00 block=2 nodes=484
OPEN support=476 parity=56 k=5 neg=11 pos=9 root_lp=infeasible margin=0.000e+00 block=2 nodes=485
OPEN support=481 parity=56 k=4 neg=11 pos=9 root_lp=infeasible margin=0.000e+00 block=4 nodes=484
OPEN support=482 parity=11 k=4 neg=11 pos=9 root_lp=infeasible margin=0.000e+00 block=2 nodes=484
OPEN support=485 parity=9 k=5 neg=10 pos=10 root_lp=feasible margin=1.170e-01 block=0 nodes=96
OPEN support=481 parity=56 k=5 neg=11 pos=9 root_lp=infeasible margin=0.000e+00 block=4 nodes=485
OPEN support=484 parity=11 k=5 neg=11 pos=9 root_lp=infeasible margin=0.000e+00 block=2 nodes=485
OPEN support=476 parity=56 k=5 neg=11 pos=9 root_lp=infeasible margin=0.000e+00 block=2 nodes=485
OPEN support=481 parity=56 k=5 neg=11 pos=9 root_lp=infeasible margin=0.000e+00 block=2 nodes=485
OPEN support=484 parity=11 k=2 neg=11 pos=9 root_lp=infeasible margin=0.000e+00 block=2 nodes=482
OPEN support=485 parity=9 k=3 neg=10 pos=10 root_lp=feasible margin=5.356e-02 block=0 nodes=100
OPEN support=482 parity=11 k=4 neg=11 pos=9 root_lp=infeasible margin=0.000e+00 block=2 nodes=484
OPEN support=481 parity=56 k=6 neg=11 pos=9 root_lp=infeasible margin=0.000e+00 block=4 nodes=486
OPEN support=484 parity=11 k=3 neg=11 pos=9 root_lp=infeasible margin=0.000e+00 block=2 nodes=483
OPEN support=476 parity=56 k=6 neg=11 pos=9 root_lp=infeasible margin=0.000e+00 block=2 nodes=486
OPEN support=485 parity=9 k=4 neg=10 pos=10 root_lp=feasible margin=3.665e-02 block=0 nodes=99
OPEN support=482 parity=11 k=5 neg=11 pos=9 root_lp=infeasible margin=0.000e+00 block=2 nodes=485
OPEN support=484 parity=11 k=3 neg=11 pos=9 root_lp=infeasible margin=0.000e+00 block=2 nodes=483
OPEN support=481 parity=57 k=2 neg=11 pos=9 root_lp=infeasible margin=0.000e+00 block=2 nodes=482
OPEN support=476 parity=59 k=2 neg=10 pos=10 root_lp=infeasible margin=0.000e+00 block=2 nodes=482
OPEN support=482 parity=11 k=4 neg=11 pos=9 root_lp=infeasible margin=0.000e+00 block=2 nodes=484
OPEN support=484 parity=11 k=4 neg=11 pos=9 root_lp=infeasible margin=0.000e+00 block=2 nodes=484
OPEN support=485 parity=9 k=4 neg=10 pos=10 root_lp=feasible margin=1.339e-01 block=0 nodes=93
OPEN support=481 parity=57 k=3 neg=11 pos=9 root_lp=infeasible margin=0.000e+00 block=2 nodes=483
OPEN support=476 parity=59 k=3 neg=10 pos=10 root_lp=infeasible margin=0.000e+00 block=2 nodes=483
OPEN support=482 parity=11 k=5 neg=11 pos=9 root_lp=infeasible margin=0.000e+00 block=2 nodes=485
OPEN support=481 parity=57 k=3 neg=11 pos=9 root_lp=infeasible margin=0.000e+00 block=2 nodes=483
OPEN support=485 parity=9 k=5 neg=10 pos=10 root_lp=feasible margin=1.170e-01 block=0 nodes=92
OPEN support=484 parity=11 k=3 neg=11 pos=9 root_lp=infeasible margin=0.000e+00 block=2 nodes=483
OPEN support=476 parity=59 k=3 neg=10 pos=10 root_lp=feasible margin=1.410e+00 block=0 nodes=82
OPEN support=482 parity=11 k=5 neg=11 pos=9 root_lp=infeasible margin=0.000e+00 block=2 nodes=485
OPEN support=485 parity=9 k=4 neg=10 pos=10 root_lp=feasible margin=9.042e-01 block=0 nodes=30
OPEN support=485 parity=9 k=5 neg=10 pos=10 root_lp=feasible margin=9.001e-01 block=0 nodes=31
OPEN support=481 parity=57 k=4 neg=11 pos=9 root_lp=infeasible margin=0.000e+00 block=2 nodes=484
OPEN support=482 parity=11 k=6 neg=11 pos=9 root_lp=infeasible margin=0.000e+00 block=2 nodes=486
OPEN support=484 parity=11 k=4 neg=11 pos=9 root_lp=infeasible margin=0.000e+00 block=2 nodes=484
OPEN support=476 parity=59 k=4 neg=10 pos=10 root_lp=feasible margin=1.532e+00 block=0 nodes=83
OPEN support=485 parity=9 k=5 neg=10 pos=10 root_lp=feasible margin=9.124e-01 block=0 nodes=31
OPEN support=485 parity=9 k=6 neg=10 pos=10 root_lp=feasible margin=9.103e-01 block=0 nodes=32
OPEN support=481 parity=57 k=3 neg=11 pos=9 root_lp=infeasible margin=0.000e+00 block=2 nodes=483
OPEN support=476 parity=59 k=3 neg=10 pos=10 root_lp=feasible margin=1.273e-01 block=0 nodes=90
OPEN support=484 parity=11 k=4 neg=11 pos=9 root_lp=infeasible margin=0.000e+00 block=2 nodes=484
OPEN support=485 parity=10 k=2 neg=11 pos=9 root_lp=infeasible margin=0.000e+00 block=2 nodes=482
OPEN support=481 parity=57 k=4 neg=11 pos=9 root_lp=infeasible margin=0.000e+00 block=2 nodes=484
OPEN support=476 parity=59 k=4 neg=10 pos=10 root_lp=feasible margin=9.084e-03 block=0 nodes=87
OPEN support=485 parity=10 k=3 neg=11 pos=9 root_lp=infeasible margin=0.000e+00 block=2 nodes=483
OPEN support=484 parity=11 k=5 neg=11 pos=9 root_lp=infeasible margin=0.000e+00 block=2 nodes=485
OPEN support=476 parity=59 k=4 neg=10 pos=10 root_lp=feasible margin=1.248e+00 block=0 nodes=30
OPEN support=481 parity=57 k=4 neg=11 pos=9 root_lp=infeasible margin=0.000e+00 block=2 nodes=484
OPEN support=485 parity=10 k=3 neg=11 pos=9 root_lp=infeasible margin=0.000e+00 block=2 nodes=483
OPEN support=476 parity=59 k=5 neg=10 pos=10 root_lp=feasible margin=1.259e+00 block=0 nodes=31
OPEN support=484 parity=11 k=3 neg=11 pos=9 root_lp=infeasible margin=0.000e+00 block=2 nodes=483
OPEN support=476 parity=59 k=2 neg=10 pos=10 root_lp=infeasible margin=0.000e+00 block=2 nodes=482
OPEN support=485 parity=10 k=4 neg=11 pos=9 root_lp=infeasible margin=0.000e+00 block=2 nodes=484
OPEN support=481 parity=57 k=5 neg=11 pos=9 root_lp=infeasible margin=0.000e+00 block=2 nodes=485
OPEN support=484 parity=11 k=4 neg=11 pos=9 root_lp=infeasible margin=0.000e+00 block=2 nodes=484
OPEN support=476 parity=59 k=3 neg=10 pos=10 root_lp=infeasible margin=0.000e+00 block=2 nodes=483
OPEN support=485 parity=10 k=3 neg=11 pos=9 root_lp=infeasible margin=0.000e+00 block=2 nodes=483
OPEN support=481 parity=57 k=3 neg=11 pos=9 root_lp=infeasible margin=0.000e+00 block=2 nodes=483
OPEN support=476 parity=59 k=3 neg=10 pos=10 root_lp=infeasible margin=0.000e+00 block=2 nodes=483
OPEN support=484 parity=11 k=4 neg=11 pos=9 root_lp=infeasible margin=0.000e+00 block=2 nodes=484
OPEN support=476 parity=59 k=4 neg=10 pos=10 root_lp=infeasible margin=0.000e+00 block=2 nodes=484
OPEN support=485 parity=10 k=4 neg=11 pos=9 root_lp=infeasible margin=0.000e+00 block=2 nodes=484
OPEN support=481 parity=57 k=4 neg=11 pos=9 root_lp=infeasible margin=0.000e+00 block=2 nodes=484
OPEN support=484 parity=11 k=5 neg=11 pos=9 root_lp=infeasible margin=0.000e+00 block=4 nodes=485
OPEN support=485 parity=10 k=4 neg=11 pos=9 root_lp=infeasible margin=0.000e+00 block=2 nodes=484
OPEN support=476 parity=59 k=3 neg=10 pos=10 root_lp=feasible margin=1.477e+00 block=0 nodes=82
OPEN support=481 parity=57 k=4 neg=11 pos=9 root_lp=infeasible margin=0.000e+00 block=2 nodes=484
OPEN support=482 parity=52 k=2 neg=10 pos=10 root_lp=infeasible margin=0.000e+00 block=2 nodes=482
OPEN support=485 parity=10 k=5 neg=11 pos=9 root_lp=infeasible margin=0.000e+00 block=2 nodes=485
OPEN support=476 parity=59 k=4 neg=10 pos=10 root_lp=feasible margin=1.595e+00 block=0 nodes=83
OPEN support=484 parity=11 k=4 neg=11 pos=9 root_lp=infeasible margin=0.000e+00 block=2 nodes=484
OPEN support=481 parity=57 k=5 neg=11 pos=9 root_lp=infeasible margin=0.000e+00 block=2 nodes=485
OPEN support=482 parity=52 k=3 neg=10 pos=10 root_lp=feasible margin=1.722e+00 block=0 nodes=82
OPEN support=485 parity=10 k=2 neg=11 pos=9 root_lp=infeasible margin=0.000e+00 block=2 nodes=482
OPEN support=476 parity=59 k=4 neg=10 pos=10 root_lp=feasible margin=1.593e+00 block=0 nodes=83
OPEN support=481 parity=57 k=4 neg=11 pos=9 root_lp=infeasible margin=0.000e+00 block=2 nodes=484
OPEN support=484 parity=11 k=5 neg=11 pos=9 root_lp=infeasible margin=0.000e+00 block=2 nodes=485
OPEN support=482 parity=52 k=3 neg=10 pos=10 root_lp=infeasible margin=0.000e+00 block=2 nodes=483
OPEN support=485 parity=10 k=3 neg=11 pos=9 root_lp=infeasible margin=0.000e+00 block=2 nodes=483
OPEN support=476 parity=59 k=5 neg=10 pos=10 root_lp=feasible margin=1.642e+00 block=0 nodes=84
OPEN support=482 parity=52 k=4 neg=10 pos=10 root_lp=feasible margin=1.737e+00 block=0 nodes=83
OPEN support=485 parity=10 k=3 neg=11 pos=9 root_lp=infeasible margin=0.000e+00 block=2 nodes=483
OPEN support=481 parity=57 k=5 neg=11 pos=9 root_lp=infeasible margin=0.000e+00 block=2 nodes=485
OPEN support=484 parity=11 k=5 neg=11 pos=9 root_lp=infeasible margin=0.000e+00 block=2 nodes=485
OPEN support=482 parity=52 k=3 neg=10 pos=10 root_lp=feasible margin=1.502e+00 block=0 nodes=82
OPEN support=476 parity=59 k=3 neg=10 pos=10 root_lp=feasible margin=1.019e-01 block=0 nodes=86
OPEN support=485 parity=10 k=4 neg=11 pos=9 root_lp=infeasible margin=0.000e+00 block=2 nodes=484
OPEN support=482 parity=52 k=4 neg=10 pos=10 root_lp=feasible margin=1.580e+00 block=0 nodes=30
OPEN support=481 parity=57 k=5 neg=11 pos=9 root_lp=infeasible margin=0.000e+00 block=2 nodes=485
OPEN support=484 parity=11 k=6 neg=11 pos=9 root_lp=infeasible margin=0.000e+00 block=3 nodes=486
OPEN support=482 parity=52 k=4 neg=10 pos=10 root_lp=feasible margin=1.535e+00 block=0 nodes=83
OPEN support=476 parity=59 k=4 neg=10 pos=10 root_lp=feasible margin=1.697e-01 block=0 nodes=83
OPEN support=485 parity=10 k=3 neg=11 pos=9 root_lp=infeasible margin=0.000e+00 block=2 nodes=483
OPEN support=482 parity=52 k=5 neg=10 pos=10 root_lp=feasible margin=1.574e+00 block=0 nodes=31
OPEN support=481 parity=57 k=6 neg=11 pos=9 root_lp=infeasible margin=0.000e+00 block=2 nodes=486
OPEN support=485 parity=10 k=4 neg=11 pos=9 root_lp=infeasible margin=0.000e+00 block=2 nodes=484
OPEN support=476 parity=59 k=4 neg=10 pos=10 root_lp=feasible margin=2.816e-01 block=0 nodes=83
OPEN support=482 parity=52 k=3 neg=10 pos=10 root_lp=infeasible margin=0.000e+00 block=2 nodes=483
OPEN support=485 parity=10 k=4 neg=11 pos=9 root_lp=infeasible margin=0.000e+00 block=2 nodes=484
OPEN support=476 parity=59 k=5 neg=10 pos=10 root_lp=feasible margin=3.906e-01 block=0 nodes=84
OPEN support=482 parity=52 k=4 neg=10 pos=10 root_lp=feasible margin=1.723e+00 block=0 nodes=83
OPEN support=476 parity=59 k=4 neg=10 pos=10 root_lp=feasible margin=1.230e+00 block=0 nodes=30
OPEN support=485 parity=10 k=5 neg=11 pos=9 root_lp=infeasible margin=0.000e+00 block=2 nodes=485
OPEN support=481 parity=59 k=2 neg=10 pos=10 root_lp=infeasible margin=0.000e+00 block=2 nodes=482
OPEN support=476 parity=59 k=5 neg=10 pos=10 root_lp=feasible margin=1.236e+00 block=0 nodes=31
OPEN support=482 parity=52 k=4 neg=10 pos=10 root_lp=infeasible margin=0.000e+00 block=2 nodes=484
OPEN support=476 parity=59 k=5 neg=10 pos=10 root_lp=feasible margin=1.244e+00 block=0 nodes=31
OPEN support=485 parity=10 k=3 neg=11 pos=9 root_lp=infeasible margin=0.000e+00 block=2 nodes=483
OPEN support=481 parity=59 k=3 neg=10 pos=10 root_lp=infeasible margin=0.000e+00 block=2 nodes=483
OPEN support=482 parity=52 k=5 neg=10 pos=10 root_lp=feasible margin=1.737e+00 block=0 nodes=84
OPEN support=476 parity=59 k=6 neg=10 pos=10 root_lp=feasible margin=1.248e+00 block=0 nodes=32
OPEN support=481 parity=59 k=3 neg=10 pos=10 root_lp=feasible margin=9.781e-01 block=0 nodes=82
OPEN support=488 parity=3 k=1 neg=9 pos=12 root_lp=infeasible margin=0.000e+00 block=1 nodes=2
OPEN support=488 parity=3 k=1 neg=9 pos=12 root_lp=infeasible margin=0.000e+00 block=1 nodes=2
OPEN support=488 parity=3 k=2 neg=9 pos=12 root_lp=infeasible margin=0.000e+00 block=1 nodes=3
OPEN support=491 parity=7 k=1 neg=10 pos=10 root_lp=infeasible margin=0.000e+00 block=1 nodes=2
OPEN support=482 parity=52 k=4 neg=10 pos=10 root_lp=feasible margin=1.525e+00 block=0 nodes=83
OPEN support=491 parity=7 k=1 neg=10 pos=10 root_lp=infeasible margin=0.000e+00 block=1 nodes=2
OPEN support=485 parity=10 k=4 neg=11 pos=9 root_lp=infeasible margin=0.000e+00 block=2 nodes=484
OPEN support=492 parity=3 k=1 neg=8 pos=12 root_lp=infeasible margin=0.000e+00 block=1 nodes=2
OPEN support=493 parity=6 k=1 neg=8 pos=12 root_lp=infeasible margin=0.000e+00 block=1 nodes=2
OPEN support=493 parity=7 k=1 neg=8 pos=12 root_lp=infeasible margin=0.000e+00 block=1 nodes=2
OPEN support=493 parity=7 k=1 neg=8 pos=12 root_lp=infeasible margin=0.000e+00 block=1 nodes=2
OPEN support=482 parity=52 k=5 neg=10 pos=10 root_lp=feasible margin=1.583e+00 block=0 nodes=31
OPEN support=494 parity=6 k=1 neg=8 pos=12 root_lp=infeasible margin=0.000e+00 block=1 nodes=2
OPEN support=481 parity=59 k=4 neg=10 pos=10 root_lp=feasible margin=1.094e+00 block=0 nodes=83
OPEN support=495 parity=1 k=1 neg=9 pos=12 root_lp=infeasible margin=0.000e+00 block=1 nodes=2
OPEN support=497 parity=7 k=1 neg=8 pos=13 root_lp=infeasible margin=0.000e+00 block=1 nodes=2
OPEN support=485 parity=10 k=4 neg=11 pos=9 root_lp=infeasible margin=0.000e+00 block=2 nodes=484
OPEN support=482 parity=52 k=5 neg=10 pos=10 root_lp=feasible margin=1.558e+00 block=0 nodes=84
OPEN support=484 parity=56 k=3 neg=11 pos=9 root_lp=infeasible margin=0.000e+00 block=4 nodes=483
OPEN support=481 parity=59 k=3 neg=10 pos=10 root_lp=feasible margin=1.560e+00 block=0 nodes=82
OPEN support=482 parity=52 k=6 neg=10 pos=10 root_lp=feasible margin=1.577e+00 block=0 nodes=32
OPEN support=484 parity=56 k=4 neg=11 pos=9 root_lp=infeasible margin=0.000e+00 block=4 nodes=484
OPEN support=485 parity=10 k=5 neg=11 pos=9 root_lp=infeasible margin=0.000e+00 block=2 nodes=485
OPEN support=504 parity=3 k=1 neg=9 pos=12 root_lp=infeasible margin=0.000e+00 block=1 nodes=2
OPEN support=505 parity=7 k=1 neg=9 pos=12 root_lp=infeasible margin=0.000e+00 block=1 nodes=2
OPEN support=481 parity=59 k=4 neg=10 pos=10 root_lp=feasible margin=1.613e+00 block=0 nodes=83
OPEN support=481 parity=59 k=4 neg=10 pos=10 root_lp=feasible margin=1.126e+00 block=0 nodes=30
OPEN support=482 parity=56 k=2 neg=11 pos=9 root_lp=infeasible margin=0.000e+00 block=2 nodes=482
OPEN support=485 parity=10 k=4 neg=11 pos=9 root_lp=infeasible margin=0.000e+00 block=2 nodes=484
OPEN support=484 parity=56 k=4 neg=11 pos=9 root_lp=infeasible margin=0.000e+00 block=4 nodes=484
OPEN support=481 parity=59 k=5 neg=10 pos=10 root_lp=feasible margin=1.132e+00 block=0 nodes=31
OPEN support=485 parity=10 k=5 neg=11 pos=9 root_lp=infeasible margin=0.000e+00 block=2 nodes=485
OPEN support=513 parity=1 k=1 neg=10 pos=11 root_lp=infeasible margin=0.000e+00 block=1 nodes=2
OPEN support=484 parity=56 k=5 neg=11 pos=9 root_lp=infeasible margin=0.000e+00 block=4 nodes=485
OPEN support=481 parity=59 k=3 neg=10 pos=10 root_lp=feasible margin=1.348e+00 block=0 nodes=82
OPEN support=514 parity=3 k=1 neg=10 pos=11 root_lp=infeasible margin=0.000e+00 block=1 nodes=2
OPEN support=482 parity=56 k=3 neg=11 pos=9 root_lp=infeasible margin=0.000e+00 block=2 nodes=483
OPEN support=485 parity=10 k=5 neg=11 pos=9 root_lp=infeasible margin=0.000e+00 block=2 nodes=485
OPEN support=482 parity=56 k=3 neg=11 pos=9 root_lp=infeasible margin=0.000e+00 block=2 nodes=483
OPEN support=481 parity=59 k=4 neg=10 pos=10 root_lp=feasible margin=1.440e+00 block=0 nodes=83
OPEN support=515 parity=2 k=2 neg=10 pos=11 root_lp=infeasible margin=0.000e+00 block=4 nodes=482
OPEN support=484 parity=56 k=2 neg=11 pos=9 root_lp=infeasible margin=0.000e+00 block=4 nodes=482
OPEN support=482 parity=56 k=4 neg=11 pos=9 root_lp=infeasible margin=0.000e+00 block=2 nodes=484
OPEN support=481 parity=59 k=4 neg=10 pos=10 root_lp=feasible margin=1.017e+00 block=0 nodes=30
OPEN support=485 parity=10 k=6 neg=11 pos=9 root_lp=infeasible margin=0.000e+00 block=2 nodes=486
OPEN support=481 parity=59 k=5 neg=10 pos=10 root_lp=feasible margin=1.019e+00 block=0 nodes=31
OPEN support=515 parity=2 k=3 neg=10 pos=11 root_lp=feasible margin=4.531e-02 block=0 nodes=154
OPEN support=484 parity=56 k=3 neg=11 pos=9 root_lp=infeasible margin=0.000e+00 block=4 nodes=483
OPEN support=481 parity=59 k=4 neg=10 pos=10 root_lp=feasible margin=1.417e+00 block=0 nodes=30
OPEN support=482 parity=56 k=3 neg=11 pos=9 root_lp=infeasible margin=0.000e+00 block=2 nodes=483
OPEN support=516 parity=3 k=1 neg=12 pos=8 root_lp=infeasible margin=0.000e+00 block=4 nodes=481
OPEN support=481 parity=59 k=5 neg=10 pos=10 root_lp=feasible margin=1.417e+00 block=0 nodes=31
OPEN support=517 parity=7 k=1 neg=10 pos=10 root_lp=infeasible margin=0.000e+00 block=4 nodes=481
OPEN support=481 parity=59 k=5 neg=10 pos=10 root_lp=feasible margin=1.011e+00 block=0 nodes=20
OPEN support=484 parity=56 k=3 neg=11 pos=9 root_lp=infeasible margin=0.000e+00 block=4 nodes=483
OPEN support=485 parity=18 k=2 neg=9 pos=11 root_lp=feasible margin=1.523e-01 block=0 nodes=81
OPEN support=518 parity=6 k=1 neg=12 pos=8 root_lp=infeasible margin=0.000e+00 block=2 nodes=481
OPEN support=481 parity=59 k=6 neg=10 pos=10 root_lp=feasible margin=1.012e+00 block=0 nodes=21
OPEN support=482 parity=56 k=4 neg=11 pos=9 root_lp=infeasible margin=0.000e+00 block=2 nodes=484
OPEN support=485 parity=18 k=3 neg=9 pos=11 root_lp=feasible margin=1.554e-01 block=0 nodes=82
OPEN support=518 parity=6 k=2 neg=12 pos=8 root_lp=infeasible margin=0.000e+00 block=2 nodes=482
OPEN support=485 parity=18 k=3 neg=9 pos=11 root_lp=feasible margin=2.405e-01 block=0 nodes=29
OPEN support=482 parity=56 k=4 neg=11 pos=9 root_lp=infeasible margin=0.000e+00 block=2 nodes=484
OPEN support=484 parity=56 k=4 neg=11 pos=9 root_lp=infeasible margin=0.000e+00 block=4 nodes=484
OPEN support=485 parity=18 k=4 neg=9 pos=11 root_lp=feasible margin=2.430e-01 block=0 nodes=30
OPEN support=518 parity=6 k=3 neg=12 pos=8 root_lp=infeasible margin=0.000e+00 block=2 nodes=483
OPEN support=482 parity=56 k=5 neg=11 pos=9 root_lp=infeasible margin=0.000e+00 block=2 nodes=485
OPEN support=485 parity=18 k=3 neg=9 pos=11 root_lp=feasible margin=2.074e-01 block=0 nodes=29
OPEN support=484 parity=56 k=3 neg=11 pos=9 root_lp=infeasible margin=0.000e+00 block=4 nodes=483
OPEN support=485 parity=18 k=4 neg=9 pos=11 root_lp=feasible margin=2.151e-01 block=0 nodes=30
OPEN support=518 parity=6 k=2 neg=12 pos=8 root_lp=infeasible margin=0.000e+00 block=4 nodes=482
OPEN support=521 parity=7 k=2 neg=10 pos=10 root_lp=infeasible margin=0.000e+00 block=2 nodes=482
OPEN support=485 parity=18 k=4 neg=9 pos=11 root_lp=feasible margin=2.430e-01 block=0 nodes=19
OPEN support=484 parity=56 k=4 neg=11 pos=9 root_lp=infeasible margin=0.000e+00 block=4 nodes=484
OPEN support=518 parity=6 k=3 neg=12 pos=8 root_lp=infeasible margin=0.000e+00 block=2 nodes=483
OPEN support=485 parity=18 k=5 neg=9 pos=11 root_lp=feasible margin=2.430e-01 block=0 nodes=20
OPEN support=482 parity=56 k=2 neg=11 pos=9 root_lp=infeasible margin=0.000e+00 block=2 nodes=482
OPEN support=484 parity=56 k=4 neg=11 pos=9 root_lp=infeasible margin=0.000e+00 block=4 nodes=484
OPEN support=485 parity=18 k=3 neg=9 pos=11 root_lp=feasible margin=1.531e-01 block=0 nodes=82
OPEN support=518 parity=6 k=4 neg=12 pos=8 root_lp=infeasible margin=0.000e+00 block=2 nodes=484
OPEN support=521 parity=7 k=3 neg=10 pos=10 root_lp=infeasible margin=0.000e+00 block=2 nodes=483
OPEN support=485 parity=18 k=4 neg=9 pos=11 root_lp=feasible margin=1.562e-01 block=0 nodes=83
OPEN support=484 parity=56 k=5 neg=11 pos=9 root_lp=infeasible margin=0.000e+00 block=4 nodes=485
OPEN support=482 parity=56 k=3 neg=11 pos=9 root_lp=infeasible margin=0.000e+00 block=2 nodes=483
OPEN support=485 parity=18 k=4 neg=9 pos=11 root_lp=feasible margin=2.389e-01 block=0 nodes=30
OPEN support=524 parity=4 k=2 neg=10 pos=11 root_lp=infeasible margin=0.000e+00 block=2 nodes=482
OPEN support=485 parity=18 k=5 neg=9 pos=11 root_lp=feasible margin=2.430e-01 block=0 nodes=31
OPEN support=485 parity=18 k=4 neg=9 pos=11 root_lp=feasible margin=2.073e-01 block=0 nodes=30
OPEN support=484 parity=56 k=3 neg=11 pos=9 root_lp=infeasible margin=0.000e+00 block=4 nodes=483
OPEN support=524 parity=4 k=3 neg=10 pos=11 root_lp=feasible margin=5.107e-01 block=0 nodes=82
OPEN support=482 parity=56 k=3 neg=11 pos=9 root_lp=infeasible margin=0.000e+00 block=2 nodes=483
OPEN support=521 parity=7 k=3 neg=10 pos=10 root_lp=feasible margin=2.028e-01 block=0 nodes=370
OPEN support=485 parity=18 k=5 neg=9 pos=11 root_lp=feasible margin=2.147e-01 block=0 nodes=31
OPEN support=485 parity=18 k=5 neg=9 pos=11 root_lp=feasible margin=2.430e-01 block=0 nodes=20
OPEN support=484 parity=56 k=4 neg=11 pos=9 root_lp=infeasible margin=0.000e+00 block=4 nodes=484
OPEN support=485 parity=18 k=6 neg=9 pos=11 root_lp=feasible margin=2.430e-01 block=0 nodes=21
OPEN support=524 parity=4 k=3 neg=10 pos=11 root_lp=feasible margin=5.712e-03 block=0 nodes=98
OPEN support=482 parity=56 k=4 neg=11 pos=9 root_lp=infeasible margin=0.000e+00 block=2 nodes=484
OPEN support=524 parity=4 k=4 neg=10 pos=11 root_lp=feasible margin=1.362e+00 block=0 nodes=30
OPEN support=482 parity=56 k=3 neg=11 pos=9 root_lp=infeasible margin=0.000e+00 block=2 nodes=483
OPEN support=521 parity=7 k=4 neg=10 pos=10 root_lp=feasible margin=2.270e-01 block=0 nodes=325
OPEN support=484 parity=56 k=4 neg=11 pos=9 root_lp=infeasible margin=0.000e+00 block=4 nodes=484
OPEN support=482 parity=56 k=4 neg=11 pos=9 root_lp=infeasible margin=0.000e+00 block=2 nodes=484
OPEN support=482 parity=56 k=4 neg=11 pos=9 root_lp=infeasible margin=0.000e+00 block=2 nodes=484
OPEN support=484 parity=56 k=5 neg=11 pos=9 root_lp=infeasible margin=0.000e+00 block=4 nodes=485
OPEN support=527 parity=10 k=2 neg=12 pos=8 root_lp=infeasible margin=0.000e+00 block=2 nodes=482
OPEN support=482 parity=56 k=5 neg=11 pos=9 root_lp=infeasible margin=0.000e+00 block=2 nodes=485
OPEN support=484 parity=56 k=4 neg=11 pos=9 root_lp=infeasible margin=0.000e+00 block=4 nodes=484
OPEN support=527 parity=10 k=3 neg=12 pos=8 root_lp=infeasible margin=0.000e+00 block=2 nodes=483
OPEN support=484 parity=56 k=5 neg=11 pos=9 root_lp=infeasible margin=0.000e+00 block=4 nodes=485
OPEN support=527 parity=10 k=3 neg=12 pos=8 root_lp=infeasible margin=0.000e+00 block=2 nodes=483
OPEN support=482 parity=56 k=3 neg=11 pos=9 root_lp=infeasible margin=0.000e+00 block=2 nodes=483
OPEN support=527 parity=10 k=4 neg=12 pos=8 root_lp=infeasible margin=0.000e+00 block=4 nodes=484
OPEN support=484 parity=56 k=5 neg=11 pos=9 root_lp=infeasible margin=0.000e+00 block=4 nodes=485
OPEN support=530 parity=11 k=2 neg=10 pos=10 root_lp=infeasible margin=0.000e+00 block=2 nodes=482
OPEN support=527 parity=10 k=3 neg=12 pos=8 root_lp=infeasible margin=0.000e+00 block=2 nodes=483
OPEN support=482 parity=56 k=4 neg=11 pos=9 root_lp=infeasible margin=0.000e+00 block=2 nodes=484
OPEN support=484 parity=56 k=6 neg=11 pos=9 root_lp=infeasible margin=0.000e+00 block=4 nodes=486
OPEN support=485 parity=52 k=2 neg=10 pos=10 root_lp=infeasible margin=0.000e+00 block=2 nodes=482
OPEN support=527 parity=10 k=4 neg=12 pos=8 root_lp=infeasible margin=0.000e+00 block=4 nodes=484
OPEN support=484 parity=57 k=3 neg=11 pos=9 root_lp=infeasible margin=0.000e+00 block=2 nodes=483
OPEN support=530 parity=11 k=3 neg=10 pos=10 root_lp=infeasible margin=0.000e+00 block=2 nodes=483
OPEN support=527 parity=10 k=4 neg=12 pos=8 root_lp=infeasible margin=0.000e+00 block=4 nodes=484
OPEN support=482 parity=56 k=4 neg=11 pos=9 root_lp=infeasible margin=0.000e+00 block=2 nodes=484
OPEN support=485 parity=52 k=3 neg=10 pos=10 root_lp=infeasible margin=0.000e+00 block=2 nodes=483
OPEN support=527 parity=10 k=5 neg=12 pos=8 root_lp=infeasible margin=0.000e+00 block=4 nodes=485
OPEN support=530 parity=11 k=3 neg=10 pos=10 root_lp=feasible margin=5.081e-02 block=0 nodes=106
OPEN support=484 parity=57 k=4 neg=11 pos=9 root_lp=infeasible margin=0.000e+00 block=2 nodes=484
OPEN support=485 parity=52 k=3 neg=10 pos=10 root_lp=infeasible margin=0.000e+00 block=2 nodes=483
OPEN support=482 parity=56 k=5 neg=11 pos=9 root_lp=infeasible margin=0.000e+00 block=2 nodes=485
OPEN support=530 parity=11 k=4 neg=10 pos=10 root_lp=feasible margin=7.497e-02 block=0 nodes=99
OPEN support=482 parity=56 k=4 neg=11 pos=9 root_lp=infeasible margin=0.000e+00 block=2 nodes=484
OPEN support=484 parity=57 k=4 neg=11 pos=9 root_lp=infeasible margin=0.000e+00 block=2 nodes=484
OPEN support=485 parity=52 k=4 neg=10 pos=10 root_lp=infeasible margin=0.000e+00 block=2 nodes=484
OPEN support=482 parity=56 k=5 neg=11 pos=9 root_lp=infeasible margin=0.000e+00 block=2 nodes=485
OPEN support=533 parity=4 k=2 neg=10 pos=11 root_lp=infeasible margin=0.000e+00 block=2 nodes=482
OPEN support=485 parity=52 k=3 neg=10 pos=10 root_lp=feasible margin=1.476e+00 block=0 nodes=82
OPEN support=530 parity=11 k=3 neg=10 pos=10 root_lp=feasible margin=7.805e-02 block=0 nodes=198
OPEN support=482 parity=56 k=5 neg=11 pos=9 root_lp=infeasible margin=0.000e+00 block=2 nodes=485
OPEN support=484 parity=57 k=5 neg=11 pos=9 root_lp=infeasible margin=0.000e+00 block=2 nodes=485
OPEN support=533 parity=4 k=3 neg=10 pos=11 root_lp=feasible margin=8.976e-02 block=0 nodes=90
OPEN support=485 parity=52 k=4 neg=10 pos=10 root_lp=feasible margin=1.489e+00 block=0 nodes=83
OPEN support=482 parity=56 k=6 neg=11 pos=9 root_lp=infeasible margin=0.000e+00 block=2 nodes=486
OPEN support=484 parity=57 k=2 neg=11 pos=9 root_lp=infeasible margin=0.000e+00 block=2 nodes=482
OPEN support=485 parity=52 k=4 neg=10 pos=10 root_lp=feasible margin=1.510e+00 block=0 nodes=83
OPEN support=530 parity=11 k=4 neg=10 pos=10 root_lp=feasible margin=1.022e-01 block=0 nodes=169
OPEN support=533 parity=4 k=3 neg=10 pos=11 root_lp=feasible margin=6.424e-02 block=0 nodes=102
OPEN support=530 parity=11 k=4 neg=10 pos=10 root_lp=feasible margin=1.257e+00 block=0 nodes=30
OPEN support=484 parity=57 k=3 neg=11 pos=9 root_lp=infeasible margin=0.000e+00 block=2 nodes=483
OPEN support=533 parity=4 k=4 neg=10 pos=11 root_lp=feasible margin=1.151e+00 block=0 nodes=30
OPEN support=485 parity=52 k=5 neg=10 pos=10 root_lp=feasible margin=1.522e+00 block=0 nodes=84
OPEN support=530 parity=11 k=5 neg=10 pos=10 root_lp=feasible margin=1.257e+00 block=0 nodes=31
OPEN support=484 parity=57 k=3 neg=11 pos=9 root_lp=infeasible margin=0.000e+00 block=2 nodes=483
OPEN support=485 parity=52 k=3 neg=10 pos=10 root_lp=infeasible margin=0.000e+00 block=2 nodes=483
OPEN support=536 parity=10 k=2 neg=12 pos=8 root_lp=infeasible margin=0.000e+00 block=2 nodes=482
OPEN support=484 parity=57 k=4 neg=11 pos=9 root_lp=infeasible margin=0.000e+00 block=2 nodes=484
OPEN support=540 parity=3 k=1 neg=7 pos=13 root_lp=infeasible margin=0.000e+00 block=1 nodes=2
OPEN support=542 parity=3 k=1 neg=10 pos=10 root_lp=infeasible margin=0.000e+00 block=1 nodes=2
OPEN support=536 parity=10 k=3 neg=12 pos=8 root_lp=infeasible margin=0.000e+00 block=4 nodes=483
OPEN support=485 parity=52 k=4 neg=10 pos=10 root_lp=infeasible margin=0.000e+00 block=2 nodes=484
OPEN support=484 parity=57 k=3 neg=11 pos=9 root_lp=infeasible margin=0.000e+00 block=2 nodes=483
OPEN support=536 parity=10 k=3 neg=12 pos=8 root_lp=infeasible margin=0.000e+00 block=2 nodes=483
OPEN support=485 parity=52 k=4 neg=10 pos=10 root_lp=infeasible margin=0.000e+00 block=2 nodes=484
OPEN support=539 parity=11 k=2 neg=10 pos=10 root_lp=infeasible margin=0.000e+00 block=2 nodes=482
OPEN support=536 parity=10 k=4 neg=12 pos=8 root_lp=infeasible margin=0.000e+00 block=2 nodes=484
OPEN support=484 parity=57 k=4 neg=11 pos=9 root_lp=infeasible margin=0.000e+00 block=2 nodes=484
OPEN support=485 parity=52 k=5 neg=10 pos=10 root_lp=infeasible margin=0.000e+00 block=2 nodes=485
OPEN support=539 parity=11 k=3 neg=10 pos=10 root_lp=infeasible margin=0.000e+00 block=2 nodes=483
OPEN support=536 parity=10 k=3 neg=12 pos=8 root_lp=infeasible margin=0.000e+00 block=2 nodes=483
OPEN support=485 parity=52 k=4 neg=10 pos=10 root_lp=feasible margin=1.499e+00 block=0 nodes=83
OPEN support=536 parity=10 k=4 neg=12 pos=8 root_lp=infeasible margin=0.000e+00 block=4 nodes=484
OPEN support=484 parity=57 k=4 neg=11 pos=9 root_lp=infeasible margin=0.000e+00 block=2 nodes=484
OPEN support=539 parity=11 k=3 neg=10 pos=10 root_lp=feasible margin=2.199e-02 block=0 nodes=182
OPEN support=485 parity=52 k=5 neg=10 pos=10 root_lp=feasible margin=1.512e+00 block=0 nodes=84
OPEN support=536 parity=10 k=4 neg=12 pos=8 root_lp=infeasible margin=0.000e+00 block=2 nodes=484
OPEN support=485 parity=52 k=5 neg=10 pos=10 root_lp=feasible margin=1.533e+00 block=0 nodes=84
OPEN support=484 parity=57 k=5 neg=11 pos=9 root_lp=infeasible margin=0.000e+00 block=2 nodes=485
OPEN support=539 parity=11 k=4 neg=10 pos=10 root_lp=feasible margin=4.615e-02 block=0 nodes=163
OPEN support=536 parity=10 k=5 neg=12 pos=8 root_lp=infeasible margin=0.000e+00 block=2 nodes=485
OPEN support=485 parity=52 k=6 neg=10 pos=10 root_lp=feasible margin=1.545e+00 block=0 nodes=85
OPEN support=484 parity=57 k=3 neg=11 pos=9 root_lp=infeasible margin=0.000e+00 block=2 nodes=483
OPEN support=539 parity=11 k=3 neg=10 pos=10 root_lp=feasible margin=6.364e-02 block=0 nodes=268
OPEN support=484 parity=57 k=4 neg=11 pos=9 root_lp=infeasible margin=0.000e+00 block=2 nodes=484
OPEN support=485 parity=56 k=2 neg=11 pos=9 root_lp=infeasible margin=0.000e+00 block=2 nodes=482
OPEN support=545 parity=5 k=2 neg=10 pos=10 root_lp=feasible margin=4.705e-03 block=0 nodes=81
OPEN support=484 parity=57 k=4 neg=11 pos=9 root_lp=infeasible margin=0.000e+00 block=2 nodes=484
OPEN support=485 parity=56 k=3 neg=11 pos=9 root_lp=infeasible margin=0.000e+00 block=2 nodes=483
OPEN support=539 parity=11 k=4 neg=10 pos=10 root_lp=feasible margin=8.780e-02 block=0 nodes=229
OPEN support=545 parity=5 k=3 neg=10 pos=10 root_lp=feasible margin=2.318e-02 block=0 nodes=29
OPEN support=539 parity=11 k=4 neg=10 pos=10 root_lp=feasible margin=8.373e-01 block=0 nodes=30
OPEN support=485 parity=56 k=3 neg=11 pos=9 root_lp=infeasible margin=0.000e+00 block=2 nodes=483
OPEN support=484 parity=57 k=5 neg=11 pos=9 root_lp=infeasible margin=0.000e+00 block=2 nodes=485
OPEN support=545 parity=5 k=3 neg=10 pos=10 root_lp=feasible margin=2.278e-02 block=0 nodes=29
OPEN support=539 parity=11 k=5 neg=10 pos=10 root_lp=feasible margin=8.473e-01 block=0 nodes=31
OPEN support=485 parity=56 k=4 neg=11 pos=9 root_lp=infeasible margin=0.000e+00 block=2 nodes=484
OPEN support=545 parity=5 k=4 neg=10 pos=10 root_lp=feasible margin=3.195e-02 block=0 nodes=19
OPEN support=484 parity=57 k=4 neg=11 pos=9 root_lp=infeasible margin=0.000e+00 block=2 nodes=484
OPEN support=545 parity=7 k=2 neg=11 pos=9 root_lp=infeasible margin=0.000e+00 block=4 nodes=482
OPEN support=485 parity=56 k=3 neg=11 pos=9 root_lp=infeasible margin=0.000e+00 block=2 nodes=483
OPEN support=545 parity=7 k=3 neg=11 pos=9 root_lp=infeasible margin=0.000e+00 block=4 nodes=483
OPEN support=546 parity=3 k=1 neg=11 pos=9 root_lp=infeasible margin=0.000e+00 block=4 nodes=481
OPEN support=484 parity=57 k=5 neg=11 pos=9 root_lp=infeasible margin=0.000e+00 block=2 nodes=485
OPEN support=485 parity=56 k=4 neg=11 pos=9 root_lp=infeasible margin=0.000e+00 block=2 nodes=484
OPEN support=545 parity=7 k=3 neg=11 pos=9 root_lp=infeasible margin=0.000e+00 block=2 nodes=483
OPEN support=485 parity=56 k=4 neg=11 pos=9 root_lp=infeasible margin=0.000e+00 block=2 nodes=484
OPEN support=546 parity=3 k=2 neg=11 pos=9 root_lp=infeasible margin=0.000e+00 block=2 nodes=482
OPEN support=484 parity=57 k=5 neg=11 pos=9 root_lp=infeasible margin=0.000e+00 block=2 nodes=485
OPEN support=485 parity=56 k=5 neg=11 pos=9 root_lp=infeasible margin=0.000e+00 block=2 nodes=485
OPEN support=545 parity=7 k=4 neg=11 pos=9 root_lp=infeasible margin=0.000e+00 block=2 nodes=484
OPEN support=546 parity=3 k=3 neg=11 pos=9 root_lp=infeasible margin=0.000e+00 block=4 nodes=483
OPEN support=484 parity=57 k=6 neg=11 pos=9 root_lp=infeasible margin=0.000e+00 block=2 nodes=486
OPEN support=485 parity=56 k=2 neg=11 pos=9 root_lp=infeasible margin=0.000e+00 block=2 nodes=482
OPEN support=547 parity=6 k=2 neg=11 pos=9 root_lp=infeasible margin=0.000e+00 block=4 nodes=482
OPEN support=485 parity=56 k=3 neg=11 pos=9 root_lp=infeasible margin=0.000e+00 block=2 nodes=483
OPEN support=547 parity=6 k=2 neg=11 pos=9 root_lp=infeasible margin=0.000e+00 block=4 nodes=482
OPEN support=485 parity=56 k=3 neg=11 pos=9 root_lp=infeasible margin=0.000e+00 block=4 nodes=483
OPEN support=547 parity=6 k=3 neg=11 pos=9 root_lp=infeasible margin=0.000e+00 block=4 nodes=483
OPEN support=485 parity=56 k=4 neg=11 pos=9 root_lp=infeasible margin=0.000e+00 block=2 nodes=484
OPEN support=547 parity=6 k=3 neg=11 pos=9 root_lp=infeasible margin=0.000e+00 block=2 nodes=483
OPEN support=485 parity=56 k=3 neg=11 pos=9 root_lp=infeasible margin=0.000e+00 block=2 nodes=483
OPEN support=547 parity=6 k=4 neg=11 pos=9 root_lp=infeasible margin=0.000e+00 block=4 nodes=484
OPEN support=485 parity=56 k=4 neg=11 pos=9 root_lp=infeasible margin=0.000e+00 block=2 nodes=484
OPEN support=485 parity=56 k=4 neg=11 pos=9 root_lp=infeasible margin=0.000e+00 block=2 nodes=484
OPEN support=547 parity=7 k=2 neg=11 pos=9 root_lp=infeasible margin=0.000e+00 block=2 nodes=482
OPEN support=551 parity=5 k=2 neg=10 pos=10 root_lp=feasible margin=1.867e-03 block=0 nodes=471
OPEN support=485 parity=56 k=5 neg=11 pos=9 root_lp=infeasible margin=0.000e+00 block=2 nodes=485
OPEN support=551 parity=5 k=3 neg=10 pos=10 root_lp=feasible margin=8.638e-03 block=0 nodes=29
OPEN support=547 parity=7 k=2 neg=11 pos=9 root_lp=infeasible margin=0.000e+00 block=2 nodes=482
OPEN support=485 parity=56 k=3 neg=11 pos=9 root_lp=infeasible margin=0.000e+00 block=2 nodes=483
OPEN support=551 parity=5 k=3 neg=10 pos=10 root_lp=feasible margin=1.709e-02 block=0 nodes=29
OPEN support=547 parity=7 k=3 neg=11 pos=9 root_lp=infeasible margin=0.000e+00 block=4 nodes=483
OPEN support=551 parity=5 k=4 neg=10 pos=10 root_lp=feasible margin=2.209e-02 block=0 nodes=19
OPEN support=485 parity=56 k=4 neg=11 pos=9 root_lp=infeasible margin=0.000e+00 block=2 nodes=484
OPEN support=547 parity=7 k=3 neg=11 pos=9 root_lp=infeasible margin=0.000e+00 block=4 nodes=483
OPEN support=542 parity=3 k=2 neg=10 pos=10 root_lp=infeasible margin=0.000e+00 block=2 nodes=2610
OPEN support=485 parity=56 k=4 neg=11 pos=9 root_lp=infeasible margin=0.000e+00 block=2 nodes=484
OPEN support=547 parity=7 k=4 neg=11 pos=9 root_lp=infeasible margin=0.000e+00 block=2 nodes=484
OPEN support=542 parity=3 k=3 neg=10 pos=10 root_lp=feasible margin=1.154e-02 block=0 nodes=29
OPEN support=554 parity=9 k=2 neg=10 pos=10 root_lp=feasible margin=6.508e-03 block=0 nodes=81
OPEN support=554 parity=9 k=3 neg=10 pos=10 root_lp=feasible margin=2.294e-02 block=0 nodes=29
OPEN support=485 parity=56 k=5 neg=11 pos=9 root_lp=infeasible margin=0.000e+00 block=2 nodes=485
OPEN support=555 parity=5 k=2 neg=11 pos=9 root_lp=infeasible margin=0.000e+00 block=4 nodes=482
OPEN support=485 parity=56 k=4 neg=11 pos=9 root_lp=infeasible margin=0.000e+00 block=2 nodes=484
OPEN support=554 parity=9 k=3 neg=10 pos=10 root_lp=feasible margin=1.419e-02 block=0 nodes=29
OPEN support=556 parity=10 k=2 neg=11 pos=9 root_lp=infeasible margin=0.000e+00 block=4 nodes=482
OPEN support=555 parity=5 k=3 neg=11 pos=9 root_lp=infeasible margin=0.000e+00 block=4 nodes=483
OPEN support=485 parity=56 k=5 neg=11 pos=9 root_lp=infeasible margin=0.000e+00 block=2 nodes=485
OPEN support=554 parity=9 k=4 neg=10 pos=10 root_lp=feasible margin=2.396e-02 block=0 nodes=19
OPEN support=485 parity=56 k=5 neg=11 pos=9 root_lp=infeasible margin=0.000e+00 block=2 nodes=485
OPEN support=554 parity=9 k=3 neg=10 pos=10 root_lp=feasible margin=2.399e-02 block=0 nodes=29
OPEN support=556 parity=10 k=3 neg=11 pos=9 root_lp=infeasible margin=0.000e+00 block=4 nodes=483
OPEN support=555 parity=5 k=3 neg=11 pos=9 root_lp=infeasible margin=0.000e+00 block=2 nodes=483
OPEN support=554 parity=9 k=4 neg=10 pos=10 root_lp=feasible margin=3.124e-02 block=0 nodes=19
OPEN support=485 parity=56 k=6 neg=11 pos=9 root_lp=infeasible margin=0.000e+00 block=2 nodes=486
OPEN support=556 parity=10 k=3 neg=11 pos=9 root_lp=infeasible margin=0.000e+00 block=4 nodes=483
OPEN support=555 parity=5 k=4 neg=11 pos=9 root_lp=infeasible margin=0.000e+00 block=2 nodes=484
OPEN support=485 parity=59 k=2 neg=10 pos=10 root_lp=infeasible margin=0.000e+00 block=2 nodes=482
OPEN support=554 parity=9 k=4 neg=10 pos=10 root_lp=feasible margin=2.564e-02 block=0 nodes=19
OPEN support=556 parity=10 k=4 neg=11 pos=9 root_lp=infeasible margin=0.000e+00 block=4 nodes=484
OPEN support=485 parity=59 k=3 neg=10 pos=10 root_lp=infeasible margin=0.000e+00 block=2 nodes=483
OPEN support=554 parity=9 k=5 neg=10 pos=10 root_lp=feasible margin=3.217e-02 block=0 nodes=13
OPEN support=554 parity=11 k=2 neg=11 pos=9 root_lp=infeasible margin=0.000e+00 block=4 nodes=482
OPEN support=556 parity=10 k=3 neg=11 pos=9 root_lp=infeasible margin=0.000e+00 block=4 nodes=483
OPEN support=485 parity=59 k=3 neg=10 pos=10 root_lp=feasible margin=2.246e-02 block=0 nodes=154
OPEN support=554 parity=11 k=3 neg=11 pos=9 root_lp=infeasible margin=0.000e+00 block=2 nodes=483
OPEN support=556 parity=10 k=4 neg=11 pos=9 root_lp=infeasible margin=0.000e+00 block=4 nodes=484
OPEN support=554 parity=11 k=3 neg=11 pos=9 root_lp=infeasible margin=0.000e+00 block=4 nodes=483
OPEN support=485 parity=59 k=4 neg=10 pos=10 root_lp=feasible margin=7.543e-02 block=0 nodes=143
OPEN support=554 parity=11 k=4 neg=11 pos=9 root_lp=infeasible margin=0.000e+00 block=4 nodes=484
OPEN support=556 parity=10 k=4 neg=11 pos=9 root_lp=infeasible margin=0.000e+00 block=4 nodes=484
OPEN support=485 parity=59 k=3 neg=10 pos=10 root_lp=feasible margin=1.110e-01 block=0 nodes=154
OPEN support=556 parity=10 k=5 neg=11 pos=9 root_lp=infeasible margin=0.000e+00 block=4 nodes=485
OPEN support=554 parity=11 k=3 neg=11 pos=9 root_lp=infeasible margin=0.000e+00 block=2 nodes=483
OPEN support=556 parity=11 k=2 neg=11 pos=9 root_lp=infeasible margin=0.000e+00 block=4 nodes=482
OPEN support=485 parity=59 k=4 neg=10 pos=10 root_lp=feasible margin=2.077e-02 block=0 nodes=137
OPEN support=554 parity=11 k=4 neg=11 pos=9 root_lp=infeasible margin=0.000e+00 block=2 nodes=484
OPEN support=485 parity=59 k=4 neg=10 pos=10 root_lp=feasible margin=7.063e-01 block=0 nodes=30
OPEN support=556 parity=11 k=3 neg=11 pos=9 root_lp=infeasible margin=0.000e+00 block=4 nodes=483
OPEN support=485 parity=59 k=5 neg=10 pos=10 root_lp=feasible margin=7.192e-01 block=0 nodes=31
OPEN support=554 parity=11 k=4 neg=11 pos=9 root_lp=infeasible margin=0.000e+00 block=2 nodes=484
OPEN support=556 parity=11 k=3 neg=11 pos=9 root_lp=infeasible margin=0.000e+00 block=4 nodes=483
OPEN support=485 parity=59 k=2 neg=10 pos=10 root_lp=infeasible margin=0.000e+00 block=2 nodes=482
OPEN support=556 parity=11 k=4 neg=11 pos=9 root_lp=infeasible margin=0.000e+00 block=4 nodes=484
OPEN support=554 parity=11 k=5 neg=11 pos=9 root_lp=infeasible margin=0.000e+00 block=2 nodes=485
OPEN support=485 parity=59 k=3 neg=10 pos=10 root_lp=infeasible margin=0.000e+00 block=2 nodes=483
OPEN support=485 parity=59 k=3 neg=10 pos=10 root_lp=infeasible margin=0.000e+00 block=2 nodes=483
OPEN support=556 parity=11 k=3 neg=11 pos=9 root_lp=infeasible margin=0.000e+00 block=4 nodes=483
OPEN support=485 parity=59 k=4 neg=10 pos=10 root_lp=infeasible margin=0.000e+00 block=2 nodes=484
OPEN support=556 parity=11 k=4 neg=11 pos=9 root_lp=infeasible margin=0.000e+00 block=4 nodes=484
OPEN support=556 parity=11 k=4 neg=11 pos=9 root_lp=infeasible margin=0.000e+00 block=4 nodes=484
OPEN support=485 parity=59 k=3 neg=10 pos=10 root_lp=feasible margin=1.683e-01 block=0 nodes=138
OPEN support=560 parity=5 k=2 neg=10 pos=10 root_lp=feasible margin=3.956e-03 block=0 nodes=91
OPEN support=556 parity=11 k=5 neg=11 pos=9 root_lp=infeasible margin=0.000e+00 block=4 nodes=485
OPEN support=485 parity=59 k=4 neg=10 pos=10 root_lp=feasible margin=2.271e-02 block=0 nodes=127
OPEN support=548 parity=5 k=2 neg=10 pos=10 root_lp=infeasible margin=0.000e+00 block=2 nodes=3386
OPEN support=563 parity=9 k=2 neg=10 pos=10 root_lp=feasible margin=8.827e-03 block=0 nodes=81
OPEN support=485 parity=59 k=4 neg=10 pos=10 root_lp=feasible margin=5.004e-02 block=0 nodes=127
OPEN support=560 parity=5 k=3 neg=10 pos=10 root_lp=feasible margin=7.532e-01 block=0 nodes=100
OPEN support=563 parity=9 k=3 neg=10 pos=10 root_lp=feasible margin=2.578e-02 block=0 nodes=29
OPEN support=560 parity=5 k=3 neg=10 pos=10 root_lp=feasible margin=1.540e-02 block=0 nodes=29
OPEN support=485 parity=59 k=5 neg=10 pos=10 root_lp=feasible margin=7.568e-02 block=0 nodes=118
OPEN support=563 parity=9 k=3 neg=10 pos=10 root_lp=feasible margin=7.255e-03 block=0 nodes=29
OPEN support=560 parity=5 k=4 neg=10 pos=10 root_lp=feasible margin=2.100e-02 block=0 nodes=19
OPEN support=563 parity=9 k=4 neg=10 pos=10 root_lp=feasible margin=2.971e-02 block=0 nodes=19
OPEN support=485 parity=59 k=3 neg=10 pos=10 root_lp=feasible margin=6.463e-02 block=0 nodes=140
OPEN support=563 parity=9 k=3 neg=10 pos=10 root_lp=feasible margin=2.570e-02 block=0 nodes=29
OPEN support=564 parity=5 k=2 neg=11 pos=9 root_lp=infeasible margin=0.000e+00 block=4 nodes=482
OPEN support=563 parity=9 k=4 neg=10 pos=10 root_lp=feasible margin=3.390e-02 block=0 nodes=19
OPEN support=563 parity=9 k=4 neg=10 pos=10 root_lp=feasible margin=2.946e-02 block=0 nodes=19
OPEN support=485 parity=59 k=4 neg=10 pos=10 root_lp=feasible margin=8.759e-02 block=0 nodes=129
OPEN support=564 parity=5 k=3 neg=11 pos=9 root_lp=infeasible margin=0.000e+00 block=4 nodes=483
OPEN support=563 parity=9 k=5 neg=10 pos=10 root_lp=feasible margin=3.693e-02 block=0 nodes=13
OPEN support=564 parity=5 k=3 neg=11 pos=9 root_lp=infeasible margin=0.000e+00 block=4 nodes=483
OPEN support=563 parity=11 k=2 neg=11 pos=9 root_lp=infeasible margin=0.000e+00 block=2 nodes=482
OPEN support=485 parity=59 k=4 neg=10 pos=10 root_lp=feasible margin=1.666e-01 block=0 nodes=121
OPEN support=564 parity=5 k=4 neg=11 pos=9 root_lp=infeasible margin=0.000e+00 block=4 nodes=484
OPEN support=563 parity=11 k=3 neg=11 pos=9 root_lp=infeasible margin=0.000e+00 block=2 nodes=483
OPEN support=485 parity=59 k=5 neg=10 pos=10 root_lp=feasible margin=2.102e-02 block=0 nodes=114
OPEN support=563 parity=11 k=3 neg=11 pos=9 root_lp=infeasible margin=0.000e+00 block=4 nodes=483
OPEN support=485 parity=59 k=4 neg=10 pos=10 root_lp=feasible margin=7.222e-01 block=0 nodes=30
OPEN support=563 parity=11 k=4 neg=11 pos=9 root_lp=infeasible margin=0.000e+00 block=2 nodes=484
OPEN support=485 parity=59 k=5 neg=10 pos=10 root_lp=feasible margin=7.334e-01 block=0 nodes=31
OPEN support=565 parity=10 k=2 neg=11 pos=9 root_lp=infeasible margin=0.000e+00 block=2 nodes=482
OPEN support=485 parity=59 k=5 neg=10 pos=10 root_lp=feasible margin=7.328e-01 block=0 nodes=31
OPEN support=563 parity=11 k=3 neg=11 pos=9 root_lp=infeasible margin=0.000e+00 block=2 nodes=483
OPEN support=485 parity=59 k=6 neg=10 pos=10 root_lp=feasible margin=7.308e-01 block=0 nodes=32
OPEN support=565 parity=10 k=3 neg=11 pos=9 root_lp=infeasible margin=0.000e+00 block=2 nodes=483
OPEN support=563 parity=11 k=4 neg=11 pos=9 root_lp=infeasible margin=0.000e+00 block=2 nodes=484
OPEN support=565 parity=10 k=3 neg=11 pos=9 root_lp=infeasible margin=0.000e+00 block=4 nodes=483
OPEN support=563 parity=11 k=4 neg=11 pos=9 root_lp=infeasible margin=0.000e+00 block=2 nodes=484
OPEN support=565 parity=10 k=4 neg=11 pos=9 root_lp=infeasible margin=0.000e+00 block=4 nodes=484
OPEN support=563 parity=11 k=5 neg=11 pos=9 root_lp=infeasible margin=0.000e+00 block=2 nodes=485
OPEN support=565 parity=10 k=3 neg=11 pos=9 root_lp=infeasible margin=0.000e+00 block=2 nodes=483
OPEN support=567 parity=1 k=1 neg=8 pos=11 root_lp=infeasible margin=0.000e+00 block=1 nodes=2
OPEN support=567 parity=1 k=1 neg=8 pos=11 root_lp=infeasible margin=0.000e+00 block=1 nodes=2
OPEN support=568 parity=2 k=1 neg=8 pos=11 root_lp=infeasible margin=0.000e+00 block=1 nodes=2
OPEN support=568 parity=3 k=1 neg=7 pos=12 root_lp=infeasible margin=0.000e+00 block=1 nodes=2
OPEN support=568 parity=3 k=1 neg=7 pos=12 root_lp=infeasible margin=0.000e+00 block=1 nodes=2
OPEN support=569 parity=2 k=1 neg=8 pos=11 root_lp=infeasible margin=0.000e+00 block=1 nodes=2
OPEN support=565 parity=10 k=4 neg=11 pos=9 root_lp=infeasible margin=0.000e+00 block=2 nodes=484
OPEN support=569 parity=5 k=1 neg=9 pos=10 root_lp=infeasible margin=0.000e+00 block=1 nodes=2
OPEN support=570 parity=3 k=1 neg=7 pos=11 root_lp=infeasible margin=0.000e+00 block=1 nodes=2
OPEN support=565 parity=10 k=4 neg=11 pos=9 root_lp=infeasible margin=0.000e+00 block=4 nodes=484
OPEN support=566 parity=9 k=2 neg=10 pos=10 root_lp=feasible margin=2.046e-03 block=0 nodes=385
OPEN support=571 parity=7 k=1 neg=10 pos=8 root_lp=infeasible margin=0.000e+00 block=4 nodes=481
OPEN support=565 parity=10 k=5 neg=11 pos=9 root_lp=infeasible margin=0.000e+00 block=4 nodes=485
OPEN support=571 parity=7 k=2 neg=10 pos=8 root_lp=infeasible margin=0.000e+00 block=4 nodes=482
OPEN support=571 parity=7 k=3 neg=10 pos=8 root_lp=infeasible margin=0.000e+00 block=4 nodes=483
OPEN support=565 parity=11 k=2 neg=11 pos=9 root_lp=infeasible margin=0.000e+00 block=2 nodes=482
OPEN support=571 parity=7 k=1 neg=10 pos=8 root_lp=infeasible margin=0.000e+00 block=4 nodes=481
OPEN support=571 parity=7 k=2 neg=10 pos=8 root_lp=infeasible margin=0.000e+00 block=4 nodes=482
OPEN support=565 parity=11 k=3 neg=11 pos=9 root_lp=infeasible margin=0.000e+00 block=2 nodes=483
OPEN support=571 parity=7 k=2 neg=10 pos=8 root_lp=infeasible margin=0.000e+00 block=4 nodes=482
OPEN support=565 parity=11 k=3 neg=11 pos=9 root_lp=infeasible margin=0.000e+00 block=2 nodes=483
OPEN support=571 parity=7 k=3 neg=10 pos=8 root_lp=infeasible margin=0.000e+00 block=4 nodes=483
OPEN support=571 parity=7 k=3 neg=10 pos=8 root_lp=infeasible margin=0.000e+00 block=4 nodes=483
OPEN support=565 parity=11 k=4 neg=11 pos=9 root_lp=infeasible margin=0.000e+00 block=2 nodes=484
OPEN support=571 parity=7 k=4 neg=10 pos=8 root_lp=infeasible margin=0.000e+00 block=4 nodes=484
OPEN support=548 parity=5 k=3 neg=10 pos=10 root_lp=infeasible margin=0.000e+00 block=2 nodes=2759
OPEN support=565 parity=11 k=3 neg=11 pos=9 root_lp=infeasible margin=0.000e+00 block=2 nodes=483
OPEN support=557 parity=9 k=2 neg=10 pos=10 root_lp=feasible margin=3.360e-04 block=0 nodes=2961
OPEN support=565 parity=11 k=4 neg=11 pos=9 root_lp=infeasible margin=0.000e+00 block=2 nodes=484
OPEN support=548 parity=5 k=3 neg=10 pos=10 root_lp=feasible margin=1.585e+00 block=0 nodes=93
OPEN support=565 parity=11 k=4 neg=11 pos=9 root_lp=infeasible margin=0.000e+00 block=2 nodes=484
OPEN support=565 parity=11 k=5 neg=11 pos=9 root_lp=infeasible margin=0.000e+00 block=2 nodes=485
OPEN support=580 parity=11 k=2 neg=10 pos=8 root_lp=infeasible margin=0.000e+00 block=4 nodes=482
OPEN support=548 parity=5 k=4 neg=10 pos=10 root_lp=feasible margin=1.499e+00 block=0 nodes=145
OPEN support=548 parity=6 k=1 neg=11 pos=9 root_lp=infeasible margin=0.000e+00 block=4 nodes=481
OPEN support=580 parity=11 k=3 neg=10 pos=8 root_lp=infeasible margin=0.000e+00 block=4 nodes=483
OPEN support=580 parity=11 k=3 neg=10 pos=8 root_lp=infeasible margin=0.000e+00 block=4 nodes=483
OPEN support=566 parity=9 k=3 neg=10 pos=10 root_lp=infeasible margin=0.000e+00 block=2 nodes=1511
OPEN support=548 parity=6 k=2 neg=11 pos=9 root_lp=infeasible margin=0.000e+00 block=4 nodes=482
OPEN support=580 parity=11 k=4 neg=10 pos=8 root_lp=infeasible margin=0.000e+00 block=4 nodes=484
OPEN support=580 parity=11 k=3 neg=10 pos=8 root_lp=infeasible margin=0.000e+00 block=4 nodes=483
OPEN support=548 parity=6 k=2 neg=11 pos=9 root_lp=infeasible margin=0.000e+00 block=2 nodes=482
OPEN support=580 parity=11 k=4 neg=10 pos=8 root_lp=infeasible margin=0.000e+00 block=4 nodes=484
OPEN support=580 parity=11 k=4 neg=10 pos=8 root_lp=infeasible margin=0.000e+00 block=4 nodes=484
OPEN support=548 parity=6 k=3 neg=11 pos=9 root_lp=infeasible margin=0.000e+00 block=4 nodes=483
OPEN support=580 parity=11 k=5 neg=10 pos=8 root_lp=infeasible margin=0.000e+00 block=4 nodes=485
OPEN support=557 parity=9 k=3 neg=10 pos=10 root_lp=feasible margin=1.998e-03 block=0 nodes=787
OPEN support=548 parity=6 k=3 neg=11 pos=9 root_lp=infeasible margin=0.000e+00 block=2 nodes=483
OPEN support=557 parity=9 k=3 neg=10 pos=10 root_lp=feasible margin=4.706e-03 block=0 nodes=33
OPEN support=548 parity=6 k=3 neg=11 pos=9 root_lp=infeasible margin=0.000e+00 block=2 nodes=483
OPEN support=589 parity=11 k=2 neg=10 pos=8 root_lp=infeasible margin=0.000e+00 block=4 nodes=482
OPEN support=548 parity=6 k=4 neg=11 pos=9 root_lp=infeasible margin=0.000e+00 block=2 nodes=484
OPEN support=589 parity=11 k=3 neg=10 pos=8 root_lp=infeasible margin=0.000e+00 block=4 nodes=483
OPEN support=557 parity=9 k=4 neg=10 pos=10 root_lp=feasible margin=1.788e+00 block=0 nodes=99
OPEN support=589 parity=11 k=3 neg=10 pos=8 root_lp=infeasible margin=0.000e+00 block=4 nodes=483
OPEN support=557 parity=9 k=3 neg=10 pos=10 root_lp=feasible margin=5.186e-03 block=0 nodes=29
OPEN support=566 parity=9 k=3 neg=10 pos=10 root_lp=feasible margin=7.964e-01 block=0 nodes=372
OPEN support=589 parity=11 k=4 neg=10 pos=8 root_lp=infeasible margin=0.000e+00 block=4 nodes=484
OPEN support=589 parity=11 k=3 neg=10 pos=8 root_lp=infeasible margin=0.000e+00 block=4 nodes=483
OPEN support=596 parity=2 k=2 neg=8 pos=11 root_lp=infeasible margin=0.000e+00 block=4 nodes=482
OPEN support=589 parity=11 k=4 neg=10 pos=8 root_lp=infeasible margin=0.000e+00 block=4 nodes=484
OPEN support=597 parity=3 k=1 neg=12 pos=6 root_lp=infeasible margin=0.000e+00 block=4 nodes=481
OPEN support=596 parity=2 k=3 neg=8 pos=11 root_lp=feasible margin=8.157e-01 block=0 nodes=82
OPEN support=597 parity=3 k=2 neg=12 pos=6 root_lp=infeasible margin=0.000e+00 block=4 nodes=482
OPEN support=589 parity=11 k=4 neg=10 pos=8 root_lp=infeasible margin=0.000e+00 block=4 nodes=484
OPEN support=596 parity=2 k=3 neg=8 pos=11 root_lp=infeasible margin=0.000e+00 block=2 nodes=483
OPEN support=597 parity=3 k=2 neg=12 pos=6 root_lp=infeasible margin=0.000e+00 block=4 nodes=482
OPEN support=589 parity=11 k=5 neg=10 pos=8 root_lp=infeasible margin=0.000e+00 block=4 nodes=485
OPEN support=597 parity=3 k=3 neg=12 pos=6 root_lp=infeasible margin=0.000e+00 block=4 nodes=483
OPEN support=596 parity=2 k=4 neg=8 pos=11 root_lp=feasible margin=8.017e-01 block=0 nodes=83
OPEN support=597 parity=3 k=3 neg=12 pos=6 root_lp=infeasible margin=0.000e+00 block=4 nodes=483
OPEN support=596 parity=15 k=2 neg=9 pos=10 root_lp=infeasible margin=0.000e+00 block=4 nodes=482
OPEN support=566 parity=9 k=4 neg=10 pos=10 root_lp=feasible margin=8.996e-01 block=0 nodes=161
OPEN support=597 parity=3 k=4 neg=12 pos=6 root_lp=infeasible margin=0.000e+00 block=4 nodes=484
OPEN support=598 parity=6 k=1 neg=12 pos=6 root_lp=infeasible margin=0.000e+00 block=4 nodes=481
OPEN support=598 parity=6 k=2 neg=12 pos=6 root_lp=infeasible margin=0.000e+00 block=4 nodes=482
OPEN support=566 parity=9 k=3 neg=10 pos=10 root_lp=feasible margin=1.168e-02 block=0 nodes=29
OPEN support=599 parity=6 k=1 neg=12 pos=6 root_lp=infeasible margin=0.000e+00 block=4 nodes=481
OPEN support=596 parity=15 k=3 neg=9 pos=10 root_lp=feasible margin=2.246e-01 block=0 nodes=254
OPEN support=598 parity=6 k=3 neg=12 pos=6 root_lp=infeasible margin=0.000e+00 block=4 nodes=483
OPEN support=599 parity=6 k=2 neg=12 pos=6 root_lp=infeasible margin=0.000e+00 block=2 nodes=482
OPEN support=596 parity=15 k=3 neg=9 pos=10 root_lp=infeasible margin=0.000e+00 block=2 nodes=483
OPEN support=598 parity=6 k=3 neg=12 pos=6 root_lp=infeasible margin=0.000e+00 block=4 nodes=483
OPEN support=557 parity=9 k=4 neg=10 pos=10 root_lp=feasible margin=1.508e+00 block=0 nodes=227
OPEN support=599 parity=6 k=3 neg=12 pos=6 root_lp=infeasible margin=0.000e+00 block=2 nodes=483
OPEN support=598 parity=6 k=4 neg=12 pos=6 root_lp=infeasible margin=0.000e+00 block=4 nodes=484
OPEN support=599 parity=6 k=2 neg=12 pos=6 root_lp=infeasible margin=0.000e+00 block=2 nodes=482
OPEN support=596 parity=15 k=4 neg=9 pos=10 root_lp=feasible margin=2.091e-01 block=0 nodes=257
OPEN support=557 parity=9 k=4 neg=10 pos=10 root_lp=feasible margin=1.532e-02 block=0 nodes=19
OPEN support=598 parity=6 k=3 neg=12 pos=6 root_lp=infeasible margin=0.000e+00 block=4 nodes=483
OPEN support=599 parity=6 k=3 neg=12 pos=6 root_lp=infeasible margin=0.000e+00 block=2 nodes=483
OPEN support=598 parity=6 k=4 neg=12 pos=6 root_lp=infeasible margin=0.000e+00 block=4 nodes=484
OPEN support=599 parity=6 k=4 neg=12 pos=6 root_lp=infeasible margin=0.000e+00 block=4 nodes=484
OPEN support=566 parity=9 k=4 neg=10 pos=10 root_lp=feasible margin=1.502e+00 block=0 nodes=103
OPEN support=557 parity=9 k=5 neg=10 pos=10 root_lp=feasible margin=2.028e-02 block=0 nodes=20
OPEN support=598 parity=6 k=4 neg=12 pos=6 root_lp=infeasible margin=0.000e+00 block=4 nodes=484
OPEN support=599 parity=6 k=2 neg=12 pos=6 root_lp=infeasible margin=0.000e+00 block=2 nodes=482
OPEN support=566 parity=9 k=4 neg=10 pos=10 root_lp=feasible margin=5.515e-03 block=0 nodes=19
OPEN support=599 parity=6 k=3 neg=12 pos=6 root_lp=infeasible margin=0.000e+00 block=2 nodes=483
OPEN support=598 parity=6 k=5 neg=12 pos=6 root_lp=infeasible margin=0.000e+00 block=4 nodes=485
OPEN support=598 parity=7 k=1 neg=9 pos=9 root_lp=infeasible margin=0.000e+00 block=2 nodes=481
OPEN support=599 parity=6 k=3 neg=12 pos=6 root_lp=infeasible margin=0.000e+00 block=2 nodes=483
OPEN support=598 parity=7 k=2 neg=9 pos=9 root_lp=infeasible margin=0.000e+00 block=2 nodes=482
OPEN support=557 parity=10 k=2 neg=11 pos=9 root_lp=infeasible margin=0.000e+00 block=2 nodes=482
OPEN support=599 parity=6 k=4 neg=12 pos=6 root_lp=infeasible margin=0.000e+00 block=4 nodes=484
OPEN support=566 parity=9 k=5 neg=10 pos=10 root_lp=feasible margin=1.023e+00 block=0 nodes=39
OPEN support=599 parity=6 k=3 neg=12 pos=6 root_lp=infeasible margin=0.000e+00 block=4 nodes=483
OPEN support=598 parity=7 k=2 neg=9 pos=9 root_lp=feasible margin=1.164e-02 block=0 nodes=325
OPEN support=602 parity=7 k=2 neg=9 pos=9 root_lp=infeasible margin=0.000e+00 block=2 nodes=482
OPEN support=598 parity=7 k=2 neg=9 pos=9 root_lp=infeasible margin=0.000e+00 block=2 nodes=482
OPEN support=599 parity=6 k=4 neg=12 pos=6 root_lp=infeasible margin=0.000e+00 block=2 nodes=484
OPEN support=557 parity=10 k=2 neg=11 pos=9 root_lp=infeasible margin=0.000e+00 block=2 nodes=482
OPEN support=598 parity=7 k=3 neg=9 pos=9 root_lp=infeasible margin=0.000e+00 block=2 nodes=483
OPEN support=599 parity=6 k=4 neg=12 pos=6 root_lp=infeasible margin=0.000e+00 block=4 nodes=484
OPEN support=602 parity=7 k=3 neg=9 pos=9 root_lp=infeasible margin=0.000e+00 block=2 nodes=483
OPEN support=566 parity=10 k=2 neg=11 pos=9 root_lp=infeasible margin=0.000e+00 block=2 nodes=482
OPEN support=599 parity=6 k=5 neg=12 pos=6 root_lp=infeasible margin=0.000e+00 block=4 nodes=485
OPEN support=602 parity=7 k=3 neg=9 pos=9 root_lp=feasible margin=8.473e-03 block=0 nodes=110
OPEN support=557 parity=10 k=3 neg=11 pos=9 root_lp=infeasible margin=0.000e+00 block=2 nodes=483
OPEN support=566 parity=10 k=2 neg=11 pos=9 root_lp=infeasible margin=0.000e+00 block=2 nodes=482
OPEN support=602 parity=7 k=4 neg=9 pos=9 root_lp=feasible margin=6.741e-02 block=0 nodes=89
OPEN support=557 parity=10 k=3 neg=11 pos=9 root_lp=infeasible margin=0.000e+00 block=2 nodes=483
OPEN support=602 parity=7 k=3 neg=9 pos=9 root_lp=infeasible margin=0.000e+00 block=2 nodes=483
OPEN support=557 parity=10 k=3 neg=11 pos=9 root_lp=infeasible margin=0.000e+00 block=2 nodes=483
OPEN support=566 parity=10 k=3 neg=11 pos=9 root_lp=infeasible margin=0.000e+00 block=2 nodes=483
OPEN support=602 parity=7 k=4 neg=9 pos=9 root_lp=infeasible margin=0.000e+00 block=2 nodes=484
OPEN support=598 parity=7 k=3 neg=9 pos=9 root_lp=feasible margin=1.009e-01 block=0 nodes=1616
OPEN support=557 parity=10 k=4 neg=11 pos=9 root_lp=infeasible margin=0.000e+00 block=2 nodes=484
OPEN support=566 parity=10 k=3 neg=11 pos=9 root_lp=infeasible margin=0.000e+00 block=2 nodes=483
OPEN support=602 parity=7 k=4 neg=9 pos=9 root_lp=feasible margin=6.805e-02 block=0 nodes=93
OPEN support=566 parity=10 k=3 neg=11 pos=9 root_lp=infeasible margin=0.000e+00 block=2 nodes=483
OPEN support=557 parity=10 k=3 neg=11 pos=9 root_lp=infeasible margin=0.000e+00 block=2 nodes=483
OPEN support=602 parity=7 k=5 neg=9 pos=9 root_lp=feasible margin=7.365e-01 block=0 nodes=84
OPEN support=566 parity=10 k=4 neg=11 pos=9 root_lp=infeasible margin=0.000e+00 block=2 nodes=484
OPEN support=557 parity=10 k=3 neg=11 pos=9 root_lp=infeasible margin=0.000e+00 block=2 nodes=483
OPEN support=599 parity=29 k=2 neg=8 pos=10 root_lp=feasible margin=7.831e-03 block=0 nodes=2147
OPEN support=566 parity=10 k=3 neg=11 pos=9 root_lp=infeasible margin=0.000e+00 block=2 nodes=483
OPEN support=598 parity=7 k=4 neg=9 pos=9 root_lp=feasible margin=6.650e-02 block=0 nodes=1481
OPEN support=557 parity=10 k=4 neg=11 pos=9 root_lp=infeasible margin=0.000e+00 block=2 nodes=484
OPEN support=566 parity=10 k=3 neg=11 pos=9 root_lp=infeasible margin=0.000e+00 block=2 nodes=483
OPEN support=598 parity=7 k=3 neg=9 pos=9 root_lp=feasible margin=2.351e-01 block=0 nodes=316
OPEN support=557 parity=10 k=4 neg=11 pos=9 root_lp=infeasible margin=0.000e+00 block=2 nodes=484
OPEN support=598 parity=7 k=4 neg=9 pos=9 root_lp=feasible margin=5.022e-02 block=0 nodes=315
OPEN support=566 parity=10 k=4 neg=11 pos=9 root_lp=infeasible margin=0.000e+00 block=2 nodes=484
OPEN support=557 parity=10 k=4 neg=11 pos=9 root_lp=infeasible margin=0.000e+00 block=2 nodes=484
OPEN support=599 parity=29 k=3 neg=8 pos=10 root_lp=feasible margin=1.060e+00 block=0 nodes=459
OPEN support=566 parity=10 k=4 neg=11 pos=9 root_lp=infeasible margin=0.000e+00 block=2 nodes=484
OPEN support=557 parity=10 k=5 neg=11 pos=9 root_lp=infeasible margin=0.000e+00 block=2 nodes=485
OPEN support=598 parity=7 k=4 neg=9 pos=9 root_lp=feasible margin=6.030e-01 block=0 nodes=116
OPEN support=599 parity=29 k=3 neg=8 pos=10 root_lp=feasible margin=1.088e+00 block=0 nodes=82
OPEN support=599 parity=29 k=4 neg=8 pos=10 root_lp=feasible margin=1.100e+00 block=0 nodes=30
OPEN support=566 parity=10 k=4 neg=11 pos=9 root_lp=infeasible margin=0.000e+00 block=2 nodes=484
OPEN support=598 parity=7 k=5 neg=9 pos=9 root_lp=feasible margin=1.221e+00 block=0 nodes=101
OPEN support=566 parity=10 k=5 neg=11 pos=9 root_lp=infeasible margin=0.000e+00 block=2 nodes=485
OPEN support=602 parity=29 k=2 neg=8 pos=10 root_lp=infeasible margin=0.000e+00 block=2 nodes=2247
OPEN support=598 parity=11 k=2 neg=10 pos=8 root_lp=infeasible margin=0.000e+00 block=4 nodes=482
OPEN support=598 parity=11 k=1 neg=10 pos=8 root_lp=infeasible margin=0.000e+00 block=4 nodes=481
OPEN support=605 parity=4 k=2 neg=8 pos=11 root_lp=infeasible margin=0.000e+00 block=2 nodes=482
OPEN support=605 parity=4 k=3 neg=8 pos=11 root_lp=feasible margin=1.788e+00 block=0 nodes=82
OPEN support=598 parity=11 k=2 neg=10 pos=8 root_lp=infeasible margin=0.000e+00 block=4 nodes=482
OPEN support=606 parity=5 k=2 neg=12 pos=6 root_lp=infeasible margin=0.000e+00 block=2 nodes=482
OPEN support=605 parity=4 k=3 neg=8 pos=11 root_lp=feasible margin=1.054e+00 block=0 nodes=82
OPEN support=606 parity=5 k=3 neg=12 pos=6 root_lp=infeasible margin=0.000e+00 block=4 nodes=483
OPEN support=598 parity=11 k=3 neg=10 pos=8 root_lp=infeasible margin=0.000e+00 block=4 nodes=483
OPEN support=605 parity=4 k=4 neg=8 pos=11 root_lp=feasible margin=1.492e+00 block=0 nodes=30
OPEN support=606 parity=5 k=3 neg=12 pos=6 root_lp=infeasible margin=0.000e+00 block=4 nodes=483
OPEN support=605 parity=4 k=3 neg=8 pos=11 root_lp=infeasible margin=0.000e+00 block=2 nodes=483
OPEN support=598 parity=11 k=3 neg=10 pos=8 root_lp=infeasible margin=0.000e+00 block=4 nodes=483
OPEN support=606 parity=5 k=4 neg=12 pos=6 root_lp=infeasible margin=0.000e+00 block=4 nodes=484
OPEN support=599 parity=29 k=3 neg=8 pos=10 root_lp=infeasible margin=0.000e+00 block=2 nodes=2256
OPEN support=605 parity=4 k=4 neg=8 pos=11 root_lp=feasible margin=1.788e+00 block=0 nodes=83
OPEN support=606 parity=5 k=3 neg=12 pos=6 root_lp=infeasible margin=0.000e+00 block=4 nodes=483
OPEN support=598 parity=11 k=4 neg=10 pos=8 root_lp=infeasible margin=0.000e+00 block=4 nodes=484
OPEN support=605 parity=4 k=4 neg=8 pos=11 root_lp=feasible margin=1.042e+00 block=0 nodes=83
OPEN support=606 parity=5 k=4 neg=12 pos=6 root_lp=infeasible margin=0.000e+00 block=4 nodes=484
OPEN support=605 parity=4 k=5 neg=8 pos=11 root_lp=feasible margin=1.478e+00 block=0 nodes=31
OPEN support=598 parity=11 k=3 neg=10 pos=8 root_lp=infeasible margin=0.000e+00 block=4 nodes=483
OPEN support=606 parity=5 k=4 neg=12 pos=6 root_lp=infeasible margin=0.000e+00 block=4 nodes=484
OPEN support=598 parity=11 k=4 neg=10 pos=8 root_lp=infeasible margin=0.000e+00 block=4 nodes=484
OPEN support=606 parity=5 k=5 neg=12 pos=6 root_lp=infeasible margin=0.000e+00 block=4 nodes=485
OPEN support=598 parity=11 k=4 neg=10 pos=8 root_lp=infeasible margin=0.000e+00 block=4 nodes=484
OPEN support=598 parity=11 k=5 neg=10 pos=8 root_lp=infeasible margin=0.000e+00 block=4 nodes=485
OPEN support=605 parity=29 k=2 neg=9 pos=10 root_lp=infeasible margin=0.000e+00 block=2 nodes=482
OPEN support=599 parity=29 k=4 neg=8 pos=10 root_lp=feasible margin=1.061e+00 block=0 nodes=552
OPEN support=605 parity=29 k=3 neg=9 pos=10 root_lp=feasible margin=2.633e-01 block=0 nodes=118
OPEN support=607 parity=10 k=2 neg=12 pos=6 root_lp=infeasible margin=0.000e+00 block=4 nodes=482
OPEN support=599 parity=29 k=4 neg=8 pos=10 root_lp=feasible margin=1.091e+00 block=0 nodes=83
OPEN support=608 parity=10 k=2 neg=12 pos=6 root_lp=infeasible margin=0.000e+00 block=2 nodes=482
OPEN support=607 parity=10 k=3 neg=12 pos=6 root_lp=infeasible margin=0.000e+00 block=4 nodes=483
OPEN support=599 parity=29 k=5 neg=8 pos=10 root_lp=feasible margin=1.100e+00 block=0 nodes=31
OPEN support=605 parity=29 k=3 neg=9 pos=10 root_lp=feasible margin=4.060e-04 block=0 nodes=156
OPEN support=599 parity=31 k=1 neg=9 pos=9 root_lp=infeasible margin=0.000e+00 block=4 nodes=481
OPEN support=608 parity=10 k=3 neg=12 pos=6 root_lp=infeasible margin=0.000e+00 block=4 nodes=483
OPEN support=605 parity=29 k=4 neg=9 pos=10 root_lp=feasible margin=1.516e+00 block=0 nodes=30
OPEN support=607 parity=10 k=3 neg=12 pos=6 root_lp=infeasible margin=0.000e+00 block=4 nodes=483
OPEN support=599 parity=31 k=2 neg=9 pos=9 root_lp=infeasible margin=0.000e+00 block=4 nodes=482
OPEN support=605 parity=29 k=3 neg=9 pos=10 root_lp=infeasible margin=0.000e+00 block=2 nodes=483
OPEN support=608 parity=10 k=3 neg=12 pos=6 root_lp=infeasible margin=0.000e+00 block=4 nodes=483
OPEN support=607 parity=10 k=4 neg=12 pos=6 root_lp=infeasible margin=0.000e+00 block=4 nodes=484
OPEN support=608 parity=10 k=4 neg=12 pos=6 root_lp=infeasible margin=0.000e+00 block=4 nodes=484
OPEN support=607 parity=10 k=3 neg=12 pos=6 root_lp=infeasible margin=0.000e+00 block=4 nodes=483
OPEN support=605 parity=29 k=4 neg=9 pos=10 root_lp=feasible margin=2.478e-01 block=0 nodes=119
OPEN support=608 parity=10 k=3 neg=12 pos=6 root_lp=infeasible margin=0.000e+00 block=4 nodes=483
OPEN support=607 parity=10 k=4 neg=12 pos=6 root_lp=infeasible margin=0.000e+00 block=4 nodes=484
OPEN support=599 parity=31 k=3 neg=9 pos=9 root_lp=feasible margin=1.334e-01 block=0 nodes=570
OPEN support=608 parity=10 k=4 neg=12 pos=6 root_lp=infeasible margin=0.000e+00 block=4 nodes=484
OPEN support=607 parity=10 k=4 neg=12 pos=6 root_lp=infeasible margin=0.000e+00 block=4 nodes=484
OPEN support=605 parity=29 k=4 neg=9 pos=10 root_lp=feasible margin=2.864e-01 block=0 nodes=157
OPEN support=608 parity=10 k=4 neg=12 pos=6 root_lp=infeasible margin=0.000e+00 block=4 nodes=484
OPEN support=607 parity=10 k=5 neg=12 pos=6 root_lp=infeasible margin=0.000e+00 block=4 nodes=485
OPEN support=605 parity=29 k=5 neg=9 pos=10 root_lp=feasible margin=1.492e+00 block=0 nodes=31
OPEN support=608 parity=10 k=5 neg=12 pos=6 root_lp=infeasible margin=0.000e+00 block=2 nodes=485
OPEN support=607 parity=10 k=3 neg=12 pos=6 root_lp=infeasible margin=0.000e+00 block=4 nodes=483
OPEN support=608 parity=10 k=2 neg=12 pos=6 root_lp=infeasible margin=0.000e+00 block=2 nodes=482
OPEN support=599 parity=31 k=2 neg=9 pos=9 root_lp=feasible margin=1.456e-01 block=0 nodes=899
OPEN support=607 parity=10 k=4 neg=12 pos=6 root_lp=infeasible margin=0.000e+00 block=4 nodes=484
OPEN support=608 parity=10 k=3 neg=12 pos=6 root_lp=infeasible margin=0.000e+00 block=4 nodes=483
OPEN support=607 parity=10 k=4 neg=12 pos=6 root_lp=infeasible margin=0.000e+00 block=4 nodes=484
OPEN support=608 parity=10 k=3 neg=12 pos=6 root_lp=infeasible margin=0.000e+00 block=4 nodes=483
OPEN support=607 parity=10 k=5 neg=12 pos=6 root_lp=infeasible margin=0.000e+00 block=4 nodes=485
OPEN support=599 parity=31 k=3 neg=9 pos=9 root_lp=feasible margin=1.637e-01 block=0 nodes=366
OPEN support=607 parity=10 k=4 neg=12 pos=6 root_lp=infeasible margin=0.000e+00 block=4 nodes=484
OPEN support=608 parity=10 k=4 neg=12 pos=6 root_lp=infeasible margin=0.000e+00 block=2 nodes=484
OPEN support=607 parity=10 k=5 neg=12 pos=6 root_lp=infeasible margin=0.000e+00 block=4 nodes=485
OPEN support=599 parity=31 k=4 neg=9 pos=9 root_lp=feasible margin=2.813e-02 block=0 nodes=78
OPEN support=608 parity=10 k=3 neg=12 pos=6 root_lp=infeasible margin=0.000e+00 block=4 nodes=483
OPEN support=599 parity=31 k=2 neg=9 pos=9 root_lp=infeasible margin=0.000e+00 block=2 nodes=482
OPEN support=607 parity=10 k=5 neg=12 pos=6 root_lp=infeasible margin=0.000e+00 block=4 nodes=485
OPEN support=608 parity=10 k=4 neg=12 pos=6 root_lp=infeasible margin=0.000e+00 block=4 nodes=484
OPEN support=599 parity=31 k=3 neg=9 pos=9 root_lp=infeasible margin=0.000e+00 block=2 nodes=483
OPEN support=607 parity=10 k=6 neg=12 pos=6 root_lp=infeasible margin=0.000e+00 block=4 nodes=486
OPEN support=608 parity=10 k=4 neg=12 pos=6 root_lp=infeasible margin=0.000e+00 block=4 nodes=484
OPEN support=607 parity=11 k=2 neg=9 pos=9 root_lp=infeasible margin=0.000e+00 block=2 nodes=482
OPEN support=607 parity=11 k=3 neg=9 pos=9 root_lp=infeasible margin=0.000e+00 block=2 nodes=483
OPEN support=608 parity=10 k=5 neg=12 pos=6 root_lp=infeasible margin=0.000e+00 block=4 nodes=485
OPEN support=608 parity=10 k=3 neg=12 pos=6 root_lp=infeasible margin=0.000e+00 block=4 nodes=483
OPEN support=608 parity=10 k=4 neg=12 pos=6 root_lp=infeasible margin=0.000e+00 block=4 nodes=484
OPEN support=608 parity=10 k=4 neg=12 pos=6 root_lp=infeasible margin=0.000e+00 block=4 nodes=484
OPEN support=599 parity=31 k=3 neg=9 pos=9 root_lp=feasible margin=4.295e-01 block=0 nodes=1118
OPEN support=608 parity=10 k=5 neg=12 pos=6 root_lp=infeasible margin=0.000e+00 block=4 nodes=485
OPEN support=608 parity=10 k=4 neg=12 pos=6 root_lp=infeasible margin=0.000e+00 block=4 nodes=484
OPEN support=607 parity=11 k=3 neg=9 pos=9 root_lp=feasible margin=7.932e-02 block=0 nodes=1224
OPEN support=608 parity=10 k=5 neg=12 pos=6 root_lp=infeasible margin=0.000e+00 block=4 nodes=485
OPEN support=599 parity=31 k=4 neg=9 pos=9 root_lp=feasible margin=2.010e-01 block=0 nodes=477
OPEN support=608 parity=10 k=5 neg=12 pos=6 root_lp=infeasible margin=0.000e+00 block=4 nodes=485
OPEN support=608 parity=10 k=6 neg=12 pos=6 root_lp=infeasible margin=0.000e+00 block=4 nodes=486
OPEN support=602 parity=29 k=3 neg=8 pos=10 root_lp=infeasible margin=0.000e+00 block=2 nodes=3103
OPEN support=599 parity=31 k=3 neg=9 pos=9 root_lp=feasible margin=7.589e-02 block=0 nodes=828
OPEN support=602 parity=29 k=3 neg=8 pos=10 root_lp=feasible margin=9.996e-01 block=0 nodes=82
OPEN support=602 parity=29 k=4 neg=8 pos=10 root_lp=feasible margin=1.069e+00 block=0 nodes=83
OPEN support=611 parity=11 k=2 neg=9 pos=9 root_lp=infeasible margin=0.000e+00 block=2 nodes=482
OPEN support=599 parity=31 k=4 neg=9 pos=9 root_lp=feasible margin=2.313e-01 block=0 nodes=307
OPEN support=607 parity=11 k=4 neg=9 pos=9 root_lp=feasible margin=9.446e-02 block=0 nodes=1163
OPEN support=611 parity=11 k=3 neg=9 pos=9 root_lp=infeasible margin=0.000e+00 block=2 nodes=483
OPEN support=607 parity=11 k=3 neg=9 pos=9 root_lp=feasible margin=2.006e-01 block=0 nodes=270
OPEN support=599 parity=31 k=4 neg=9 pos=9 root_lp=feasible margin=4.463e-01 block=0 nodes=244
OPEN support=611 parity=11 k=3 neg=9 pos=9 root_lp=feasible margin=2.684e+00 block=0 nodes=82
OPEN support=599 parity=31 k=5 neg=9 pos=9 root_lp=feasible margin=1.832e-02 block=0 nodes=43
OPEN support=607 parity=11 k=4 neg=9 pos=9 root_lp=feasible margin=3.221e-01 block=0 nodes=271
OPEN support=611 parity=11 k=4 neg=9 pos=9 root_lp=feasible margin=2.684e+00 block=0 nodes=83
OPEN support=607 parity=11 k=4 neg=9 pos=9 root_lp=feasible margin=1.278e+00 block=0 nodes=44
OPEN support=611 parity=11 k=3 neg=9 pos=9 root_lp=feasible margin=9.830e-01 block=0 nodes=82
OPEN support=607 parity=11 k=5 neg=9 pos=9 root_lp=feasible margin=6.885e-01 block=0 nodes=45
OPEN support=611 parity=11 k=4 neg=9 pos=9 root_lp=feasible margin=1.056e+00 block=0 nodes=83
OPEN support=614 parity=4 k=2 neg=8 pos=11 root_lp=infeasible margin=0.000e+00 block=2 nodes=482
OPEN support=607 parity=11 k=3 neg=9 pos=9 root_lp=feasible margin=7.907e-04 block=0 nodes=254
OPEN support=611 parity=11 k=4 neg=9 pos=9 root_lp=feasible margin=1.396e+00 block=0 nodes=30
OPEN support=614 parity=4 k=3 neg=8 pos=11 root_lp=feasible margin=1.839e+00 block=0 nodes=82
OPEN support=611 parity=11 k=5 neg=9 pos=9 root_lp=feasible margin=1.396e+00 block=0 nodes=31
OPEN support=607 parity=11 k=4 neg=9 pos=9 root_lp=feasible margin=6.343e-02 block=0 nodes=251
OPEN support=614 parity=4 k=3 neg=8 pos=11 root_lp=feasible margin=1.040e+00 block=0 nodes=82
OPEN support=602 parity=29 k=3 neg=8 pos=10 root_lp=infeasible margin=0.000e+00 block=2 nodes=2326
OPEN support=614 parity=4 k=4 neg=8 pos=11 root_lp=feasible margin=1.420e+00 block=0 nodes=30
OPEN support=607 parity=11 k=4 neg=9 pos=9 root_lp=feasible margin=2.798e-01 block=0 nodes=40
OPEN support=611 parity=11 k=3 neg=9 pos=9 root_lp=infeasible margin=0.000e+00 block=2 nodes=483
OPEN support=614 parity=4 k=3 neg=8 pos=11 root_lp=infeasible margin=0.000e+00 block=2 nodes=483
OPEN support=607 parity=11 k=5 neg=9 pos=9 root_lp=feasible margin=1.906e-01 block=0 nodes=39
OPEN support=607 parity=11 k=4 neg=9 pos=9 root_lp=feasible margin=1.030e+00 block=0 nodes=30
OPEN support=611 parity=11 k=4 neg=9 pos=9 root_lp=infeasible margin=0.000e+00 block=2 nodes=484
OPEN support=614 parity=4 k=4 neg=8 pos=11 root_lp=feasible margin=1.837e+00 block=0 nodes=83
OPEN support=607 parity=11 k=5 neg=9 pos=9 root_lp=feasible margin=1.198e+00 block=0 nodes=31
OPEN support=607 parity=11 k=5 neg=9 pos=9 root_lp=feasible margin=2.934e-01 block=0 nodes=20
OPEN support=611 parity=11 k=4 neg=9 pos=9 root_lp=feasible margin=2.684e+00 block=0 nodes=83
OPEN support=614 parity=4 k=4 neg=8 pos=11 root_lp=feasible margin=1.027e+00 block=0 nodes=83
OPEN support=607 parity=11 k=6 neg=9 pos=9 root_lp=feasible margin=2.429e-01 block=0 nodes=21
OPEN support=614 parity=4 k=5 neg=8 pos=11 root_lp=feasible margin=1.410e+00 block=0 nodes=31
OPEN support=611 parity=11 k=5 neg=9 pos=9 root_lp=feasible margin=2.684e+00 block=0 nodes=84
OPEN support=608 parity=57 k=2 neg=8 pos=10 root_lp=feasible margin=2.093e-05 block=0 nodes=1817
OPEN support=611 parity=11 k=4 neg=9 pos=9 root_lp=feasible margin=1.050e+00 block=0 nodes=83
OPEN support=607 parity=19 k=2 neg=10 pos=8 root_lp=infeasible margin=0.000e+00 block=4 nodes=482
OPEN support=614 parity=29 k=2 neg=9 pos=10 root_lp=infeasible margin=0.000e+00 block=2 nodes=482
OPEN support=611 parity=11 k=5 neg=9 pos=9 root_lp=feasible margin=1.120e+00 block=0 nodes=84
OPEN support=607 parity=19 k=3 neg=10 pos=8 root_lp=infeasible margin=0.000e+00 block=4 nodes=483
OPEN support=611 parity=11 k=5 neg=9 pos=9 root_lp=feasible margin=1.396e+00 block=0 nodes=31
OPEN support=614 parity=29 k=3 neg=9 pos=10 root_lp=feasible margin=1.345e-01 block=0 nodes=214
OPEN support=611 parity=11 k=6 neg=9 pos=9 root_lp=feasible margin=1.396e+00 block=0 nodes=32
OPEN support=607 parity=19 k=3 neg=10 pos=8 root_lp=infeasible margin=0.000e+00 block=4 nodes=483
OPEN support=614 parity=29 k=3 neg=9 pos=10 root_lp=feasible margin=8.676e-02 block=0 nodes=198
OPEN support=607 parity=19 k=4 neg=10 pos=8 root_lp=infeasible margin=0.000e+00 block=4 nodes=484
OPEN support=608 parity=57 k=3 neg=8 pos=10 root_lp=feasible margin=1.082e+00 block=0 nodes=515
OPEN support=614 parity=29 k=4 neg=9 pos=10 root_lp=feasible margin=1.097e+00 block=0 nodes=30
OPEN support=607 parity=19 k=3 neg=10 pos=8 root_lp=infeasible margin=0.000e+00 block=4 nodes=483
OPEN support=608 parity=57 k=3 neg=8 pos=10 root_lp=feasible margin=5.688e-03 block=0 nodes=29
OPEN support=614 parity=29 k=3 neg=9 pos=10 root_lp=infeasible margin=0.000e+00 block=2 nodes=483
OPEN support=607 parity=19 k=4 neg=10 pos=8 root_lp=infeasible margin=0.000e+00 block=4 nodes=484
OPEN support=608 parity=57 k=4 neg=8 pos=10 root_lp=feasible margin=5.013e-03 block=0 nodes=19
OPEN support=607 parity=19 k=4 neg=10 pos=8 root_lp=infeasible margin=0.000e+00 block=4 nodes=484
OPEN support=608 parity=57 k=3 neg=8 pos=10 root_lp=feasible margin=1.455e+00 block=0 nodes=82
OPEN support=614 parity=29 k=4 neg=9 pos=10 root_lp=feasible margin=1.190e-01 block=0 nodes=215
OPEN support=608 parity=57 k=4 neg=8 pos=10 root_lp=feasible margin=1.143e+00 block=0 nodes=30
OPEN support=607 parity=19 k=5 neg=10 pos=8 root_lp=infeasible margin=0.000e+00 block=4 nodes=485
OPEN support=608 parity=57 k=4 neg=8 pos=10 root_lp=feasible margin=1.621e+00 block=0 nodes=30
OPEN support=608 parity=57 k=5 neg=8 pos=10 root_lp=feasible margin=1.248e+00 block=0 nodes=20
OPEN support=607 parity=19 k=3 neg=10 pos=8 root_lp=infeasible margin=0.000e+00 block=4 nodes=483
OPEN support=614 parity=29 k=4 neg=9 pos=10 root_lp=feasible margin=7.122e-02 block=0 nodes=197
OPEN support=607 parity=19 k=4 neg=10 pos=8 root_lp=infeasible margin=0.000e+00 block=4 nodes=484
OPEN support=614 parity=29 k=5 neg=9 pos=10 root_lp=feasible margin=1.079e+00 block=0 nodes=31
OPEN support=607 parity=19 k=4 neg=10 pos=8 root_lp=infeasible margin=0.000e+00 block=4 nodes=484
OPEN support=615 parity=5 k=2 neg=12 pos=6 root_lp=infeasible margin=0.000e+00 block=4 nodes=482
OPEN support=607 parity=19 k=5 neg=10 pos=8 root_lp=infeasible margin=0.000e+00 block=4 nodes=485
OPEN support=615 parity=5 k=3 neg=12 pos=6 root_lp=infeasible margin=0.000e+00 block=4 nodes=483
OPEN support=607 parity=19 k=4 neg=10 pos=8 root_lp=infeasible margin=0.000e+00 block=4 nodes=484
OPEN support=607 parity=19 k=5 neg=10 pos=8 root_lp=infeasible margin=0.000e+00 block=4 nodes=485
OPEN support=615 parity=5 k=3 neg=12 pos=6 root_lp=infeasible margin=0.000e+00 block=4 nodes=483
OPEN support=607 parity=19 k=5 neg=10 pos=8 root_lp=infeasible margin=0.000e+00 block=4 nodes=485
OPEN support=615 parity=5 k=4 neg=12 pos=6 root_lp=infeasible margin=0.000e+00 block=4 nodes=484
OPEN support=607 parity=19 k=6 neg=10 pos=8 root_lp=infeasible margin=0.000e+00 block=4 nodes=486
OPEN support=615 parity=5 k=3 neg=12 pos=6 root_lp=infeasible margin=0.000e+00 block=4 nodes=483
OPEN support=615 parity=5 k=4 neg=12 pos=6 root_lp=infeasible margin=0.000e+00 block=4 nodes=484
OPEN support=608 parity=57 k=3 neg=8 pos=10 root_lp=feasible margin=3.634e-04 block=0 nodes=1862
OPEN support=615 parity=5 k=4 neg=12 pos=6 root_lp=infeasible margin=0.000e+00 block=4 nodes=484
OPEN support=615 parity=5 k=5 neg=12 pos=6 root_lp=infeasible margin=0.000e+00 block=4 nodes=485
OPEN support=616 parity=10 k=2 neg=12 pos=6 root_lp=infeasible margin=0.000e+00 block=4 nodes=482
OPEN support=616 parity=10 k=3 neg=12 pos=6 root_lp=infeasible margin=0.000e+00 block=4 nodes=483
OPEN support=616 parity=10 k=3 neg=12 pos=6 root_lp=infeasible margin=0.000e+00 block=4 nodes=483
OPEN support=616 parity=10 k=4 neg=12 pos=6 root_lp=infeasible margin=0.000e+00 block=4 nodes=484
OPEN support=617 parity=10 k=1 neg=12 pos=6 root_lp=infeasible margin=0.000e+00 block=2 nodes=481
OPEN support=611 parity=57 k=2 neg=8 pos=10 root_lp=infeasible margin=0.000e+00 block=2 nodes=1837
OPEN support=616 parity=10 k=3 neg=12 pos=6 root_lp=infeasible margin=0.000e+00 block=4 nodes=483
OPEN support=617 parity=10 k=2 neg=12 pos=6 root_lp=infeasible margin=0.000e+00 block=2 nodes=482
OPEN support=616 parity=10 k=4 neg=12 pos=6 root_lp=infeasible margin=0.000e+00 block=4 nodes=484
OPEN support=617 parity=10 k=3 neg=12 pos=6 root_lp=infeasible margin=0.000e+00 block=2 nodes=483
OPEN support=608 parity=57 k=4 neg=8 pos=10 root_lp=feasible margin=1.080e+00 block=0 nodes=632
OPEN support=616 parity=10 k=4 neg=12 pos=6 root_lp=infeasible margin=0.000e+00 block=4 nodes=484
OPEN support=617 parity=10 k=3 neg=12 pos=6 root_lp=infeasible margin=0.000e+00 block=2 nodes=483
OPEN support=608 parity=57 k=4 neg=8 pos=10 root_lp=feasible margin=3.972e-03 block=0 nodes=30
OPEN support=616 parity=10 k=5 neg=12 pos=6 root_lp=infeasible margin=0.000e+00 block=4 nodes=485
OPEN support=617 parity=10 k=4 neg=12 pos=6 root_lp=infeasible margin=0.000e+00 block=4 nodes=484
OPEN support=608 parity=57 k=5 neg=8 pos=10 root_lp=feasible margin=3.943e-03 block=0 nodes=20
OPEN support=616 parity=10 k=3 neg=12 pos=6 root_lp=infeasible margin=0.000e+00 block=4 nodes=483
OPEN support=617 parity=10 k=3 neg=12 pos=6 root_lp=infeasible margin=0.000e+00 block=4 nodes=483
OPEN support=608 parity=57 k=4 neg=8 pos=10 root_lp=feasible margin=1.449e+00 block=0 nodes=83
OPEN support=616 parity=10 k=4 neg=12 pos=6 root_lp=infeasible margin=0.000e+00 block=4 nodes=484
OPEN support=617 parity=10 k=4 neg=12 pos=6 root_lp=infeasible margin=0.000e+00 block=4 nodes=484
OPEN support=608 parity=57 k=5 neg=8 pos=10 root_lp=feasible margin=1.141e+00 block=0 nodes=31
OPEN support=616 parity=10 k=4 neg=12 pos=6 root_lp=infeasible margin=0.000e+00 block=4 nodes=484
OPEN support=608 parity=57 k=5 neg=8 pos=10 root_lp=feasible margin=1.621e+00 block=0 nodes=31
OPEN support=617 parity=10 k=4 neg=12 pos=6 root_lp=infeasible margin=0.000e+00 block=4 nodes=484
OPEN support=608 parity=57 k=6 neg=8 pos=10 root_lp=feasible margin=1.240e+00 block=0 nodes=21
OPEN support=616 parity=10 k=5 neg=12 pos=6 root_lp=infeasible margin=0.000e+00 block=4 nodes=485
OPEN support=608 parity=59 k=2 neg=9 pos=9 root_lp=infeasible margin=0.000e+00 block=2 nodes=482
OPEN support=617 parity=10 k=5 neg=12 pos=6 root_lp=infeasible margin=0.000e+00 block=4 nodes=485
OPEN support=616 parity=10 k=4 neg=12 pos=6 root_lp=infeasible margin=0.000e+00 block=4 nodes=484
OPEN support=617 parity=10 k=2 neg=12 pos=6 root_lp=infeasible margin=0.000e+00 block=4 nodes=482
OPEN support=616 parity=10 k=5 neg=12 pos=6 root_lp=infeasible margin=0.000e+00 block=4 nodes=485
OPEN support=617 parity=10 k=3 neg=12 pos=6 root_lp=infeasible margin=0.000e+00 block=2 nodes=483
OPEN support=608 parity=59 k=3 neg=9 pos=9 root_lp=feasible margin=2.728e-02 block=0 nodes=466
OPEN support=616 parity=10 k=5 neg=12 pos=6 root_lp=infeasible margin=0.000e+00 block=4 nodes=485
OPEN support=617 parity=10 k=3 neg=12 pos=6 root_lp=infeasible margin=0.000e+00 block=2 nodes=483
OPEN support=616 parity=10 k=6 neg=12 pos=6 root_lp=infeasible margin=0.000e+00 block=4 nodes=486
OPEN support=617 parity=10 k=4 neg=12 pos=6 root_lp=infeasible margin=0.000e+00 block=2 nodes=484
OPEN support=616 parity=11 k=2 neg=9 pos=9 root_lp=infeasible margin=0.000e+00 block=2 nodes=482
OPEN support=608 parity=59 k=3 neg=9 pos=9 root_lp=feasible margin=1.342e-01 block=0 nodes=344
OPEN support=616 parity=11 k=3 neg=9 pos=9 root_lp=infeasible margin=0.000e+00 block=2 nodes=483
OPEN support=617 parity=10 k=3 neg=12 pos=6 root_lp=infeasible margin=0.000e+00 block=4 nodes=483
OPEN support=608 parity=59 k=4 neg=9 pos=9 root_lp=feasible margin=2.116e-01 block=0 nodes=42
OPEN support=617 parity=10 k=4 neg=12 pos=6 root_lp=infeasible margin=0.000e+00 block=4 nodes=484
OPEN support=602 parity=29 k=4 neg=8 pos=10 root_lp=infeasible margin=0.000e+00 block=2 nodes=4254
OPEN support=617 parity=10 k=4 neg=12 pos=6 root_lp=infeasible margin=0.000e+00 block=4 nodes=484
OPEN support=602 parity=29 k=4 neg=8 pos=10 root_lp=feasible margin=1.013e+00 block=0 nodes=83
OPEN support=608 parity=59 k=3 neg=9 pos=9 root_lp=feasible margin=5.765e-02 block=0 nodes=302
OPEN support=617 parity=10 k=5 neg=12 pos=6 root_lp=infeasible margin=0.000e+00 block=2 nodes=485
OPEN support=602 parity=29 k=5 neg=8 pos=10 root_lp=feasible margin=1.079e+00 block=0 nodes=84
OPEN support=608 parity=59 k=4 neg=9 pos=9 root_lp=feasible margin=1.351e-01 block=0 nodes=38
OPEN support=617 parity=10 k=3 neg=12 pos=6 root_lp=infeasible margin=0.000e+00 block=4 nodes=483
OPEN support=608 parity=59 k=4 neg=9 pos=9 root_lp=feasible margin=2.420e-01 block=0 nodes=34
OPEN support=617 parity=10 k=4 neg=12 pos=6 root_lp=infeasible margin=0.000e+00 block=2 nodes=484
OPEN support=616 parity=11 k=3 neg=9 pos=9 root_lp=feasible margin=1.494e-01 block=0 nodes=1198
OPEN support=608 parity=59 k=5 neg=9 pos=9 root_lp=feasible margin=4.072e-01 block=0 nodes=20
OPEN support=617 parity=10 k=4 neg=12 pos=6 root_lp=infeasible margin=0.000e+00 block=4 nodes=484
OPEN support=608 parity=59 k=2 neg=9 pos=9 root_lp=infeasible margin=0.000e+00 block=2 nodes=482
OPEN support=617 parity=10 k=5 neg=12 pos=6 root_lp=infeasible margin=0.000e+00 block=2 nodes=485
OPEN support=608 parity=59 k=3 neg=9 pos=9 root_lp=infeasible margin=0.000e+00 block=2 nodes=483
OPEN support=617 parity=10 k=4 neg=12 pos=6 root_lp=infeasible margin=0.000e+00 block=2 nodes=484
OPEN support=617 parity=10 k=5 neg=12 pos=6 root_lp=infeasible margin=0.000e+00 block=2 nodes=485
OPEN support=617 parity=10 k=5 neg=12 pos=6 root_lp=infeasible margin=0.000e+00 block=4 nodes=485
OPEN support=617 parity=10 k=6 neg=12 pos=6 root_lp=infeasible margin=0.000e+00 block=4 nodes=486
OPEN support=616 parity=11 k=4 neg=9 pos=9 root_lp=feasible margin=1.267e-01 block=0 nodes=1097
OPEN support=608 parity=59 k=3 neg=9 pos=9 root_lp=feasible margin=6.044e-01 block=0 nodes=1068
OPEN support=616 parity=11 k=3 neg=9 pos=9 root_lp=feasible margin=2.434e-01 block=0 nodes=224
OPEN support=611 parity=57 k=3 neg=8 pos=10 root_lp=infeasible margin=0.000e+00 block=2 nodes=2521
OPEN support=608 parity=59 k=4 neg=9 pos=9 root_lp=feasible margin=9.488e-02 block=0 nodes=379
OPEN support=616 parity=11 k=4 neg=9 pos=9 root_lp=feasible margin=1.832e-01 block=0 nodes=219
OPEN support=611 parity=57 k=3 neg=8 pos=10 root_lp=feasible margin=1.771e+00 block=0 nodes=35
OPEN support=616 parity=11 k=4 neg=9 pos=9 root_lp=feasible margin=3.969e-01 block=0 nodes=32
OPEN support=616 parity=11 k=5 neg=9 pos=9 root_lp=feasible margin=1.448e-01 block=0 nodes=31
OPEN support=608 parity=59 k=3 neg=9 pos=9 root_lp=feasible margin=1.579e-01 block=0 nodes=916
OPEN support=616 parity=11 k=3 neg=9 pos=9 root_lp=feasible margin=2.221e-02 block=0 nodes=242
OPEN support=611 parity=57 k=4 neg=8 pos=10 root_lp=feasible margin=1.788e+00 block=0 nodes=167
OPEN support=616 parity=11 k=4 neg=9 pos=9 root_lp=feasible margin=8.485e-02 block=0 nodes=241
OPEN support=608 parity=59 k=4 neg=9 pos=9 root_lp=feasible margin=2.018e-01 block=0 nodes=283
OPEN support=611 parity=57 k=3 neg=8 pos=10 root_lp=feasible margin=1.370e+00 block=0 nodes=82
OPEN support=616 parity=11 k=4 neg=9 pos=9 root_lp=feasible margin=1.410e-01 block=0 nodes=32
OPEN support=611 parity=57 k=4 neg=8 pos=10 root_lp=feasible margin=1.412e+00 block=0 nodes=83
OPEN support=616 parity=11 k=5 neg=9 pos=9 root_lp=feasible margin=3.461e-01 block=0 nodes=33
OPEN support=620 parity=11 k=2 neg=9 pos=9 root_lp=infeasible margin=0.000e+00 block=2 nodes=482
OPEN support=611 parity=57 k=4 neg=8 pos=10 root_lp=feasible margin=1.621e+00 block=0 nodes=30
OPEN support=616 parity=11 k=4 neg=9 pos=9 root_lp=feasible margin=1.151e+00 block=0 nodes=30
OPEN support=608 parity=59 k=4 neg=9 pos=9 root_lp=feasible margin=7.091e-01 block=0 nodes=216
OPEN support=611 parity=57 k=5 neg=8 pos=10 root_lp=feasible margin=1.621e+00 block=0 nodes=31
OPEN support=616 parity=11 k=5 neg=9 pos=9 root_lp=feasible margin=1.149e+00 block=0 nodes=31
OPEN support=608 parity=59 k=5 neg=9 pos=9 root_lp=feasible margin=4.372e-01 block=0 nodes=31
OPEN support=620 parity=11 k=3 neg=9 pos=9 root_lp=infeasible margin=0.000e+00 block=2 nodes=483
OPEN support=616 parity=11 k=5 neg=9 pos=9 root_lp=feasible margin=3.375e-01 block=0 nodes=20
OPEN support=616 parity=11 k=6 neg=9 pos=9 root_lp=feasible margin=3.375e-01 block=0 nodes=21
OPEN support=620 parity=11 k=3 neg=9 pos=9 root_lp=feasible margin=1.793e+00 block=0 nodes=82
OPEN support=620 parity=11 k=4 neg=9 pos=9 root_lp=feasible margin=1.800e+00 block=0 nodes=83
OPEN support=608 parity=59 k=3 neg=9 pos=9 root_lp=feasible margin=4.348e-01 block=0 nodes=766
OPEN support=620 parity=11 k=3 neg=9 pos=9 root_lp=feasible margin=8.953e-01 block=0 nodes=82
OPEN support=616 parity=19 k=2 neg=10 pos=8 root_lp=infeasible margin=0.000e+00 block=4 nodes=482
OPEN support=608 parity=59 k=4 neg=9 pos=9 root_lp=feasible margin=1.253e-01 block=0 nodes=253
OPEN support=620 parity=11 k=4 neg=9 pos=9 root_lp=feasible margin=9.687e-01 block=0 nodes=83
OPEN support=616 parity=19 k=3 neg=10 pos=8 root_lp=infeasible margin=0.000e+00 block=4 nodes=483
OPEN support=620 parity=11 k=4 neg=9 pos=9 root_lp=feasible margin=1.024e+00 block=0 nodes=30
OPEN support=620 parity=11 k=5 neg=9 pos=9 root_lp=feasible margin=1.031e+00 block=0 nodes=31
OPEN support=616 parity=19 k=3 neg=10 pos=8 root_lp=infeasible margin=0.000e+00 block=4 nodes=483
OPEN support=608 parity=59 k=4 neg=9 pos=9 root_lp=feasible margin=8.437e-01 block=0 nodes=180
OPEN support=611 parity=57 k=3 neg=8 pos=10 root_lp=infeasible margin=0.000e+00 block=2 nodes=1898
OPEN support=608 parity=59 k=5 neg=9 pos=9 root_lp=feasible margin=5.560e-01 block=0 nodes=31
OPEN support=620 parity=11 k=3 neg=9 pos=9 root_lp=infeasible margin=0.000e+00 block=2 nodes=483
OPEN support=616 parity=19 k=4 neg=10 pos=8 root_lp=infeasible margin=0.000e+00 block=4 nodes=484
OPEN support=617 parity=57 k=2 neg=8 pos=10 root_lp=feasible margin=4.645e-03 block=0 nodes=2467
OPEN support=608 parity=59 k=4 neg=9 pos=9 root_lp=feasible margin=7.327e-02 block=0 nodes=154
OPEN support=616 parity=19 k=3 neg=10 pos=8 root_lp=infeasible margin=0.000e+00 block=4 nodes=483
OPEN support=620 parity=11 k=4 neg=9 pos=9 root_lp=infeasible margin=0.000e+00 block=2 nodes=484
OPEN support=608 parity=59 k=5 neg=9 pos=9 root_lp=feasible margin=4.643e-01 block=0 nodes=31
OPEN support=616 parity=19 k=4 neg=10 pos=8 root_lp=infeasible margin=0.000e+00 block=4 nodes=484
OPEN support=620 parity=11 k=4 neg=9 pos=9 root_lp=feasible margin=1.814e+00 block=0 nodes=83
OPEN support=608 parity=59 k=5 neg=9 pos=9 root_lp=feasible margin=2.391e-01 block=0 nodes=26
OPEN support=608 parity=59 k=6 neg=9 pos=9 root_lp=feasible margin=4.137e-01 block=0 nodes=21
OPEN support=616 parity=19 k=4 neg=10 pos=8 root_lp=infeasible margin=0.000e+00 block=4 nodes=484
OPEN support=620 parity=11 k=5 neg=9 pos=9 root_lp=feasible margin=1.820e+00 block=0 nodes=84
OPEN support=621 parity=7 k=1 neg=8 pos=10 root_lp=infeasible margin=0.000e+00 block=1 nodes=2
OPEN support=616 parity=19 k=5 neg=10 pos=8 root_lp=infeasible margin=0.000e+00 block=4 nodes=485
OPEN support=622 parity=15 k=1 neg=11 pos=7 root_lp=infeasible margin=0.000e+00 block=4 nodes=481
OPEN support=620 parity=11 k=4 neg=9 pos=9 root_lp=feasible margin=9.633e-01 block=0 nodes=83
OPEN support=616 parity=19 k=3 neg=10 pos=8 root_lp=infeasible margin=0.000e+00 block=4 nodes=483
OPEN support=622 parity=15 k=2 neg=11 pos=7 root_lp=infeasible margin=0.000e+00 block=4 nodes=482
OPEN support=617 parity=57 k=3 neg=8 pos=10 root_lp=feasible margin=1.072e+00 block=0 nodes=473
OPEN support=616 parity=19 k=4 neg=10 pos=8 root_lp=infeasible margin=0.000e+00 block=4 nodes=484
OPEN support=620 parity=11 k=5 neg=9 pos=9 root_lp=feasible margin=1.034e+00 block=0 nodes=84
OPEN support=622 parity=15 k=3 neg=11 pos=7 root_lp=infeasible margin=0.000e+00 block=4 nodes=483
OPEN support=616 parity=19 k=4 neg=10 pos=8 root_lp=infeasible margin=0.000e+00 block=4 nodes=484
OPEN support=620 parity=11 k=5 neg=9 pos=9 root_lp=feasible margin=1.014e+00 block=0 nodes=31
OPEN support=622 parity=15 k=3 neg=11 pos=7 root_lp=infeasible margin=0.000e+00 block=4 nodes=483
OPEN support=620 parity=11 k=6 neg=9 pos=9 root_lp=feasible margin=1.030e+00 block=0 nodes=32
OPEN support=622 parity=15 k=4 neg=11 pos=7 root_lp=infeasible margin=0.000e+00 block=4 nodes=484
OPEN support=616 parity=19 k=5 neg=10 pos=8 root_lp=infeasible margin=0.000e+00 block=4 nodes=485
OPEN support=616 parity=19 k=4 neg=10 pos=8 root_lp=infeasible margin=0.000e+00 block=4 nodes=484
OPEN support=616 parity=19 k=5 neg=10 pos=8 root_lp=infeasible margin=0.000e+00 block=4 nodes=485
OPEN support=616 parity=19 k=5 neg=10 pos=8 root_lp=infeasible margin=0.000e+00 block=4 nodes=485
OPEN support=616 parity=19 k=6 neg=10 pos=8 root_lp=infeasible margin=0.000e+00 block=4 nodes=486
OPEN support=617 parity=57 k=3 neg=8 pos=10 root_lp=feasible margin=2.040e+00 block=0 nodes=410
OPEN support=611 parity=57 k=4 neg=8 pos=10 root_lp=infeasible margin=0.000e+00 block=2 nodes=2372
OPEN support=611 parity=57 k=4 neg=8 pos=10 root_lp=feasible margin=1.788e+00 block=0 nodes=76
OPEN support=617 parity=57 k=4 neg=8 pos=10 root_lp=feasible margin=1.116e+00 block=0 nodes=62
OPEN support=620 parity=57 k=2 neg=8 pos=10 root_lp=infeasible margin=0.000e+00 block=2 nodes=2581
OPEN support=617 parity=57 k=3 neg=8 pos=10 root_lp=feasible margin=1.302e+00 block=0 nodes=82
OPEN support=611 parity=57 k=5 neg=8 pos=10 root_lp=feasible margin=1.788e+00 block=0 nodes=188
OPEN support=617 parity=57 k=4 neg=8 pos=10 root_lp=feasible margin=1.121e+00 block=0 nodes=30
OPEN support=611 parity=57 k=4 neg=8 pos=10 root_lp=feasible margin=1.370e+00 block=0 nodes=83
OPEN support=617 parity=57 k=4 neg=8 pos=10 root_lp=feasible margin=1.607e+00 block=0 nodes=30
OPEN support=624 parity=15 k=2 neg=9 pos=9 root_lp=infeasible margin=0.000e+00 block=2 nodes=482
OPEN support=611 parity=57 k=5 neg=8 pos=10 root_lp=feasible margin=1.412e+00 block=0 nodes=84
OPEN support=623 parity=14 k=2 neg=8 pos=10 root_lp=infeasible margin=0.000e+00 block=2 nodes=5189
OPEN support=611 parity=57 k=5 neg=8 pos=10 root_lp=feasible margin=1.621e+00 block=0 nodes=31
OPEN support=617 parity=57 k=5 neg=8 pos=10 root_lp=feasible margin=1.179e+00 block=0 nodes=20
OPEN support=611 parity=57 k=6 neg=8 pos=10 root_lp=feasible margin=1.621e+00 block=0 nodes=32
OPEN support=624 parity=15 k=3 neg=9 pos=9 root_lp=feasible margin=1.133e+00 block=0 nodes=82
OPEN support=624 parity=15 k=3 neg=9 pos=9 root_lp=feasible margin=1.455e+00 block=0 nodes=82
OPEN support=625 parity=11 k=2 neg=10 pos=8 root_lp=infeasible margin=0.000e+00 block=4 nodes=482
OPEN support=624 parity=15 k=4 neg=9 pos=9 root_lp=feasible margin=1.315e+00 block=0 nodes=30
OPEN support=625 parity=11 k=3 neg=10 pos=8 root_lp=infeasible margin=0.000e+00 block=4 nodes=483
OPEN support=625 parity=11 k=3 neg=10 pos=8 root_lp=infeasible margin=0.000e+00 block=4 nodes=483
OPEN support=626 parity=7 k=2 neg=10 pos=8 root_lp=infeasible margin=0.000e+00 block=4 nodes=482
OPEN support=625 parity=11 k=4 neg=10 pos=8 root_lp=infeasible margin=0.000e+00 block=4 nodes=484
OPEN support=626 parity=7 k=3 neg=10 pos=8 root_lp=infeasible margin=0.000e+00 block=4 nodes=483
OPEN support=625 parity=11 k=3 neg=10 pos=8 root_lp=infeasible margin=0.000e+00 block=4 nodes=483
OPEN support=623 parity=14 k=3 neg=8 pos=10 root_lp=feasible margin=1.398e+00 block=0 nodes=614
OPEN support=625 parity=11 k=4 neg=10 pos=8 root_lp=infeasible margin=0.000e+00 block=2 nodes=484
OPEN support=626 parity=7 k=3 neg=10 pos=8 root_lp=infeasible margin=0.000e+00 block=4 nodes=483
OPEN support=625 parity=11 k=4 neg=10 pos=8 root_lp=infeasible margin=0.000e+00 block=4 nodes=484
OPEN support=625 parity=11 k=5 neg=10 pos=8 root_lp=infeasible margin=0.000e+00 block=2 nodes=485
OPEN support=626 parity=7 k=4 neg=10 pos=8 root_lp=infeasible margin=0.000e+00 block=2 nodes=484
OPEN support=625 parity=29 k=2 neg=11 pos=7 root_lp=infeasible margin=0.000e+00 block=4 nodes=482
OPEN support=625 parity=29 k=3 neg=11 pos=7 root_lp=infeasible margin=0.000e+00 block=4 nodes=483
OPEN support=626 parity=7 k=2 neg=10 pos=8 root_lp=infeasible margin=0.000e+00 block=4 nodes=482
OPEN support=625 parity=29 k=3 neg=11 pos=7 root_lp=infeasible margin=0.000e+00 block=4 nodes=483
OPEN support=626 parity=7 k=3 neg=10 pos=8 root_lp=infeasible margin=0.000e+00 block=4 nodes=483
OPEN support=625 parity=29 k=4 neg=11 pos=7 root_lp=infeasible margin=0.000e+00 block=4 nodes=484
OPEN support=617 parity=57 k=3 neg=8 pos=10 root_lp=infeasible margin=0.000e+00 block=2 nodes=2536
OPEN support=625 parity=29 k=3 neg=11 pos=7 root_lp=infeasible margin=0.000e+00 block=4 nodes=483
OPEN support=625 parity=29 k=4 neg=11 pos=7 root_lp=infeasible margin=0.000e+00 block=4 nodes=484
OPEN support=625 parity=29 k=4 neg=11 pos=7 root_lp=infeasible margin=0.000e+00 block=4 nodes=484
OPEN support=626 parity=7 k=3 neg=10 pos=8 root_lp=infeasible margin=0.000e+00 block=4 nodes=483
OPEN support=625 parity=29 k=5 neg=11 pos=7 root_lp=infeasible margin=0.000e+00 block=4 nodes=485
OPEN support=625 parity=30 k=2 neg=9 pos=9 root_lp=infeasible margin=0.000e+00 block=2 nodes=482
OPEN support=626 parity=7 k=4 neg=10 pos=8 root_lp=infeasible margin=0.000e+00 block=4 nodes=484
OPEN support=625 parity=30 k=3 neg=9 pos=9 root_lp=infeasible margin=0.000e+00 block=2 nodes=483
OPEN support=626 parity=7 k=3 neg=10 pos=8 root_lp=infeasible margin=0.000e+00 block=4 nodes=483
OPEN support=625 parity=30 k=3 neg=9 pos=9 root_lp=feasible margin=1.277e+00 block=0 nodes=82
OPEN support=625 parity=30 k=4 neg=9 pos=9 root_lp=feasible margin=1.295e+00 block=0 nodes=83
OPEN support=626 parity=7 k=4 neg=10 pos=8 root_lp=infeasible margin=0.000e+00 block=4 nodes=484
OPEN support=625 parity=30 k=3 neg=9 pos=9 root_lp=feasible margin=1.462e+00 block=0 nodes=82
OPEN support=625 parity=30 k=4 neg=9 pos=9 root_lp=feasible margin=1.469e+00 block=0 nodes=83
OPEN support=625 parity=30 k=4 neg=9 pos=9 root_lp=feasible margin=1.315e+00 block=0 nodes=30
OPEN support=626 parity=7 k=4 neg=10 pos=8 root_lp=infeasible margin=0.000e+00 block=4 nodes=484
OPEN support=625 parity=30 k=5 neg=9 pos=9 root_lp=feasible margin=1.315e+00 block=0 nodes=31
OPEN support=623 parity=14 k=3 neg=8 pos=10 root_lp=infeasible margin=0.000e+00 block=2 nodes=5282
OPEN support=617 parity=57 k=4 neg=8 pos=10 root_lp=feasible margin=1.071e+00 block=0 nodes=594
OPEN support=626 parity=7 k=5 neg=10 pos=8 root_lp=infeasible margin=0.000e+00 block=4 nodes=485
OPEN support=627 parity=3 k=2 neg=9 pos=9 root_lp=feasible margin=1.745e-01 block=0 nodes=525
OPEN support=627 parity=3 k=3 neg=9 pos=9 root_lp=feasible margin=3.702e-02 block=0 nodes=57
OPEN support=627 parity=3 k=2 neg=9 pos=9 root_lp=infeasible margin=0.000e+00 block=2 nodes=482
OPEN support=620 parity=57 k=3 neg=8 pos=10 root_lp=infeasible margin=0.000e+00 block=2 nodes=4375
OPEN support=627 parity=3 k=3 neg=9 pos=9 root_lp=feasible margin=3.109e-01 block=0 nodes=478
OPEN support=627 parity=3 k=3 neg=9 pos=9 root_lp=feasible margin=1.422e-01 block=0 nodes=326
OPEN support=617 parity=57 k=4 neg=8 pos=10 root_lp=feasible margin=2.038e+00 block=0 nodes=355
OPEN support=620 parity=57 k=3 neg=8 pos=10 root_lp=feasible margin=2.059e+00 block=0 nodes=268
OPEN support=627 parity=3 k=4 neg=9 pos=9 root_lp=feasible margin=1.578e-01 block=0 nodes=38
OPEN support=623 parity=14 k=4 neg=8 pos=10 root_lp=feasible margin=1.347e+00 block=0 nodes=539
OPEN support=620 parity=57 k=4 neg=8 pos=10 root_lp=feasible margin=1.959e+00 block=0 nodes=83
OPEN support=617 parity=57 k=5 neg=8 pos=10 root_lp=feasible margin=1.115e+00 block=0 nodes=55
OPEN support=620 parity=57 k=3 neg=8 pos=10 root_lp=feasible margin=1.203e+00 block=0 nodes=82
OPEN support=628 parity=6 k=2 neg=9 pos=9 root_lp=feasible margin=1.336e-01 block=0 nodes=455
OPEN support=620 parity=57 k=4 neg=8 pos=10 root_lp=feasible margin=1.257e+00 block=0 nodes=83
OPEN support=620 parity=57 k=4 neg=8 pos=10 root_lp=feasible margin=1.541e+00 block=0 nodes=30
OPEN support=617 parity=57 k=4 neg=8 pos=10 root_lp=feasible margin=1.300e+00 block=0 nodes=83
OPEN support=620 parity=57 k=5 neg=8 pos=10 root_lp=feasible margin=1.557e+00 block=0 nodes=31
OPEN support=617 parity=57 k=5 neg=8 pos=10 root_lp=feasible margin=1.120e+00 block=0 nodes=31
OPEN support=628 parity=6 k=3 neg=9 pos=9 root_lp=feasible margin=1.445e-01 block=0 nodes=396
OPEN support=617 parity=57 k=5 neg=8 pos=10 root_lp=feasible margin=1.592e+00 block=0 nodes=31
OPEN support=628 parity=6 k=3 neg=9 pos=9 root_lp=feasible margin=1.309e-01 block=0 nodes=33
OPEN support=617 parity=57 k=6 neg=8 pos=10 root_lp=feasible margin=1.174e+00 block=0 nodes=21
OPEN support=628 parity=6 k=4 neg=9 pos=9 root_lp=feasible margin=3.374e-01 block=0 nodes=30
OPEN support=628 parity=6 k=2 neg=9 pos=9 root_lp=infeasible margin=0.000e+00 block=2 nodes=482
OPEN support=617 parity=59 k=2 neg=9 pos=9 root_lp=infeasible margin=0.000e+00 block=2 nodes=482
OPEN support=628 parity=6 k=3 neg=9 pos=9 root_lp=infeasible margin=0.000e+00 block=2 nodes=483
OPEN support=628 parity=6 k=3 neg=9 pos=9 root_lp=feasible margin=8.352e-03 block=0 nodes=398
OPEN support=628 parity=6 k=4 neg=9 pos=9 root_lp=feasible margin=1.953e-02 block=0 nodes=347
OPEN support=617 parity=59 k=3 neg=9 pos=9 root_lp=feasible margin=2.568e-01 block=0 nodes=350
OPEN support=629 parity=5 k=3 neg=9 pos=9 root_lp=feasible margin=4.818e-04 block=0 nodes=726
OPEN support=628 parity=6 k=3 neg=9 pos=9 root_lp=feasible margin=2.517e-01 block=0 nodes=282
OPEN support=629 parity=5 k=4 neg=9 pos=9 root_lp=feasible margin=1.508e+00 block=0 nodes=32
OPEN support=620 parity=57 k=3 neg=8 pos=10 root_lp=infeasible margin=0.000e+00 block=2 nodes=2574
OPEN support=617 parity=59 k=3 neg=9 pos=9 root_lp=feasible margin=1.230e-02 block=0 nodes=146
OPEN support=628 parity=6 k=4 neg=9 pos=9 root_lp=feasible margin=1.627e-01 block=0 nodes=245
OPEN support=617 parity=59 k=4 neg=9 pos=9 root_lp=feasible margin=9.487e-01 block=0 nodes=30
OPEN support=628 parity=6 k=4 neg=9 pos=9 root_lp=feasible margin=3.774e-01 block=0 nodes=30
OPEN support=628 parity=6 k=5 neg=9 pos=9 root_lp=feasible margin=4.671e-01 block=0 nodes=31
OPEN support=617 parity=59 k=3 neg=9 pos=9 root_lp=feasible margin=2.871e-01 block=0 nodes=236
OPEN support=628 parity=7 k=2 neg=10 pos=8 root_lp=infeasible margin=0.000e+00 block=2 nodes=482
OPEN support=617 parity=59 k=4 neg=9 pos=9 root_lp=feasible margin=6.190e-01 block=0 nodes=30
OPEN support=617 parity=59 k=4 neg=9 pos=9 root_lp=feasible margin=1.168e+00 block=0 nodes=30
OPEN support=617 parity=59 k=5 neg=9 pos=9 root_lp=feasible margin=7.497e-01 block=0 nodes=20
OPEN support=628 parity=7 k=3 neg=10 pos=8 root_lp=infeasible margin=0.000e+00 block=2 nodes=483
OPEN support=617 parity=59 k=2 neg=9 pos=9 root_lp=infeasible margin=0.000e+00 block=2 nodes=482
OPEN support=626 parity=28 k=2 neg=8 pos=10 root_lp=feasible margin=2.983e-04 block=0 nodes=5303
OPEN support=617 parity=59 k=3 neg=9 pos=9 root_lp=infeasible margin=0.000e+00 block=2 nodes=483
OPEN support=628 parity=7 k=3 neg=10 pos=8 root_lp=infeasible margin=0.000e+00 block=2 nodes=483
OPEN support=628 parity=7 k=4 neg=10 pos=8 root_lp=infeasible margin=0.000e+00 block=2 nodes=484
OPEN support=628 parity=7 k=2 neg=10 pos=8 root_lp=infeasible margin=0.000e+00 block=4 nodes=482
OPEN support=628 parity=7 k=3 neg=10 pos=8 root_lp=infeasible margin=0.000e+00 block=4 nodes=483
OPEN support=617 parity=59 k=3 neg=9 pos=9 root_lp=feasible margin=4.212e-01 block=0 nodes=900
OPEN support=628 parity=7 k=3 neg=10 pos=8 root_lp=infeasible margin=0.000e+00 block=2 nodes=483
OPEN support=626 parity=28 k=3 neg=8 pos=10 root_lp=feasible margin=1.060e+00 block=0 nodes=176
OPEN support=617 parity=59 k=4 neg=9 pos=9 root_lp=feasible margin=3.393e-02 block=0 nodes=279
OPEN support=629 parity=5 k=4 neg=9 pos=9 root_lp=feasible margin=1.772e-03 block=0 nodes=669
OPEN support=628 parity=7 k=4 neg=10 pos=8 root_lp=infeasible margin=0.000e+00 block=4 nodes=484
OPEN support=628 parity=7 k=3 neg=10 pos=8 root_lp=infeasible margin=0.000e+00 block=2 nodes=483
OPEN support=617 parity=59 k=3 neg=9 pos=9 root_lp=feasible margin=5.934e-01 block=0 nodes=310
OPEN support=629 parity=5 k=5 neg=9 pos=9 root_lp=feasible margin=6.091e-02 block=0 nodes=33
OPEN support=629 parity=6 k=1 neg=9 pos=9 root_lp=infeasible margin=0.000e+00 block=2 nodes=481
OPEN support=628 parity=7 k=4 neg=10 pos=8 root_lp=infeasible margin=0.000e+00 block=4 nodes=484
OPEN support=617 parity=59 k=4 neg=9 pos=9 root_lp=feasible margin=7.990e-02 block=0 nodes=129
OPEN support=629 parity=6 k=2 neg=9 pos=9 root_lp=infeasible margin=0.000e+00 block=2 nodes=482
OPEN support=626 parity=28 k=3 neg=8 pos=10 root_lp=feasible margin=1.423e+00 block=0 nodes=120
OPEN support=617 parity=59 k=4 neg=9 pos=9 root_lp=feasible margin=1.617e-01 block=0 nodes=48
OPEN support=628 parity=7 k=4 neg=10 pos=8 root_lp=infeasible margin=0.000e+00 block=2 nodes=484
OPEN support=626 parity=28 k=4 neg=8 pos=10 root_lp=feasible margin=1.079e-02 block=0 nodes=19
OPEN support=617 parity=59 k=5 neg=9 pos=9 root_lp=feasible margin=9.487e-01 block=0 nodes=31
OPEN support=628 parity=7 k=5 neg=10 pos=8 root_lp=infeasible margin=0.000e+00 block=2 nodes=485
OPEN support=629 parity=6 k=2 neg=9 pos=9 root_lp=feasible margin=1.520e-01 block=0 nodes=525
OPEN support=617 parity=59 k=3 neg=9 pos=9 root_lp=feasible margin=7.623e-01 block=0 nodes=682
OPEN support=629 parity=6 k=3 neg=9 pos=9 root_lp=infeasible margin=0.000e+00 block=2 nodes=483
OPEN support=629 parity=6 k=3 neg=9 pos=9 root_lp=feasible margin=1.330e+00 block=0 nodes=82
OPEN support=628 parity=29 k=2 neg=11 pos=7 root_lp=infeasible margin=0.000e+00 block=4 nodes=482
OPEN support=617 parity=59 k=4 neg=9 pos=9 root_lp=feasible margin=6.429e-02 block=0 nodes=193
OPEN support=629 parity=6 k=3 neg=9 pos=9 root_lp=feasible margin=1.445e-02 block=0 nodes=57
OPEN support=617 parity=59 k=4 neg=9 pos=9 root_lp=feasible margin=5.792e-01 block=0 nodes=92
OPEN support=629 parity=6 k=4 neg=9 pos=9 root_lp=feasible margin=1.501e+00 block=0 nodes=83
OPEN support=628 parity=29 k=3 neg=11 pos=7 root_lp=infeasible margin=0.000e+00 block=4 nodes=483
OPEN support=617 parity=59 k=5 neg=9 pos=9 root_lp=feasible margin=6.588e-01 block=0 nodes=31
OPEN support=629 parity=6 k=2 neg=9 pos=9 root_lp=infeasible margin=0.000e+00 block=2 nodes=482
OPEN support=617 parity=59 k=4 neg=9 pos=9 root_lp=feasible margin=7.776e-02 block=0 nodes=42
OPEN support=628 parity=29 k=3 neg=11 pos=7 root_lp=infeasible margin=0.000e+00 block=2 nodes=483
OPEN support=617 parity=59 k=5 neg=9 pos=9 root_lp=feasible margin=1.180e+00 block=0 nodes=31
OPEN support=629 parity=6 k=3 neg=9 pos=9 root_lp=infeasible margin=0.000e+00 block=2 nodes=483
OPEN support=617 parity=59 k=5 neg=9 pos=9 root_lp=feasible margin=7.193e-01 block=0 nodes=20
OPEN support=628 parity=29 k=4 neg=11 pos=7 root_lp=infeasible margin=0.000e+00 block=2 nodes=484
OPEN support=617 parity=59 k=6 neg=9 pos=9 root_lp=feasible margin=7.497e-01 block=0 nodes=21
OPEN support=628 parity=29 k=2 neg=11 pos=7 root_lp=infeasible margin=0.000e+00 block=4 nodes=482
OPEN support=628 parity=29 k=3 neg=11 pos=7 root_lp=infeasible margin=0.000e+00 block=4 nodes=483
OPEN support=629 parity=6 k=3 neg=9 pos=9 root_lp=feasible margin=2.883e-01 block=0 nodes=478
OPEN support=628 parity=29 k=3 neg=11 pos=7 root_lp=infeasible margin=0.000e+00 block=4 nodes=483
OPEN support=629 parity=6 k=4 neg=9 pos=9 root_lp=infeasible margin=0.000e+00 block=2 nodes=484
OPEN support=631 parity=29 k=2 neg=11 pos=7 root_lp=infeasible margin=0.000e+00 block=4 nodes=482
OPEN support=628 parity=29 k=4 neg=11 pos=7 root_lp=infeasible margin=0.000e+00 block=4 nodes=484
OPEN support=631 parity=29 k=3 neg=11 pos=7 root_lp=infeasible margin=0.000e+00 block=4 nodes=483
OPEN support=629 parity=6 k=3 neg=9 pos=9 root_lp=feasible margin=1.196e-01 block=0 nodes=328
OPEN support=628 parity=29 k=3 neg=11 pos=7 root_lp=infeasible margin=0.000e+00 block=4 nodes=483
OPEN support=631 parity=29 k=3 neg=11 pos=7 root_lp=infeasible margin=0.000e+00 block=4 nodes=483
OPEN support=629 parity=6 k=4 neg=9 pos=9 root_lp=feasible margin=1.501e+00 block=0 nodes=83
OPEN support=631 parity=29 k=4 neg=11 pos=7 root_lp=infeasible margin=0.000e+00 block=4 nodes=484
OPEN support=628 parity=29 k=4 neg=11 pos=7 root_lp=infeasible margin=0.000e+00 block=4 nodes=484
OPEN support=629 parity=6 k=4 neg=9 pos=9 root_lp=feasible margin=1.352e-01 block=0 nodes=38
OPEN support=631 parity=29 k=3 neg=11 pos=7 root_lp=infeasible margin=0.000e+00 block=4 nodes=483
OPEN support=628 parity=29 k=4 neg=11 pos=7 root_lp=infeasible margin=0.000e+00 block=2 nodes=484
OPEN support=629 parity=6 k=5 neg=9 pos=9 root_lp=feasible margin=1.501e+00 block=0 nodes=84
OPEN support=631 parity=29 k=4 neg=11 pos=7 root_lp=infeasible margin=0.000e+00 block=4 nodes=484
OPEN support=628 parity=29 k=5 neg=11 pos=7 root_lp=infeasible margin=0.000e+00 block=2 nodes=485
OPEN support=631 parity=29 k=4 neg=11 pos=7 root_lp=infeasible margin=0.000e+00 block=4 nodes=484
OPEN support=631 parity=29 k=5 neg=11 pos=7 root_lp=infeasible margin=0.000e+00 block=4 nodes=485
OPEN support=620 parity=57 k=4 neg=8 pos=10 root_lp=infeasible margin=0.000e+00 block=2 nodes=3844
OPEN support=633 parity=29 k=2 neg=9 pos=9 root_lp=infeasible margin=0.000e+00 block=2 nodes=482
OPEN support=626 parity=28 k=3 neg=8 pos=10 root_lp=feasible margin=5.754e-04 block=0 nodes=5474
OPEN support=633 parity=29 k=3 neg=9 pos=9 root_lp=feasible margin=1.310e+00 block=0 nodes=82
OPEN support=633 parity=29 k=3 neg=9 pos=9 root_lp=feasible margin=1.747e+00 block=0 nodes=82
OPEN support=620 parity=57 k=4 neg=8 pos=10 root_lp=feasible margin=2.055e+00 block=0 nodes=287
OPEN support=633 parity=29 k=4 neg=9 pos=9 root_lp=feasible margin=1.156e+00 block=0 nodes=30
OPEN support=620 parity=57 k=5 neg=8 pos=10 root_lp=feasible margin=1.956e+00 block=0 nodes=84
OPEN support=633 parity=29 k=3 neg=9 pos=9 root_lp=feasible margin=1.464e+00 block=0 nodes=82
OPEN support=633 parity=29 k=4 neg=9 pos=9 root_lp=feasible margin=1.315e+00 block=0 nodes=30
OPEN support=626 parity=28 k=4 neg=8 pos=10 root_lp=feasible margin=1.063e+00 block=0 nodes=141
OPEN support=620 parity=57 k=4 neg=8 pos=10 root_lp=feasible margin=1.209e+00 block=0 nodes=83
OPEN support=633 parity=29 k=4 neg=9 pos=9 root_lp=feasible margin=1.347e+00 block=0 nodes=30
OPEN support=633 parity=29 k=5 neg=9 pos=9 root_lp=feasible margin=9.616e-01 block=0 nodes=20
OPEN support=620 parity=57 k=5 neg=8 pos=10 root_lp=feasible margin=1.261e+00 block=0 nodes=84
OPEN support=620 parity=57 k=5 neg=8 pos=10 root_lp=feasible margin=1.522e+00 block=0 nodes=31
OPEN support=620 parity=57 k=6 neg=8 pos=10 root_lp=feasible margin=1.545e+00 block=0 nodes=32
OPEN support=626 parity=28 k=4 neg=8 pos=10 root_lp=feasible margin=1.412e+00 block=0 nodes=159
OPEN support=626 parity=28 k=5 neg=8 pos=10 root_lp=feasible margin=8.622e-03 block=0 nodes=20
OPEN support=634 parity=19 k=2 neg=10 pos=8 root_lp=infeasible margin=0.000e+00 block=4 nodes=482
OPEN support=626 parity=30 k=2 neg=9 pos=9 root_lp=infeasible margin=0.000e+00 block=2 nodes=482
OPEN support=634 parity=19 k=3 neg=10 pos=8 root_lp=infeasible margin=0.000e+00 block=4 nodes=483
OPEN support=626 parity=30 k=3 neg=9 pos=9 root_lp=feasible margin=1.474e-01 block=0 nodes=306
OPEN support=635 parity=11 k=2 neg=10 pos=8 root_lp=infeasible margin=0.000e+00 block=4 nodes=482
OPEN support=634 parity=19 k=3 neg=10 pos=8 root_lp=infeasible margin=0.000e+00 block=4 nodes=483
OPEN support=626 parity=30 k=3 neg=9 pos=9 root_lp=feasible margin=3.470e-01 block=0 nodes=252
OPEN support=635 parity=11 k=3 neg=10 pos=8 root_lp=infeasible margin=0.000e+00 block=2 nodes=483
OPEN support=634 parity=19 k=4 neg=10 pos=8 root_lp=infeasible margin=0.000e+00 block=4 nodes=484
OPEN support=626 parity=30 k=4 neg=9 pos=9 root_lp=feasible margin=4.985e-01 block=0 nodes=30
OPEN support=629 parity=28 k=2 neg=8 pos=10 root_lp=infeasible margin=0.000e+00 block=2 nodes=5273
OPEN support=635 parity=11 k=3 neg=10 pos=8 root_lp=infeasible margin=0.000e+00 block=4 nodes=483
OPEN support=634 parity=19 k=3 neg=10 pos=8 root_lp=infeasible margin=0.000e+00 block=4 nodes=483
OPEN support=635 parity=11 k=4 neg=10 pos=8 root_lp=infeasible margin=0.000e+00 block=4 nodes=484
OPEN support=634 parity=19 k=4 neg=10 pos=8 root_lp=infeasible margin=0.000e+00 block=4 nodes=484
OPEN support=626 parity=30 k=2 neg=9 pos=9 root_lp=infeasible margin=0.000e+00 block=2 nodes=482
OPEN support=626 parity=30 k=3 neg=9 pos=9 root_lp=infeasible margin=0.000e+00 block=2 nodes=483
OPEN support=634 parity=19 k=4 neg=10 pos=8 root_lp=infeasible margin=0.000e+00 block=4 nodes=484
OPEN support=635 parity=11 k=3 neg=10 pos=8 root_lp=infeasible margin=0.000e+00 block=2 nodes=483
OPEN support=634 parity=19 k=5 neg=10 pos=8 root_lp=infeasible margin=0.000e+00 block=4 nodes=485
OPEN support=626 parity=30 k=3 neg=9 pos=9 root_lp=feasible margin=7.777e-01 block=0 nodes=82
OPEN support=635 parity=11 k=4 neg=10 pos=8 root_lp=infeasible margin=0.000e+00 block=2 nodes=484
OPEN support=634 parity=19 k=3 neg=10 pos=8 root_lp=infeasible margin=0.000e+00 block=4 nodes=483
OPEN support=632 parity=28 k=2 neg=8 pos=10 root_lp=infeasible margin=0.000e+00 block=2 nodes=5339
OPEN support=626 parity=30 k=4 neg=9 pos=9 root_lp=feasible margin=2.692e-01 block=0 nodes=267
OPEN support=635 parity=11 k=4 neg=10 pos=8 root_lp=infeasible margin=0.000e+00 block=2 nodes=484
OPEN support=634 parity=19 k=4 neg=10 pos=8 root_lp=infeasible margin=0.000e+00 block=4 nodes=484
OPEN support=635 parity=11 k=5 neg=10 pos=8 root_lp=infeasible margin=0.000e+00 block=2 nodes=485
OPEN support=626 parity=30 k=3 neg=9 pos=9 root_lp=feasible margin=1.332e+00 block=0 nodes=82
OPEN support=634 parity=19 k=4 neg=10 pos=8 root_lp=infeasible margin=0.000e+00 block=4 nodes=484
OPEN support=635 parity=11 k=2 neg=10 pos=8 root_lp=infeasible margin=0.000e+00 block=4 nodes=482
OPEN support=626 parity=30 k=4 neg=9 pos=9 root_lp=feasible margin=1.138e-01 block=0 nodes=217
OPEN support=634 parity=19 k=5 neg=10 pos=8 root_lp=infeasible margin=0.000e+00 block=4 nodes=485
OPEN support=635 parity=11 k=3 neg=10 pos=8 root_lp=infeasible margin=0.000e+00 block=4 nodes=483
OPEN support=626 parity=30 k=4 neg=9 pos=9 root_lp=feasible margin=1.315e+00 block=0 nodes=30
OPEN support=632 parity=28 k=3 neg=8 pos=10 root_lp=feasible margin=1.788e+00 block=0 nodes=324
OPEN support=626 parity=30 k=5 neg=9 pos=9 root_lp=feasible margin=1.017e+00 block=0 nodes=31
OPEN support=634 parity=19 k=4 neg=10 pos=8 root_lp=infeasible margin=0.000e+00 block=4 nodes=484
OPEN support=635 parity=11 k=3 neg=10 pos=8 root_lp=infeasible margin=0.000e+00 block=4 nodes=483
OPEN support=634 parity=19 k=5 neg=10 pos=8 root_lp=infeasible margin=0.000e+00 block=4 nodes=485
OPEN support=635 parity=11 k=4 neg=10 pos=8 root_lp=infeasible margin=0.000e+00 block=4 nodes=484
OPEN support=634 parity=19 k=5 neg=10 pos=8 root_lp=infeasible margin=0.000e+00 block=4 nodes=485
OPEN support=636 parity=5 k=2 neg=9 pos=9 root_lp=feasible margin=7.341e-02 block=0 nodes=359
OPEN support=635 parity=11 k=3 neg=10 pos=8 root_lp=infeasible margin=0.000e+00 block=4 nodes=483
OPEN support=634 parity=19 k=6 neg=10 pos=8 root_lp=infeasible margin=0.000e+00 block=4 nodes=486
OPEN support=636 parity=5 k=3 neg=9 pos=9 root_lp=feasible margin=5.714e-01 block=0 nodes=29
OPEN support=635 parity=11 k=4 neg=10 pos=8 root_lp=infeasible margin=0.000e+00 block=4 nodes=484
OPEN support=636 parity=5 k=3 neg=9 pos=9 root_lp=feasible margin=3.983e-01 block=0 nodes=29
OPEN support=635 parity=11 k=4 neg=10 pos=8 root_lp=infeasible margin=0.000e+00 block=4 nodes=484
OPEN support=636 parity=5 k=4 neg=9 pos=9 root_lp=feasible margin=7.993e-01 block=0 nodes=19
OPEN support=636 parity=5 k=2 neg=9 pos=9 root_lp=infeasible margin=0.000e+00 block=2 nodes=482
OPEN support=635 parity=11 k=5 neg=10 pos=8 root_lp=infeasible margin=0.000e+00 block=4 nodes=485
OPEN support=634 parity=57 k=2 neg=11 pos=7 root_lp=infeasible margin=0.000e+00 block=4 nodes=482
OPEN support=635 parity=11 k=3 neg=10 pos=8 root_lp=infeasible margin=0.000e+00 block=4 nodes=483
OPEN support=632 parity=28 k=3 neg=8 pos=10 root_lp=feasible margin=1.490e+00 block=0 nodes=428
OPEN support=636 parity=5 k=3 neg=9 pos=9 root_lp=feasible margin=2.218e-01 block=0 nodes=318
OPEN support=634 parity=57 k=3 neg=11 pos=7 root_lp=infeasible margin=0.000e+00 block=4 nodes=483
OPEN support=635 parity=11 k=4 neg=10 pos=8 root_lp=infeasible margin=0.000e+00 block=4 nodes=484
OPEN support=634 parity=57 k=3 neg=11 pos=7 root_lp=infeasible margin=0.000e+00 block=4 nodes=483
OPEN support=636 parity=5 k=3 neg=9 pos=9 root_lp=feasible margin=1.664e-02 block=0 nodes=210
OPEN support=632 parity=28 k=4 neg=8 pos=10 root_lp=feasible margin=1.270e+00 block=0 nodes=60
OPEN support=636 parity=5 k=4 neg=9 pos=9 root_lp=feasible margin=6.735e-01 block=0 nodes=30
OPEN support=635 parity=11 k=4 neg=10 pos=8 root_lp=infeasible margin=0.000e+00 block=2 nodes=484
OPEN support=634 parity=57 k=4 neg=11 pos=7 root_lp=infeasible margin=0.000e+00 block=4 nodes=484
OPEN support=634 parity=57 k=3 neg=11 pos=7 root_lp=infeasible margin=0.000e+00 block=4 nodes=483
OPEN support=635 parity=11 k=5 neg=10 pos=8 root_lp=infeasible margin=0.000e+00 block=2 nodes=485
OPEN support=636 parity=5 k=3 neg=9 pos=9 root_lp=feasible margin=4.159e-02 block=0 nodes=232
OPEN support=634 parity=57 k=4 neg=11 pos=7 root_lp=infeasible margin=0.000e+00 block=4 nodes=484
OPEN support=636 parity=5 k=4 neg=9 pos=9 root_lp=feasible margin=6.203e-01 block=0 nodes=30
OPEN support=635 parity=11 k=4 neg=10 pos=8 root_lp=infeasible margin=0.000e+00 block=4 nodes=484
OPEN support=634 parity=57 k=4 neg=11 pos=7 root_lp=infeasible margin=0.000e+00 block=4 nodes=484
OPEN support=636 parity=5 k=4 neg=9 pos=9 root_lp=feasible margin=8.807e-01 block=0 nodes=30
OPEN support=635 parity=11 k=5 neg=10 pos=8 root_lp=infeasible margin=0.000e+00 block=4 nodes=485
OPEN support=636 parity=5 k=5 neg=9 pos=9 root_lp=feasible margin=8.010e-01 block=0 nodes=20
OPEN support=634 parity=57 k=5 neg=11 pos=7 root_lp=infeasible margin=0.000e+00 block=4 nodes=485
OPEN support=635 parity=11 k=5 neg=10 pos=8 root_lp=infeasible margin=0.000e+00 block=2 nodes=485
OPEN support=635 parity=11 k=6 neg=10 pos=8 root_lp=infeasible margin=0.000e+00 block=2 nodes=486
OPEN support=634 parity=57 k=3 neg=11 pos=7 root_lp=infeasible margin=0.000e+00 block=4 nodes=483
OPEN support=634 parity=57 k=4 neg=11 pos=7 root_lp=infeasible margin=0.000e+00 block=4 nodes=484
OPEN support=634 parity=57 k=4 neg=11 pos=7 root_lp=infeasible margin=0.000e+00 block=4 nodes=484
OPEN support=637 parity=10 k=2 neg=9 pos=9 root_lp=feasible margin=1.114e-01 block=0 nodes=313
OPEN support=634 parity=57 k=5 neg=11 pos=7 root_lp=infeasible margin=0.000e+00 block=4 nodes=485
OPEN support=634 parity=57 k=4 neg=11 pos=7 root_lp=infeasible margin=0.000e+00 block=4 nodes=484
OPEN support=634 parity=57 k=5 neg=11 pos=7 root_lp=infeasible margin=0.000e+00 block=4 nodes=485
OPEN support=637 parity=10 k=3 neg=9 pos=9 root_lp=feasible margin=1.643e-01 block=0 nodes=282
OPEN support=637 parity=10 k=3 neg=9 pos=9 root_lp=feasible margin=6.643e-01 block=0 nodes=29
OPEN support=634 parity=57 k=5 neg=11 pos=7 root_lp=infeasible margin=0.000e+00 block=4 nodes=485
OPEN support=637 parity=10 k=4 neg=9 pos=9 root_lp=feasible margin=7.257e-01 block=0 nodes=30
OPEN support=637 parity=10 k=3 neg=9 pos=9 root_lp=feasible margin=6.349e-01 block=0 nodes=29
OPEN support=634 parity=57 k=6 neg=11 pos=7 root_lp=infeasible margin=0.000e+00 block=4 nodes=486
OPEN support=637 parity=10 k=4 neg=9 pos=9 root_lp=feasible margin=6.426e-01 block=0 nodes=30
OPEN support=637 parity=10 k=4 neg=9 pos=9 root_lp=feasible margin=7.908e-01 block=0 nodes=19
OPEN support=634 parity=58 k=2 neg=9 pos=9 root_lp=infeasible margin=0.000e+00 block=2 nodes=482
OPEN support=637 parity=10 k=5 neg=9 pos=9 root_lp=feasible margin=7.838e-01 block=0 nodes=20
OPEN support=637 parity=10 k=2 neg=9 pos=9 root_lp=infeasible margin=0.000e+00 block=2 nodes=482
OPEN support=637 parity=10 k=3 neg=9 pos=9 root_lp=infeasible margin=0.000e+00 block=2 nodes=483
OPEN support=634 parity=58 k=3 neg=9 pos=9 root_lp=infeasible margin=0.000e+00 block=2 nodes=483
OPEN support=634 parity=58 k=3 neg=9 pos=9 root_lp=feasible margin=1.326e+00 block=0 nodes=82
OPEN support=637 parity=10 k=3 neg=9 pos=9 root_lp=feasible margin=1.975e-02 block=0 nodes=274
OPEN support=634 parity=58 k=4 neg=9 pos=9 root_lp=feasible margin=1.343e+00 block=0 nodes=83
OPEN support=634 parity=58 k=3 neg=9 pos=9 root_lp=feasible margin=1.752e+00 block=0 nodes=82
OPEN support=637 parity=10 k=4 neg=9 pos=9 root_lp=feasible margin=4.789e-02 block=0 nodes=247
OPEN support=632 parity=28 k=3 neg=8 pos=10 root_lp=infeasible margin=0.000e+00 block=2 nodes=5476
OPEN support=634 parity=58 k=4 neg=9 pos=9 root_lp=feasible margin=1.757e+00 block=0 nodes=83
OPEN support=637 parity=10 k=3 neg=9 pos=9 root_lp=feasible margin=3.927e-02 block=0 nodes=190
OPEN support=634 parity=58 k=4 neg=9 pos=9 root_lp=feasible margin=1.153e+00 block=0 nodes=30
OPEN support=634 parity=58 k=5 neg=9 pos=9 root_lp=feasible margin=1.148e+00 block=0 nodes=31
OPEN support=637 parity=10 k=4 neg=9 pos=9 root_lp=feasible margin=6.190e-02 block=0 nodes=173
OPEN support=634 parity=58 k=3 neg=9 pos=9 root_lp=feasible margin=1.471e+00 block=0 nodes=82
OPEN support=637 parity=10 k=4 neg=9 pos=9 root_lp=feasible margin=7.320e-01 block=0 nodes=30
OPEN support=632 parity=28 k=4 neg=8 pos=10 root_lp=feasible margin=1.788e+00 block=0 nodes=293
OPEN support=637 parity=10 k=5 neg=9 pos=9 root_lp=feasible margin=7.683e-01 block=0 nodes=31
OPEN support=634 parity=58 k=4 neg=9 pos=9 root_lp=feasible margin=1.478e+00 block=0 nodes=83
OPEN support=634 parity=58 k=4 neg=9 pos=9 root_lp=feasible margin=1.315e+00 block=0 nodes=30
OPEN support=637 parity=10 k=3 neg=9 pos=9 root_lp=feasible margin=2.829e-01 block=0 nodes=200
OPEN support=634 parity=58 k=5 neg=9 pos=9 root_lp=feasible margin=1.315e+00 block=0 nodes=31
OPEN support=634 parity=58 k=4 neg=9 pos=9 root_lp=feasible margin=1.350e+00 block=0 nodes=30
OPEN support=634 parity=58 k=5 neg=9 pos=9 root_lp=feasible margin=1.349e+00 block=0 nodes=31
OPEN support=637 parity=10 k=4 neg=9 pos=9 root_lp=feasible margin=3.119e-01 block=0 nodes=183
OPEN support=634 parity=58 k=5 neg=9 pos=9 root_lp=feasible margin=9.616e-01 block=0 nodes=20
OPEN support=634 parity=58 k=6 neg=9 pos=9 root_lp=feasible margin=9.616e-01 block=0 nodes=21
OPEN support=637 parity=10 k=4 neg=9 pos=9 root_lp=feasible margin=6.366e-01 block=0 nodes=30
OPEN support=637 parity=10 k=5 neg=9 pos=9 root_lp=feasible margin=6.440e-01 block=0 nodes=31
OPEN support=637 parity=10 k=4 neg=9 pos=9 root_lp=feasible margin=9.194e-01 block=0 nodes=30
OPEN support=637 parity=10 k=5 neg=9 pos=9 root_lp=feasible margin=9.570e-01 block=0 nodes=31
OPEN support=637 parity=10 k=5 neg=9 pos=9 root_lp=feasible margin=7.973e-01 block=0 nodes=20
OPEN support=632 parity=28 k=4 neg=8 pos=10 root_lp=feasible margin=1.487e+00 block=0 nodes=491
OPEN support=637 parity=10 k=6 neg=9 pos=9 root_lp=feasible margin=7.896e-01 block=0 nodes=21
OPEN support=632 parity=28 k=5 neg=8 pos=10 root_lp=feasible margin=1.270e+00 block=0 nodes=35
OPEN support=637 parity=11 k=2 neg=10 pos=8 root_lp=infeasible margin=0.000e+00 block=4 nodes=482
OPEN support=637 parity=11 k=3 neg=10 pos=8 root_lp=infeasible margin=0.000e+00 block=4 nodes=483
OPEN support=635 parity=56 k=2 neg=8 pos=10 root_lp=feasible margin=7.002e-04 block=0 nodes=5437
OPEN support=637 parity=11 k=3 neg=10 pos=8 root_lp=infeasible margin=0.000e+00 block=4 nodes=483
OPEN support=640 parity=29 k=2 neg=11 pos=7 root_lp=infeasible margin=0.000e+00 block=4 nodes=482
OPEN support=637 parity=11 k=4 neg=10 pos=8 root_lp=infeasible margin=0.000e+00 block=4 nodes=484
OPEN support=640 parity=29 k=3 neg=11 pos=7 root_lp=infeasible margin=0.000e+00 block=4 nodes=483
OPEN support=637 parity=11 k=3 neg=10 pos=8 root_lp=infeasible margin=0.000e+00 block=4 nodes=483
OPEN support=640 parity=29 k=3 neg=11 pos=7 root_lp=infeasible margin=0.000e+00 block=2 nodes=483
OPEN support=637 parity=11 k=4 neg=10 pos=8 root_lp=infeasible margin=0.000e+00 block=4 nodes=484
OPEN support=635 parity=56 k=3 neg=8 pos=10 root_lp=feasible margin=1.077e+00 block=0 nodes=182
OPEN support=640 parity=29 k=4 neg=11 pos=7 root_lp=infeasible margin=0.000e+00 block=4 nodes=484
OPEN support=637 parity=11 k=4 neg=10 pos=8 root_lp=infeasible margin=0.000e+00 block=4 nodes=484
OPEN support=640 parity=29 k=3 neg=11 pos=7 root_lp=infeasible margin=0.000e+00 block=4 nodes=483
OPEN support=637 parity=11 k=5 neg=10 pos=8 root_lp=infeasible margin=0.000e+00 block=4 nodes=485
OPEN support=638 parity=9 k=3 neg=9 pos=9 root_lp=feasible margin=2.207e-02 block=0 nodes=488
OPEN support=637 parity=11 k=2 neg=10 pos=8 root_lp=infeasible margin=0.000e+00 block=4 nodes=482
OPEN support=635 parity=56 k=3 neg=8 pos=10 root_lp=feasible margin=1.788e+00 block=0 nodes=210
OPEN support=640 parity=29 k=4 neg=11 pos=7 root_lp=infeasible margin=0.000e+00 block=4 nodes=484
OPEN support=638 parity=9 k=4 neg=9 pos=9 root_lp=feasible margin=8.655e-02 block=0 nodes=30
OPEN support=637 parity=11 k=3 neg=10 pos=8 root_lp=infeasible margin=0.000e+00 block=4 nodes=483
OPEN support=640 parity=29 k=4 neg=11 pos=7 root_lp=infeasible margin=0.000e+00 block=4 nodes=484
OPEN support=638 parity=9 k=4 neg=9 pos=9 root_lp=feasible margin=7.989e-02 block=0 nodes=32
OPEN support=635 parity=56 k=4 neg=8 pos=10 root_lp=feasible margin=1.156e+00 block=0 nodes=44
OPEN support=629 parity=28 k=3 neg=8 pos=10 root_lp=feasible margin=1.954e-03 block=0 nodes=13801
OPEN support=637 parity=11 k=3 neg=10 pos=8 root_lp=infeasible margin=0.000e+00 block=4 nodes=483
OPEN support=638 parity=9 k=5 neg=9 pos=9 root_lp=feasible margin=9.188e-02 block=0 nodes=20
OPEN support=640 parity=29 k=5 neg=11 pos=7 root_lp=infeasible margin=0.000e+00 block=4 nodes=485
OPEN support=637 parity=11 k=4 neg=10 pos=8 root_lp=infeasible margin=0.000e+00 block=4 nodes=484
OPEN support=637 parity=11 k=3 neg=10 pos=8 root_lp=infeasible margin=0.000e+00 block=4 nodes=483
OPEN support=637 parity=11 k=4 neg=10 pos=8 root_lp=infeasible margin=0.000e+00 block=4 nodes=484
OPEN support=637 parity=11 k=4 neg=10 pos=8 root_lp=infeasible margin=0.000e+00 block=4 nodes=484
OPEN support=635 parity=56 k=3 neg=8 pos=10 root_lp=feasible margin=1.503e+00 block=0 nodes=148
OPEN support=637 parity=11 k=5 neg=10 pos=8 root_lp=infeasible margin=0.000e+00 block=4 nodes=485
OPEN support=635 parity=56 k=4 neg=8 pos=10 root_lp=feasible margin=8.828e-03 block=0 nodes=19
OPEN support=637 parity=11 k=3 neg=10 pos=8 root_lp=infeasible margin=0.000e+00 block=4 nodes=483
OPEN support=635 parity=56 k=4 neg=8 pos=10 root_lp=feasible margin=1.277e+00 block=0 nodes=44
OPEN support=637 parity=11 k=4 neg=10 pos=8 root_lp=infeasible margin=0.000e+00 block=4 nodes=484
OPEN support=638 parity=9 k=4 neg=9 pos=9 root_lp=feasible margin=2.829e-02 block=0 nodes=363
OPEN support=635 parity=56 k=5 neg=8 pos=10 root_lp=feasible margin=9.935e-03 block=0 nodes=13
OPEN support=637 parity=11 k=4 neg=10 pos=8 root_lp=infeasible margin=0.000e+00 block=4 nodes=484
OPEN support=629 parity=28 k=3 neg=8 pos=10 root_lp=feasible margin=1.429e+00 block=0 nodes=600
OPEN support=638 parity=9 k=5 neg=9 pos=9 root_lp=feasible margin=8.612e-02 block=0 nodes=31
OPEN support=637 parity=11 k=5 neg=10 pos=8 root_lp=infeasible margin=0.000e+00 block=4 nodes=485
OPEN support=637 parity=11 k=4 neg=10 pos=8 root_lp=infeasible margin=0.000e+00 block=4 nodes=484
OPEN support=637 parity=11 k=5 neg=10 pos=8 root_lp=infeasible margin=0.000e+00 block=4 nodes=485
OPEN support=638 parity=9 k=5 neg=9 pos=9 root_lp=feasible margin=1.497e+00 block=0 nodes=33
OPEN support=637 parity=11 k=5 neg=10 pos=8 root_lp=infeasible margin=0.000e+00 block=4 nodes=485
OPEN support=637 parity=11 k=6 neg=10 pos=8 root_lp=infeasible margin=0.000e+00 block=4 nodes=486
OPEN support=638 parity=9 k=6 neg=9 pos=9 root_lp=feasible margin=9.190e-02 block=0 nodes=21
OPEN support=638 parity=10 k=2 neg=9 pos=9 root_lp=infeasible margin=0.000e+00 block=2 nodes=482
OPEN support=638 parity=10 k=2 neg=9 pos=9 root_lp=feasible margin=3.562e-02 block=0 nodes=355
OPEN support=638 parity=10 k=3 neg=9 pos=9 root_lp=infeasible margin=0.000e+00 block=2 nodes=483
OPEN support=638 parity=10 k=3 neg=9 pos=9 root_lp=feasible margin=1.807e+00 block=0 nodes=82
OPEN support=638 parity=10 k=3 neg=9 pos=9 root_lp=feasible margin=6.026e-01 block=0 nodes=29
OPEN support=638 parity=10 k=4 neg=9 pos=9 root_lp=feasible margin=1.810e+00 block=0 nodes=83
OPEN support=637 parity=57 k=2 neg=11 pos=7 root_lp=infeasible margin=0.000e+00 block=4 nodes=482
OPEN support=641 parity=28 k=2 neg=8 pos=10 root_lp=feasible margin=3.492e-04 block=0 nodes=4917
OPEN support=638 parity=10 k=3 neg=9 pos=9 root_lp=feasible margin=1.510e+00 block=0 nodes=82
OPEN support=629 parity=28 k=4 neg=8 pos=10 root_lp=feasible margin=1.505e+00 block=0 nodes=1081
OPEN support=638 parity=10 k=3 neg=9 pos=9 root_lp=feasible margin=4.383e-01 block=0 nodes=29
OPEN support=637 parity=57 k=3 neg=11 pos=7 root_lp=infeasible margin=0.000e+00 block=4 nodes=483
OPEN support=637 parity=57 k=3 neg=11 pos=7 root_lp=infeasible margin=0.000e+00 block=4 nodes=483
OPEN support=638 parity=10 k=4 neg=9 pos=9 root_lp=feasible margin=1.510e+00 block=0 nodes=83
OPEN support=638 parity=10 k=4 neg=9 pos=9 root_lp=feasible margin=1.147e+00 block=0 nodes=30
OPEN support=637 parity=57 k=4 neg=11 pos=7 root_lp=infeasible margin=0.000e+00 block=4 nodes=484
OPEN support=638 parity=10 k=4 neg=9 pos=9 root_lp=feasible margin=8.167e-01 block=0 nodes=19
OPEN support=638 parity=10 k=5 neg=9 pos=9 root_lp=feasible margin=1.155e+00 block=0 nodes=31
OPEN support=641 parity=28 k=3 neg=8 pos=10 root_lp=feasible margin=2.168e+00 block=0 nodes=292
OPEN support=637 parity=57 k=3 neg=11 pos=7 root_lp=infeasible margin=0.000e+00 block=2 nodes=483
OPEN support=638 parity=10 k=2 neg=9 pos=9 root_lp=infeasible margin=0.000e+00 block=2 nodes=482
OPEN support=635 parity=56 k=3 neg=8 pos=10 root_lp=feasible margin=1.286e-03 block=0 nodes=5564
OPEN support=637 parity=57 k=4 neg=11 pos=7 root_lp=infeasible margin=0.000e+00 block=4 nodes=484
OPEN support=638 parity=10 k=3 neg=9 pos=9 root_lp=infeasible margin=0.000e+00 block=2 nodes=483
OPEN support=637 parity=57 k=4 neg=11 pos=7 root_lp=infeasible margin=0.000e+00 block=4 nodes=484
OPEN support=637 parity=57 k=5 neg=11 pos=7 root_lp=infeasible margin=0.000e+00 block=4 nodes=485
OPEN support=638 parity=10 k=3 neg=9 pos=9 root_lp=feasible margin=1.902e-01 block=0 nodes=316
OPEN support=637 parity=57 k=2 neg=11 pos=7 root_lp=infeasible margin=0.000e+00 block=4 nodes=482
OPEN support=637 parity=57 k=3 neg=11 pos=7 root_lp=infeasible margin=0.000e+00 block=4 nodes=483
OPEN support=638 parity=10 k=4 neg=9 pos=9 root_lp=infeasible margin=0.000e+00 block=2 nodes=484
OPEN support=641 parity=28 k=3 neg=8 pos=10 root_lp=feasible margin=1.506e+00 block=0 nodes=172
OPEN support=641 parity=28 k=4 neg=8 pos=10 root_lp=feasible margin=1.114e-02 block=0 nodes=19
OPEN support=637 parity=57 k=3 neg=11 pos=7 root_lp=infeasible margin=0.000e+00 block=4 nodes=483
OPEN support=638 parity=10 k=3 neg=9 pos=9 root_lp=feasible margin=4.954e-02 block=0 nodes=200
OPEN support=635 parity=56 k=4 neg=8 pos=10 root_lp=feasible margin=1.077e+00 block=0 nodes=327
OPEN support=638 parity=10 k=4 neg=9 pos=9 root_lp=feasible margin=1.798e+00 block=0 nodes=83
OPEN support=637 parity=57 k=4 neg=11 pos=7 root_lp=infeasible margin=0.000e+00 block=4 nodes=484
OPEN support=638 parity=10 k=4 neg=9 pos=9 root_lp=feasible margin=6.815e-01 block=0 nodes=30
OPEN support=637 parity=57 k=3 neg=11 pos=7 root_lp=infeasible margin=0.000e+00 block=4 nodes=483
OPEN support=638 parity=10 k=5 neg=9 pos=9 root_lp=feasible margin=1.801e+00 block=0 nodes=84
OPEN support=637 parity=57 k=4 neg=11 pos=7 root_lp=infeasible margin=0.000e+00 block=4 nodes=484
OPEN support=637 parity=57 k=4 neg=11 pos=7 root_lp=infeasible margin=0.000e+00 block=4 nodes=484
OPEN support=635 parity=56 k=4 neg=8 pos=10 root_lp=feasible margin=1.788e+00 block=0 nodes=317
OPEN support=638 parity=10 k=3 neg=9 pos=9 root_lp=feasible margin=1.739e-01 block=0 nodes=228
OPEN support=637 parity=57 k=5 neg=11 pos=7 root_lp=infeasible margin=0.000e+00 block=4 nodes=485
OPEN support=638 parity=10 k=4 neg=9 pos=9 root_lp=feasible margin=1.510e+00 block=0 nodes=83
OPEN support=635 parity=56 k=5 neg=8 pos=10 root_lp=feasible margin=1.153e+00 block=0 nodes=41
OPEN support=637 parity=57 k=3 neg=11 pos=7 root_lp=infeasible margin=0.000e+00 block=4 nodes=483
OPEN support=638 parity=10 k=4 neg=9 pos=9 root_lp=feasible margin=6.378e-01 block=0 nodes=30
OPEN support=637 parity=57 k=4 neg=11 pos=7 root_lp=infeasible margin=0.000e+00 block=4 nodes=484
OPEN support=638 parity=10 k=5 neg=9 pos=9 root_lp=feasible margin=1.510e+00 block=0 nodes=84
OPEN support=638 parity=10 k=4 neg=9 pos=9 root_lp=feasible margin=9.025e-01 block=0 nodes=30
OPEN support=637 parity=57 k=4 neg=11 pos=7 root_lp=infeasible margin=0.000e+00 block=4 nodes=484
OPEN support=638 parity=10 k=5 neg=9 pos=9 root_lp=feasible margin=1.147e+00 block=0 nodes=31
OPEN support=638 parity=10 k=5 neg=9 pos=9 root_lp=feasible margin=8.149e-01 block=0 nodes=20
OPEN support=637 parity=57 k=5 neg=11 pos=7 root_lp=infeasible margin=0.000e+00 block=4 nodes=485
OPEN support=629 parity=28 k=3 neg=8 pos=10 root_lp=infeasible margin=0.000e+00 block=2 nodes=5448
OPEN support=638 parity=10 k=6 neg=9 pos=9 root_lp=feasible margin=1.155e+00 block=0 nodes=32
OPEN support=637 parity=57 k=4 neg=11 pos=7 root_lp=infeasible margin=0.000e+00 block=4 nodes=484
OPEN support=635 parity=56 k=4 neg=8 pos=10 root_lp=feasible margin=1.501e+00 block=0 nodes=259
OPEN support=635 parity=56 k=5 neg=8 pos=10 root_lp=feasible margin=6.928e-03 block=0 nodes=20
OPEN support=637 parity=57 k=5 neg=11 pos=7 root_lp=infeasible margin=0.000e+00 block=4 nodes=485
OPEN support=637 parity=57 k=5 neg=11 pos=7 root_lp=infeasible margin=0.000e+00 block=4 nodes=485
OPEN support=635 parity=56 k=5 neg=8 pos=10 root_lp=feasible margin=1.275e+00 block=0 nodes=45
OPEN support=637 parity=57 k=6 neg=11 pos=7 root_lp=infeasible margin=0.000e+00 block=4 nodes=486
OPEN support=635 parity=56 k=6 neg=8 pos=10 root_lp=feasible margin=1.024e-02 block=0 nodes=14
OPEN support=635 parity=58 k=2 neg=9 pos=9 root_lp=infeasible margin=0.000e+00 block=2 nodes=482
OPEN support=635 parity=58 k=3 neg=9 pos=9 root_lp=feasible margin=3.184e-01 block=0 nodes=232
OPEN support=642 parity=29 k=2 neg=9 pos=9 root_lp=infeasible margin=0.000e+00 block=2 nodes=482
OPEN support=642 parity=29 k=3 neg=9 pos=9 root_lp=feasible margin=1.323e+00 block=0 nodes=82
OPEN support=635 parity=58 k=3 neg=9 pos=9 root_lp=feasible margin=3.380e-01 block=0 nodes=202
OPEN support=642 parity=29 k=3 neg=9 pos=9 root_lp=feasible margin=1.841e+00 block=0 nodes=82
OPEN support=635 parity=58 k=4 neg=9 pos=9 root_lp=feasible margin=1.093e+00 block=0 nodes=30
OPEN support=642 parity=29 k=4 neg=9 pos=9 root_lp=feasible margin=1.355e+00 block=0 nodes=30
OPEN support=642 parity=29 k=3 neg=9 pos=9 root_lp=feasible margin=1.473e+00 block=0 nodes=82
OPEN support=635 parity=58 k=3 neg=9 pos=9 root_lp=feasible margin=1.631e-01 block=0 nodes=192
OPEN support=642 parity=29 k=4 neg=9 pos=9 root_lp=feasible margin=1.315e+00 block=0 nodes=30
OPEN support=641 parity=28 k=3 neg=8 pos=10 root_lp=feasible margin=8.579e-04 block=0 nodes=5152
OPEN support=635 parity=58 k=4 neg=9 pos=9 root_lp=feasible margin=9.730e-01 block=0 nodes=30
OPEN support=642 parity=29 k=4 neg=9 pos=9 root_lp=feasible margin=1.585e+00 block=0 nodes=30
OPEN support=635 parity=58 k=4 neg=9 pos=9 root_lp=feasible margin=1.280e+00 block=0 nodes=30
OPEN support=642 parity=29 k=5 neg=9 pos=9 root_lp=feasible margin=1.168e+00 block=0 nodes=20
OPEN support=635 parity=58 k=5 neg=9 pos=9 root_lp=feasible margin=9.452e-01 block=0 nodes=20
OPEN support=635 parity=58 k=2 neg=9 pos=9 root_lp=infeasible margin=0.000e+00 block=2 nodes=482
OPEN support=635 parity=58 k=3 neg=9 pos=9 root_lp=infeasible margin=0.000e+00 block=2 nodes=483
OPEN support=635 parity=58 k=3 neg=9 pos=9 root_lp=feasible margin=1.319e+00 block=0 nodes=82
OPEN support=643 parity=19 k=2 neg=10 pos=8 root_lp=infeasible margin=0.000e+00 block=4 nodes=482
OPEN support=635 parity=58 k=4 neg=9 pos=9 root_lp=feasible margin=8.524e-02 block=0 nodes=199
OPEN support=643 parity=19 k=3 neg=10 pos=8 root_lp=infeasible margin=0.000e+00 block=4 nodes=483
OPEN support=635 parity=58 k=3 neg=9 pos=9 root_lp=feasible margin=1.747e+00 block=0 nodes=82
OPEN support=643 parity=19 k=3 neg=10 pos=8 root_lp=infeasible margin=0.000e+00 block=4 nodes=483
OPEN support=641 parity=28 k=4 neg=8 pos=10 root_lp=feasible margin=2.161e+00 block=0 nodes=526
OPEN support=635 parity=58 k=4 neg=9 pos=9 root_lp=feasible margin=1.048e-01 block=0 nodes=179
OPEN support=643 parity=19 k=4 neg=10 pos=8 root_lp=infeasible margin=0.000e+00 block=4 nodes=484
OPEN support=635 parity=58 k=4 neg=9 pos=9 root_lp=feasible margin=1.156e+00 block=0 nodes=30
OPEN support=635 parity=58 k=5 neg=9 pos=9 root_lp=feasible margin=1.117e+00 block=0 nodes=31
OPEN support=643 parity=19 k=3 neg=10 pos=8 root_lp=infeasible margin=0.000e+00 block=4 nodes=483
OPEN support=635 parity=58 k=3 neg=9 pos=9 root_lp=feasible margin=1.462e+00 block=0 nodes=82
OPEN support=643 parity=19 k=4 neg=10 pos=8 root_lp=infeasible margin=0.000e+00 block=4 nodes=484
OPEN support=635 parity=58 k=4 neg=9 pos=9 root_lp=feasible margin=2.848e-01 block=0 nodes=167
OPEN support=641 parity=28 k=4 neg=8 pos=10 root_lp=feasible margin=1.482e+00 block=0 nodes=157
OPEN support=643 parity=19 k=4 neg=10 pos=8 root_lp=infeasible margin=0.000e+00 block=4 nodes=484
OPEN support=635 parity=58 k=4 neg=9 pos=9 root_lp=feasible margin=1.315e+00 block=0 nodes=30
OPEN support=641 parity=28 k=5 neg=8 pos=10 root_lp=feasible margin=8.329e-03 block=0 nodes=20
OPEN support=635 parity=58 k=5 neg=9 pos=9 root_lp=feasible margin=1.013e+00 block=0 nodes=31
OPEN support=643 parity=19 k=5 neg=10 pos=8 root_lp=infeasible margin=0.000e+00 block=4 nodes=485
OPEN support=635 parity=58 k=4 neg=9 pos=9 root_lp=feasible margin=1.321e+00 block=0 nodes=30
OPEN support=643 parity=19 k=3 neg=10 pos=8 root_lp=infeasible margin=0.000e+00 block=4 nodes=483
OPEN support=635 parity=58 k=5 neg=9 pos=9 root_lp=feasible margin=1.280e+00 block=0 nodes=31
OPEN support=635 parity=58 k=5 neg=9 pos=9 root_lp=feasible margin=9.616e-01 block=0 nodes=20
OPEN support=643 parity=19 k=4 neg=10 pos=8 root_lp=infeasible margin=0.000e+00 block=4 nodes=484
OPEN support=635 parity=58 k=6 neg=9 pos=9 root_lp=feasible margin=9.446e-01 block=0 nodes=21
OPEN support=644 parity=11 k=2 neg=10 pos=8 root_lp=infeasible margin=0.000e+00 block=4 nodes=482
OPEN support=643 parity=19 k=4 neg=10 pos=8 root_lp=infeasible margin=0.000e+00 block=4 nodes=484
OPEN support=644 parity=11 k=3 neg=10 pos=8 root_lp=infeasible margin=0.000e+00 block=4 nodes=483
OPEN support=643 parity=19 k=5 neg=10 pos=8 root_lp=infeasible margin=0.000e+00 block=4 nodes=485
OPEN support=638 parity=56 k=2 neg=8 pos=10 root_lp=infeasible margin=0.000e+00 block=2 nodes=5657
OPEN support=645 parity=5 k=2 neg=9 pos=9 root_lp=feasible margin=7.433e-02 block=0 nodes=351
OPEN support=644 parity=11 k=3 neg=10 pos=8 root_lp=infeasible margin=0.000e+00 block=4 nodes=483
OPEN support=645 parity=5 k=3 neg=9 pos=9 root_lp=feasible margin=6.023e-01 block=0 nodes=29
OPEN support=643 parity=19 k=4 neg=10 pos=8 root_lp=infeasible margin=0.000e+00 block=4 nodes=484
OPEN support=645 parity=5 k=3 neg=9 pos=9 root_lp=feasible margin=5.481e-01 block=0 nodes=29
OPEN support=644 parity=11 k=4 neg=10 pos=8 root_lp=infeasible margin=0.000e+00 block=4 nodes=484
OPEN support=645 parity=5 k=4 neg=9 pos=9 root_lp=feasible margin=7.222e-01 block=0 nodes=19
OPEN support=643 parity=19 k=5 neg=10 pos=8 root_lp=infeasible margin=0.000e+00 block=4 nodes=485
OPEN support=645 parity=5 k=2 neg=9 pos=9 root_lp=infeasible margin=0.000e+00 block=2 nodes=482
OPEN support=644 parity=11 k=3 neg=10 pos=8 root_lp=infeasible margin=0.000e+00 block=2 nodes=483
OPEN support=643 parity=19 k=5 neg=10 pos=8 root_lp=infeasible margin=0.000e+00 block=4 nodes=485
OPEN support=644 parity=11 k=4 neg=10 pos=8 root_lp=infeasible margin=0.000e+00 block=2 nodes=484
OPEN support=645 parity=5 k=3 neg=9 pos=9 root_lp=feasible margin=2.107e-01 block=0 nodes=316
OPEN support=643 parity=19 k=6 neg=10 pos=8 root_lp=infeasible margin=0.000e+00 block=4 nodes=486
OPEN support=644 parity=11 k=4 neg=10 pos=8 root_lp=infeasible margin=0.000e+00 block=4 nodes=484
OPEN support=645 parity=5 k=3 neg=9 pos=9 root_lp=feasible margin=9.489e-02 block=0 nodes=158
OPEN support=645 parity=5 k=4 neg=9 pos=9 root_lp=feasible margin=6.122e-01 block=0 nodes=30
OPEN support=644 parity=11 k=5 neg=10 pos=8 root_lp=infeasible margin=0.000e+00 block=4 nodes=485
OPEN support=645 parity=5 k=3 neg=9 pos=9 root_lp=feasible margin=4.196e-02 block=0 nodes=226
OPEN support=644 parity=11 k=2 neg=10 pos=8 root_lp=infeasible margin=0.000e+00 block=4 nodes=482
OPEN support=643 parity=57 k=2 neg=11 pos=7 root_lp=infeasible margin=0.000e+00 block=4 nodes=482
OPEN support=645 parity=5 k=4 neg=9 pos=9 root_lp=feasible margin=5.559e-01 block=0 nodes=30
OPEN support=644 parity=11 k=3 neg=10 pos=8 root_lp=infeasible margin=0.000e+00 block=4 nodes=483
OPEN support=645 parity=5 k=4 neg=9 pos=9 root_lp=feasible margin=1.471e+00 block=0 nodes=30
OPEN support=643 parity=57 k=3 neg=11 pos=7 root_lp=infeasible margin=0.000e+00 block=4 nodes=483
OPEN support=645 parity=5 k=5 neg=9 pos=9 root_lp=feasible margin=7.215e-01 block=0 nodes=20
OPEN support=644 parity=11 k=3 neg=10 pos=8 root_lp=infeasible margin=0.000e+00 block=4 nodes=483
OPEN support=643 parity=57 k=3 neg=11 pos=7 root_lp=infeasible margin=0.000e+00 block=4 nodes=483
OPEN support=643 parity=57 k=4 neg=11 pos=7 root_lp=infeasible margin=0.000e+00 block=4 nodes=484
OPEN support=644 parity=11 k=4 neg=10 pos=8 root_lp=infeasible margin=0.000e+00 block=4 nodes=484
OPEN support=643 parity=57 k=3 neg=11 pos=7 root_lp=infeasible margin=0.000e+00 block=4 nodes=483
OPEN support=644 parity=11 k=3 neg=10 pos=8 root_lp=infeasible margin=0.000e+00 block=4 nodes=483
OPEN support=643 parity=57 k=4 neg=11 pos=7 root_lp=infeasible margin=0.000e+00 block=4 nodes=484
OPEN support=644 parity=11 k=4 neg=10 pos=8 root_lp=infeasible margin=0.000e+00 block=4 nodes=484
OPEN support=646 parity=10 k=2 neg=9 pos=9 root_lp=feasible margin=7.220e-02 block=0 nodes=297
OPEN support=643 parity=57 k=4 neg=11 pos=7 root_lp=infeasible margin=0.000e+00 block=4 nodes=484
OPEN support=644 parity=11 k=4 neg=10 pos=8 root_lp=infeasible margin=0.000e+00 block=4 nodes=484
OPEN support=643 parity=57 k=5 neg=11 pos=7 root_lp=infeasible margin=0.000e+00 block=4 nodes=485
OPEN support=646 parity=10 k=3 neg=9 pos=9 root_lp=feasible margin=1.055e-01 block=0 nodes=260
OPEN support=644 parity=11 k=5 neg=10 pos=8 root_lp=infeasible margin=0.000e+00 block=4 nodes=485
OPEN support=646 parity=10 k=3 neg=9 pos=9 root_lp=feasible margin=6.194e-01 block=0 nodes=29
OPEN support=643 parity=57 k=3 neg=11 pos=7 root_lp=infeasible margin=0.000e+00 block=4 nodes=483
OPEN support=646 parity=10 k=4 neg=9 pos=9 root_lp=feasible margin=6.364e-01 block=0 nodes=30
OPEN support=644 parity=11 k=3 neg=10 pos=8 root_lp=infeasible margin=0.000e+00 block=4 nodes=483
OPEN support=646 parity=10 k=3 neg=9 pos=9 root_lp=feasible margin=5.713e-01 block=0 nodes=29
OPEN support=643 parity=57 k=4 neg=11 pos=7 root_lp=infeasible margin=0.000e+00 block=4 nodes=484
OPEN support=646 parity=10 k=4 neg=9 pos=9 root_lp=feasible margin=5.861e-01 block=0 nodes=30
OPEN support=646 parity=10 k=4 neg=9 pos=9 root_lp=feasible margin=7.238e-01 block=0 nodes=19
OPEN support=644 parity=11 k=4 neg=10 pos=8 root_lp=infeasible margin=0.000e+00 block=4 nodes=484
OPEN support=643 parity=57 k=4 neg=11 pos=7 root_lp=infeasible margin=0.000e+00 block=4 nodes=484
OPEN support=646 parity=10 k=5 neg=9 pos=9 root_lp=feasible margin=7.242e-01 block=0 nodes=20
OPEN support=646 parity=10 k=2 neg=9 pos=9 root_lp=infeasible margin=0.000e+00 block=2 nodes=482
OPEN support=643 parity=57 k=5 neg=11 pos=7 root_lp=infeasible margin=0.000e+00 block=4 nodes=485
OPEN support=646 parity=10 k=3 neg=9 pos=9 root_lp=infeasible margin=0.000e+00 block=2 nodes=483
OPEN support=644 parity=11 k=4 neg=10 pos=8 root_lp=infeasible margin=0.000e+00 block=4 nodes=484
OPEN support=643 parity=57 k=4 neg=11 pos=7 root_lp=infeasible margin=0.000e+00 block=4 nodes=484
OPEN support=644 parity=11 k=5 neg=10 pos=8 root_lp=infeasible margin=0.000e+00 block=4 nodes=485
OPEN support=646 parity=10 k=3 neg=9 pos=9 root_lp=feasible margin=2.253e-01 block=0 nodes=266
OPEN support=643 parity=57 k=5 neg=11 pos=7 root_lp=infeasible margin=0.000e+00 block=4 nodes=485
OPEN support=644 parity=11 k=4 neg=10 pos=8 root_lp=infeasible margin=0.000e+00 block=2 nodes=484
OPEN support=643 parity=57 k=5 neg=11 pos=7 root_lp=infeasible margin=0.000e+00 block=4 nodes=485
OPEN support=646 parity=10 k=4 neg=9 pos=9 root_lp=feasible margin=2.273e-01 block=0 nodes=225
OPEN support=644 parity=11 k=5 neg=10 pos=8 root_lp=infeasible margin=0.000e+00 block=4 nodes=485
OPEN support=643 parity=57 k=6 neg=11 pos=7 root_lp=infeasible margin=0.000e+00 block=4 nodes=486
OPEN support=646 parity=10 k=3 neg=9 pos=9 root_lp=feasible margin=1.355e-01 block=0 nodes=140
OPEN support=644 parity=11 k=5 neg=10 pos=8 root_lp=infeasible margin=0.000e+00 block=4 nodes=485
OPEN support=643 parity=58 k=2 neg=9 pos=9 root_lp=infeasible margin=0.000e+00 block=2 nodes=482
OPEN support=646 parity=10 k=4 neg=9 pos=9 root_lp=feasible margin=1.965e-01 block=0 nodes=129
OPEN support=629 parity=28 k=4 neg=8 pos=10 root_lp=feasible margin=2.236e-03 block=0 nodes=13588
OPEN support=646 parity=10 k=4 neg=9 pos=9 root_lp=feasible margin=6.273e-01 block=0 nodes=30
OPEN support=644 parity=11 k=6 neg=10 pos=8 root_lp=infeasible margin=0.000e+00 block=4 nodes=486
OPEN support=646 parity=10 k=5 neg=9 pos=9 root_lp=feasible margin=6.427e-01 block=0 nodes=31
OPEN support=643 parity=58 k=3 neg=9 pos=9 root_lp=infeasible margin=0.000e+00 block=2 nodes=483
OPEN support=643 parity=58 k=3 neg=9 pos=9 root_lp=feasible margin=1.337e+00 block=0 nodes=82
OPEN support=646 parity=10 k=3 neg=9 pos=9 root_lp=feasible margin=1.514e-01 block=0 nodes=194
OPEN support=643 parity=58 k=4 neg=9 pos=9 root_lp=feasible margin=1.336e+00 block=0 nodes=83
OPEN support=646 parity=10 k=4 neg=9 pos=9 root_lp=feasible margin=4.834e-02 block=0 nodes=163
OPEN support=643 parity=58 k=3 neg=9 pos=9 root_lp=feasible margin=1.840e+00 block=0 nodes=82
OPEN support=646 parity=10 k=4 neg=9 pos=9 root_lp=feasible margin=5.767e-01 block=0 nodes=30
OPEN support=646 parity=10 k=5 neg=9 pos=9 root_lp=feasible margin=5.894e-01 block=0 nodes=31
OPEN support=643 parity=58 k=4 neg=9 pos=9 root_lp=feasible margin=1.840e+00 block=0 nodes=83
OPEN support=646 parity=10 k=4 neg=9 pos=9 root_lp=feasible margin=1.479e+00 block=0 nodes=30
OPEN support=643 parity=58 k=4 neg=9 pos=9 root_lp=feasible margin=1.355e+00 block=0 nodes=30
OPEN support=646 parity=10 k=5 neg=9 pos=9 root_lp=feasible margin=1.485e+00 block=0 nodes=31
OPEN support=643 parity=58 k=5 neg=9 pos=9 root_lp=feasible margin=1.355e+00 block=0 nodes=31
OPEN support=646 parity=10 k=5 neg=9 pos=9 root_lp=feasible margin=7.257e-01 block=0 nodes=20
OPEN support=646 parity=10 k=6 neg=9 pos=9 root_lp=feasible margin=7.269e-01 block=0 nodes=21
OPEN support=643 parity=58 k=3 neg=9 pos=9 root_lp=feasible margin=1.479e+00 block=0 nodes=82
OPEN support=629 parity=28 k=4 neg=8 pos=10 root_lp=feasible margin=1.429e+00 block=0 nodes=601
OPEN support=643 parity=58 k=4 neg=9 pos=9 root_lp=feasible margin=1.486e+00 block=0 nodes=83
OPEN support=646 parity=11 k=2 neg=10 pos=8 root_lp=infeasible margin=0.000e+00 block=2 nodes=482
OPEN support=643 parity=58 k=4 neg=9 pos=9 root_lp=feasible margin=1.315e+00 block=0 nodes=30
OPEN support=643 parity=58 k=5 neg=9 pos=9 root_lp=feasible margin=1.315e+00 block=0 nodes=31
OPEN support=643 parity=58 k=4 neg=9 pos=9 root_lp=feasible margin=1.585e+00 block=0 nodes=30
OPEN support=646 parity=11 k=3 neg=10 pos=8 root_lp=infeasible margin=0.000e+00 block=2 nodes=483
OPEN support=643 parity=58 k=5 neg=9 pos=9 root_lp=feasible margin=1.585e+00 block=0 nodes=31
OPEN support=643 parity=58 k=5 neg=9 pos=9 root_lp=feasible margin=1.168e+00 block=0 nodes=20
OPEN support=643 parity=58 k=6 neg=9 pos=9 root_lp=feasible margin=1.168e+00 block=0 nodes=21
OPEN support=646 parity=11 k=3 neg=10 pos=8 root_lp=infeasible margin=0.000e+00 block=2 nodes=483
OPEN support=646 parity=11 k=4 neg=10 pos=8 root_lp=infeasible margin=0.000e+00 block=2 nodes=484
OPEN support=646 parity=11 k=3 neg=10 pos=8 root_lp=infeasible margin=0.000e+00 block=2 nodes=483
OPEN support=646 parity=11 k=4 neg=10 pos=8 root_lp=infeasible margin=0.000e+00 block=2 nodes=484
OPEN support=646 parity=11 k=4 neg=10 pos=8 root_lp=infeasible margin=0.000e+00 block=2 nodes=484
OPEN support=646 parity=11 k=5 neg=10 pos=8 root_lp=infeasible margin=0.000e+00 block=2 nodes=485
OPEN support=646 parity=11 k=2 neg=10 pos=8 root_lp=infeasible margin=0.000e+00 block=4 nodes=482
OPEN support=646 parity=11 k=3 neg=10 pos=8 root_lp=infeasible margin=0.000e+00 block=4 nodes=483
OPEN support=647 parity=9 k=3 neg=9 pos=9 root_lp=feasible margin=9.981e-03 block=0 nodes=436
OPEN support=646 parity=11 k=3 neg=10 pos=8 root_lp=infeasible margin=0.000e+00 block=2 nodes=483
OPEN support=629 parity=28 k=5 neg=8 pos=10 root_lp=feasible margin=1.502e+00 block=0 nodes=1040
OPEN support=647 parity=9 k=4 neg=9 pos=9 root_lp=feasible margin=6.337e-02 block=0 nodes=30
OPEN support=629 parity=31 k=2 neg=10 pos=8 root_lp=infeasible margin=0.000e+00 block=4 nodes=482
OPEN support=647 parity=9 k=4 neg=9 pos=9 root_lp=feasible margin=6.777e-02 block=0 nodes=32
OPEN support=646 parity=11 k=4 neg=10 pos=8 root_lp=infeasible margin=0.000e+00 block=2 nodes=484
OPEN support=647 parity=9 k=5 neg=9 pos=9 root_lp=feasible margin=8.747e-02 block=0 nodes=20
OPEN support=629 parity=31 k=2 neg=10 pos=8 root_lp=infeasible margin=0.000e+00 block=4 nodes=482
OPEN support=646 parity=11 k=3 neg=10 pos=8 root_lp=infeasible margin=0.000e+00 block=2 nodes=483
OPEN support=629 parity=31 k=3 neg=10 pos=8 root_lp=infeasible margin=0.000e+00 block=2 nodes=483
OPEN support=646 parity=11 k=4 neg=10 pos=8 root_lp=infeasible margin=0.000e+00 block=2 nodes=484
OPEN support=629 parity=31 k=3 neg=10 pos=8 root_lp=infeasible margin=0.000e+00 block=4 nodes=483
OPEN support=629 parity=31 k=3 neg=10 pos=8 root_lp=infeasible margin=0.000e+00 block=4 nodes=483
OPEN support=646 parity=11 k=4 neg=10 pos=8 root_lp=infeasible margin=0.000e+00 block=2 nodes=484
OPEN support=644 parity=56 k=2 neg=8 pos=10 root_lp=feasible margin=8.606e-04 block=0 nodes=4853
OPEN support=629 parity=31 k=4 neg=10 pos=8 root_lp=infeasible margin=0.000e+00 block=4 nodes=484
OPEN support=646 parity=11 k=5 neg=10 pos=8 root_lp=infeasible margin=0.000e+00 block=2 nodes=485
OPEN support=629 parity=31 k=2 neg=10 pos=8 root_lp=infeasible margin=0.000e+00 block=4 nodes=482
OPEN support=629 parity=31 k=3 neg=10 pos=8 root_lp=infeasible margin=0.000e+00 block=4 nodes=483
OPEN support=646 parity=11 k=3 neg=10 pos=8 root_lp=infeasible margin=0.000e+00 block=2 nodes=483
OPEN support=629 parity=31 k=3 neg=10 pos=8 root_lp=infeasible margin=0.000e+00 block=4 nodes=483
OPEN support=646 parity=11 k=4 neg=10 pos=8 root_lp=infeasible margin=0.000e+00 block=2 nodes=484
OPEN support=644 parity=56 k=3 neg=8 pos=10 root_lp=feasible margin=1.067e+00 block=0 nodes=134
OPEN support=647 parity=9 k=4 neg=9 pos=9 root_lp=feasible margin=1.619e-02 block=0 nodes=455
OPEN support=629 parity=31 k=4 neg=10 pos=8 root_lp=infeasible margin=0.000e+00 block=2 nodes=484
OPEN support=646 parity=11 k=4 neg=10 pos=8 root_lp=infeasible margin=0.000e+00 block=2 nodes=484
OPEN support=629 parity=31 k=3 neg=10 pos=8 root_lp=infeasible margin=0.000e+00 block=4 nodes=483
OPEN support=647 parity=9 k=5 neg=9 pos=9 root_lp=feasible margin=6.594e-02 block=0 nodes=31
OPEN support=646 parity=11 k=5 neg=10 pos=8 root_lp=infeasible margin=0.000e+00 block=2 nodes=485
OPEN support=629 parity=31 k=4 neg=10 pos=8 root_lp=infeasible margin=0.000e+00 block=4 nodes=484
OPEN support=647 parity=9 k=5 neg=9 pos=9 root_lp=feasible margin=6.995e-02 block=0 nodes=33
OPEN support=644 parity=56 k=3 neg=8 pos=10 root_lp=feasible margin=2.160e+00 block=0 nodes=109
OPEN support=646 parity=11 k=4 neg=10 pos=8 root_lp=infeasible margin=0.000e+00 block=2 nodes=484
OPEN support=644 parity=56 k=4 neg=8 pos=10 root_lp=feasible margin=1.273e-02 block=0 nodes=19
OPEN support=629 parity=31 k=4 neg=10 pos=8 root_lp=infeasible margin=0.000e+00 block=4 nodes=484
OPEN support=647 parity=9 k=6 neg=9 pos=9 root_lp=feasible margin=1.425e+00 block=0 nodes=23
OPEN support=644 parity=56 k=3 neg=8 pos=10 root_lp=feasible margin=3.539e-03 block=0 nodes=29
OPEN support=629 parity=31 k=5 neg=10 pos=8 root_lp=infeasible margin=0.000e+00 block=4 nodes=485
OPEN support=650 parity=3 k=1 neg=8 pos=12 root_lp=infeasible margin=0.000e+00 block=1 nodes=2
OPEN support=650 parity=3 k=1 neg=8 pos=12 root_lp=infeasible margin=0.000e+00 block=1 nodes=2
OPEN support=646 parity=11 k=5 neg=10 pos=8 root_lp=infeasible margin=0.000e+00 block=2 nodes=485
OPEN support=650 parity=5 k=1 neg=9 pos=11 root_lp=infeasible margin=0.000e+00 block=1 nodes=2
OPEN support=644 parity=56 k=4 neg=8 pos=10 root_lp=feasible margin=1.501e-02 block=0 nodes=19
OPEN support=647 parity=10 k=2 neg=9 pos=9 root_lp=infeasible margin=0.000e+00 block=2 nodes=482
OPEN support=644 parity=56 k=4 neg=8 pos=10 root_lp=feasible margin=1.499e-02 block=0 nodes=19
OPEN support=653 parity=7 k=1 neg=9 pos=11 root_lp=infeasible margin=0.000e+00 block=4 nodes=481
OPEN support=646 parity=11 k=5 neg=10 pos=8 root_lp=infeasible margin=0.000e+00 block=2 nodes=485
OPEN support=644 parity=56 k=5 neg=8 pos=10 root_lp=feasible margin=2.695e-02 block=0 nodes=13
OPEN support=638 parity=56 k=3 neg=8 pos=10 root_lp=feasible margin=3.409e-04 block=0 nodes=15337
OPEN support=647 parity=10 k=2 neg=9 pos=9 root_lp=feasible margin=5.177e-02 block=0 nodes=355
OPEN support=646 parity=11 k=6 neg=10 pos=8 root_lp=infeasible margin=0.000e+00 block=2 nodes=486
OPEN support=647 parity=10 k=3 neg=9 pos=9 root_lp=infeasible margin=0.000e+00 block=2 nodes=483
OPEN support=638 parity=56 k=3 neg=8 pos=10 root_lp=feasible margin=1.788e+00 block=0 nodes=244
OPEN support=647 parity=10 k=3 neg=9 pos=9 root_lp=feasible margin=2.089e+00 block=0 nodes=82
OPEN support=647 parity=10 k=3 neg=9 pos=9 root_lp=feasible margin=6.278e-01 block=0 nodes=29
OPEN support=647 parity=10 k=4 neg=9 pos=9 root_lp=feasible margin=2.144e+00 block=0 nodes=83
OPEN support=647 parity=10 k=3 neg=9 pos=9 root_lp=feasible margin=1.503e+00 block=0 nodes=82
OPEN support=647 parity=10 k=3 neg=9 pos=9 root_lp=feasible margin=5.728e-01 block=0 nodes=29
OPEN support=647 parity=10 k=4 neg=9 pos=9 root_lp=feasible margin=1.503e+00 block=0 nodes=83
OPEN support=647 parity=10 k=4 neg=9 pos=9 root_lp=feasible margin=1.421e+00 block=0 nodes=30
OPEN support=647 parity=10 k=4 neg=9 pos=9 root_lp=feasible margin=7.427e-01 block=0 nodes=19
OPEN support=647 parity=10 k=5 neg=9 pos=9 root_lp=feasible margin=1.417e+00 block=0 nodes=31
OPEN support=647 parity=10 k=2 neg=9 pos=9 root_lp=infeasible margin=0.000e+00 block=2 nodes=482
OPEN support=646 parity=57 k=2 neg=11 pos=7 root_lp=infeasible margin=0.000e+00 block=2 nodes=482
OPEN support=638 parity=56 k=4 neg=8 pos=10 root_lp=feasible margin=1.788e+00 block=0 nodes=567
OPEN support=647 parity=10 k=3 neg=9 pos=9 root_lp=infeasible margin=0.000e+00 block=2 nodes=483
OPEN support=646 parity=57 k=3 neg=11 pos=7 root_lp=infeasible margin=0.000e+00 block=2 nodes=483
OPEN support=646 parity=57 k=3 neg=11 pos=7 root_lp=infeasible margin=0.000e+00 block=2 nodes=483
OPEN support=647 parity=10 k=3 neg=9 pos=9 root_lp=feasible margin=1.881e-01 block=0 nodes=316
OPEN support=646 parity=57 k=4 neg=11 pos=7 root_lp=infeasible margin=0.000e+00 block=2 nodes=484
OPEN support=647 parity=10 k=4 neg=9 pos=9 root_lp=infeasible margin=0.000e+00 block=2 nodes=484
OPEN support=646 parity=57 k=3 neg=11 pos=7 root_lp=infeasible margin=0.000e+00 block=2 nodes=483
OPEN support=638 parity=56 k=3 neg=8 pos=10 root_lp=feasible margin=1.491e+00 block=0 nodes=460
OPEN support=647 parity=10 k=3 neg=9 pos=9 root_lp=feasible margin=7.232e-02 block=0 nodes=158
OPEN support=646 parity=57 k=4 neg=11 pos=7 root_lp=infeasible margin=0.000e+00 block=2 nodes=484
OPEN support=647 parity=10 k=4 neg=9 pos=9 root_lp=feasible margin=2.150e+00 block=0 nodes=83
OPEN support=647 parity=10 k=4 neg=9 pos=9 root_lp=feasible margin=6.353e-01 block=0 nodes=30
OPEN support=646 parity=57 k=4 neg=11 pos=7 root_lp=infeasible margin=0.000e+00 block=2 nodes=484
OPEN support=647 parity=10 k=5 neg=9 pos=9 root_lp=feasible margin=2.157e+00 block=0 nodes=84
OPEN support=646 parity=57 k=5 neg=11 pos=7 root_lp=infeasible margin=0.000e+00 block=2 nodes=485
OPEN support=644 parity=56 k=3 neg=8 pos=10 root_lp=feasible margin=1.114e-03 block=0 nodes=5094
OPEN support=646 parity=57 k=2 neg=11 pos=7 root_lp=infeasible margin=0.000e+00 block=4 nodes=482
OPEN support=647 parity=10 k=3 neg=9 pos=9 root_lp=feasible margin=1.939e-02 block=0 nodes=232
OPEN support=646 parity=57 k=3 neg=11 pos=7 root_lp=infeasible margin=0.000e+00 block=4 nodes=483
OPEN support=647 parity=10 k=4 neg=9 pos=9 root_lp=feasible margin=1.504e+00 block=0 nodes=83
OPEN support=646 parity=57 k=3 neg=11 pos=7 root_lp=infeasible margin=0.000e+00 block=2 nodes=483
OPEN support=647 parity=10 k=4 neg=9 pos=9 root_lp=feasible margin=5.823e-01 block=0 nodes=30
OPEN support=647 parity=10 k=5 neg=9 pos=9 root_lp=feasible margin=1.503e+00 block=0 nodes=84
OPEN support=646 parity=57 k=4 neg=11 pos=7 root_lp=infeasible margin=0.000e+00 block=2 nodes=484
OPEN support=647 parity=10 k=4 neg=9 pos=9 root_lp=feasible margin=1.472e+00 block=0 nodes=30
OPEN support=647 parity=10 k=5 neg=9 pos=9 root_lp=feasible margin=1.420e+00 block=0 nodes=31
OPEN support=646 parity=57 k=3 neg=11 pos=7 root_lp=infeasible margin=0.000e+00 block=4 nodes=483
OPEN support=644 parity=56 k=4 neg=8 pos=10 root_lp=feasible margin=1.068e+00 block=0 nodes=167
OPEN support=647 parity=10 k=5 neg=9 pos=9 root_lp=feasible margin=7.299e-01 block=0 nodes=20
OPEN support=647 parity=10 k=6 neg=9 pos=9 root_lp=feasible margin=1.422e+00 block=0 nodes=32
OPEN support=646 parity=57 k=4 neg=11 pos=7 root_lp=infeasible margin=0.000e+00 block=2 nodes=484
OPEN support=638 parity=56 k=4 neg=8 pos=10 root_lp=feasible margin=1.521e+00 block=0 nodes=697
OPEN support=638 parity=56 k=4 neg=8 pos=10 root_lp=feasible margin=1.272e+00 block=0 nodes=34
OPEN support=646 parity=57 k=4 neg=11 pos=7 root_lp=infeasible margin=0.000e+00 block=4 nodes=484
OPEN support=638 parity=56 k=5 neg=8 pos=10 root_lp=feasible margin=1.276e+00 block=0 nodes=37
OPEN support=646 parity=57 k=5 neg=11 pos=7 root_lp=infeasible margin=0.000e+00 block=2 nodes=485
OPEN support=644 parity=56 k=4 neg=8 pos=10 root_lp=feasible margin=2.186e+00 block=0 nodes=113
OPEN support=646 parity=57 k=3 neg=11 pos=7 root_lp=infeasible margin=0.000e+00 block=4 nodes=483
OPEN support=644 parity=56 k=5 neg=8 pos=10 root_lp=feasible margin=1.053e-02 block=0 nodes=20
OPEN support=646 parity=57 k=4 neg=11 pos=7 root_lp=infeasible margin=0.000e+00 block=4 nodes=484
OPEN support=644 parity=56 k=4 neg=8 pos=10 root_lp=feasible margin=1.571e+00 block=0 nodes=70
OPEN support=646 parity=57 k=4 neg=11 pos=7 root_lp=infeasible margin=0.000e+00 block=2 nodes=484
OPEN support=644 parity=56 k=5 neg=8 pos=10 root_lp=feasible margin=1.288e-02 block=0 nodes=20
OPEN support=646 parity=57 k=5 neg=11 pos=7 root_lp=infeasible margin=0.000e+00 block=2 nodes=485
OPEN support=644 parity=56 k=5 neg=8 pos=10 root_lp=feasible margin=1.283e-02 block=0 nodes=20
OPEN support=644 parity=56 k=6 neg=8 pos=10 root_lp=feasible margin=2.603e-02 block=0 nodes=14
OPEN support=646 parity=57 k=4 neg=11 pos=7 root_lp=infeasible margin=0.000e+00 block=4 nodes=484
OPEN support=644 parity=58 k=2 neg=9 pos=9 root_lp=infeasible margin=0.000e+00 block=2 nodes=482
OPEN support=646 parity=57 k=5 neg=11 pos=7 root_lp=infeasible margin=0.000e+00 block=2 nodes=485
OPEN support=644 parity=58 k=3 neg=9 pos=9 root_lp=feasible margin=1.179e-01 block=0 nodes=218
OPEN support=646 parity=57 k=5 neg=11 pos=7 root_lp=infeasible margin=0.000e+00 block=4 nodes=485
OPEN support=644 parity=58 k=3 neg=9 pos=9 root_lp=feasible margin=2.919e-01 block=0 nodes=166
OPEN support=646 parity=57 k=6 neg=11 pos=7 root_lp=infeasible margin=0.000e+00 block=2 nodes=486
OPEN support=644 parity=58 k=4 neg=9 pos=9 root_lp=feasible margin=1.105e+00 block=0 nodes=30
OPEN support=653 parity=7 k=2 neg=9 pos=11 root_lp=infeasible margin=0.000e+00 block=2 nodes=3677
OPEN support=654 parity=3 k=1 neg=9 pos=11 root_lp=infeasible margin=0.000e+00 block=1 nodes=2
OPEN support=644 parity=58 k=3 neg=9 pos=9 root_lp=feasible margin=3.175e-01 block=0 nodes=182
OPEN support=644 parity=58 k=4 neg=9 pos=9 root_lp=feasible margin=1.036e+00 block=0 nodes=30
OPEN support=644 parity=58 k=4 neg=9 pos=9 root_lp=feasible margin=1.525e+00 block=0 nodes=30
OPEN support=644 parity=58 k=5 neg=9 pos=9 root_lp=feasible margin=1.090e+00 block=0 nodes=20
OPEN support=644 parity=58 k=2 neg=9 pos=9 root_lp=infeasible margin=0.000e+00 block=2 nodes=482
OPEN support=644 parity=58 k=3 neg=9 pos=9 root_lp=infeasible margin=0.000e+00 block=2 nodes=483
OPEN support=653 parity=7 k=3 neg=9 pos=11 root_lp=feasible margin=9.640e-01 block=0 nodes=205
OPEN support=644 parity=58 k=3 neg=9 pos=9 root_lp=feasible margin=1.330e+00 block=0 nodes=82
OPEN support=644 parity=58 k=4 neg=9 pos=9 root_lp=feasible margin=2.397e-01 block=0 nodes=187
OPEN support=638 parity=56 k=3 neg=8 pos=10 root_lp=feasible margin=5.447e-03 block=0 nodes=5636
OPEN support=644 parity=58 k=3 neg=9 pos=9 root_lp=feasible margin=1.845e+00 block=0 nodes=82
OPEN support=644 parity=58 k=4 neg=9 pos=9 root_lp=feasible margin=5.875e-02 block=0 nodes=147
OPEN support=644 parity=58 k=4 neg=9 pos=9 root_lp=feasible margin=1.355e+00 block=0 nodes=30
OPEN support=644 parity=58 k=5 neg=9 pos=9 root_lp=feasible margin=1.104e+00 block=0 nodes=31
OPEN support=644 parity=58 k=3 neg=9 pos=9 root_lp=feasible margin=1.471e+00 block=0 nodes=82
OPEN support=644 parity=58 k=4 neg=9 pos=9 root_lp=feasible margin=8.434e-02 block=0 nodes=159
OPEN support=644 parity=58 k=4 neg=9 pos=9 root_lp=feasible margin=1.315e+00 block=0 nodes=30
OPEN support=644 parity=58 k=5 neg=9 pos=9 root_lp=feasible margin=1.076e+00 block=0 nodes=31
OPEN support=644 parity=58 k=4 neg=9 pos=9 root_lp=feasible margin=1.585e+00 block=0 nodes=30
OPEN support=644 parity=58 k=5 neg=9 pos=9 root_lp=feasible margin=1.525e+00 block=0 nodes=31
OPEN support=644 parity=58 k=5 neg=9 pos=9 root_lp=feasible margin=1.168e+00 block=0 nodes=20
OPEN support=644 parity=58 k=6 neg=9 pos=9 root_lp=feasible margin=1.131e+00 block=0 nodes=21
OPEN support=647 parity=56 k=2 neg=8 pos=10 root_lp=feasible margin=1.273e-03 block=0 nodes=5257
OPEN support=656 parity=6 k=2 neg=9 pos=11 root_lp=infeasible margin=0.000e+00 block=4 nodes=1206
OPEN support=653 parity=7 k=3 neg=9 pos=11 root_lp=feasible margin=4.189e-02 block=0 nodes=3258
OPEN support=653 parity=7 k=4 neg=9 pos=11 root_lp=feasible margin=9.531e-01 block=0 nodes=78
OPEN support=656 parity=6 k=3 neg=9 pos=11 root_lp=infeasible margin=0.000e+00 block=2 nodes=1367
OPEN support=653 parity=11 k=3 neg=10 pos=10 root_lp=feasible margin=2.384e-01 block=0 nodes=41
OPEN support=653 parity=11 k=4 neg=10 pos=10 root_lp=feasible margin=4.416e-02 block=0 nodes=19
OPEN support=647 parity=56 k=3 neg=8 pos=10 root_lp=feasible margin=4.095e-04 block=0 nodes=10857
OPEN support=665 parity=10 k=2 neg=9 pos=11 root_lp=feasible margin=5.882e-04 block=0 nodes=490
OPEN support=656 parity=6 k=3 neg=9 pos=11 root_lp=infeasible margin=0.000e+00 block=2 nodes=1007
OPEN support=662 parity=11 k=2 neg=9 pos=11 root_lp=feasible margin=1.505e-02 block=0 nodes=3413
OPEN support=662 parity=11 k=3 neg=9 pos=11 root_lp=feasible margin=1.244e+00 block=0 nodes=53
OPEN support=638 parity=56 k=4 neg=8 pos=10 root_lp=feasible margin=6.171e-04 block=0 nodes=15114
OPEN support=647 parity=56 k=3 neg=8 pos=10 root_lp=feasible margin=2.162e+00 block=0 nodes=636
OPEN support=662 parity=11 k=3 neg=9 pos=11 root_lp=feasible margin=1.866e+00 block=0 nodes=35
OPEN support=662 parity=11 k=4 neg=9 pos=11 root_lp=feasible margin=1.674e-01 block=0 nodes=19
OPEN support=638 parity=56 k=4 neg=8 pos=10 root_lp=feasible margin=1.788e+00 block=0 nodes=313
OPEN support=665 parity=10 k=3 neg=9 pos=11 root_lp=feasible margin=1.700e-03 block=0 nodes=567
OPEN support=665 parity=10 k=3 neg=9 pos=11 root_lp=feasible margin=1.788e+00 block=0 nodes=106
OPEN support=638 parity=56 k=5 neg=8 pos=10 root_lp=feasible margin=1.788e+00 block=0 nodes=420
OPEN support=647 parity=56 k=4 neg=8 pos=10 root_lp=feasible margin=2.202e+00 block=0 nodes=827
OPEN support=665 parity=10 k=4 neg=9 pos=11 root_lp=feasible margin=1.788e+00 block=0 nodes=120
OPEN support=638 parity=56 k=4 neg=8 pos=10 root_lp=feasible margin=1.497e+00 block=0 nodes=555
OPEN support=647 parity=56 k=3 neg=8 pos=10 root_lp=feasible margin=1.525e+00 block=0 nodes=464
OPEN support=638 parity=56 k=5 neg=8 pos=10 root_lp=feasible margin=1.515e+00 block=0 nodes=624
OPEN support=665 parity=10 k=3 neg=9 pos=11 root_lp=feasible margin=2.340e-03 block=0 nodes=491
OPEN support=638 parity=56 k=5 neg=8 pos=10 root_lp=feasible margin=1.274e+00 block=0 nodes=43
OPEN support=638 parity=56 k=6 neg=8 pos=10 root_lp=feasible margin=1.276e+00 block=0 nodes=38
OPEN support=638 parity=59 k=2 neg=10 pos=8 root_lp=infeasible margin=0.000e+00 block=4 nodes=482
OPEN support=638 parity=59 k=2 neg=10 pos=8 root_lp=infeasible margin=0.000e+00 block=4 nodes=482
OPEN support=647 parity=56 k=4 neg=8 pos=10 root_lp=feasible margin=1.525e+00 block=0 nodes=869
OPEN support=638 parity=59 k=3 neg=10 pos=8 root_lp=infeasible margin=0.000e+00 block=4 nodes=483
OPEN support=638 parity=59 k=3 neg=10 pos=8 root_lp=infeasible margin=0.000e+00 block=4 nodes=483
OPEN support=647 parity=56 k=4 neg=8 pos=10 root_lp=feasible margin=1.406e+00 block=0 nodes=66
OPEN support=638 parity=59 k=3 neg=10 pos=8 root_lp=infeasible margin=0.000e+00 block=4 nodes=483
OPEN support=656 parity=6 k=4 neg=9 pos=11 root_lp=feasible margin=1.080e-02 block=0 nodes=2094
OPEN support=638 parity=59 k=4 neg=10 pos=8 root_lp=infeasible margin=0.000e+00 block=4 nodes=484
OPEN support=647 parity=56 k=5 neg=8 pos=10 root_lp=feasible margin=1.475e+00 block=0 nodes=25
OPEN support=638 parity=59 k=3 neg=10 pos=8 root_lp=infeasible margin=0.000e+00 block=2 nodes=483
OPEN support=638 parity=59 k=3 neg=10 pos=8 root_lp=infeasible margin=0.000e+00 block=4 nodes=483
OPEN support=638 parity=59 k=4 neg=10 pos=8 root_lp=infeasible margin=0.000e+00 block=2 nodes=484
OPEN support=638 parity=59 k=4 neg=10 pos=8 root_lp=infeasible margin=0.000e+00 block=4 nodes=484
OPEN support=638 parity=59 k=4 neg=10 pos=8 root_lp=infeasible margin=0.000e+00 block=4 nodes=484
OPEN support=638 parity=59 k=5 neg=10 pos=8 root_lp=infeasible margin=0.000e+00 block=4 nodes=485
OPEN support=638 parity=59 k=2 neg=10 pos=8 root_lp=infeasible margin=0.000e+00 block=4 nodes=482
OPEN support=638 parity=59 k=3 neg=10 pos=8 root_lp=infeasible margin=0.000e+00 block=4 nodes=483
OPEN support=665 parity=10 k=4 neg=9 pos=11 root_lp=feasible margin=3.493e-03 block=0 nodes=740
OPEN support=638 parity=59 k=3 neg=10 pos=8 root_lp=infeasible margin=0.000e+00 block=4 nodes=483
OPEN support=662 parity=11 k=3 neg=9 pos=11 root_lp=feasible margin=2.307e-02 block=0 nodes=2776
OPEN support=638 parity=59 k=4 neg=10 pos=8 root_lp=infeasible margin=0.000e+00 block=4 nodes=484
OPEN support=662 parity=11 k=4 neg=9 pos=11 root_lp=feasible margin=9.105e-02 block=0 nodes=30
OPEN support=638 parity=59 k=3 neg=10 pos=8 root_lp=infeasible margin=0.000e+00 block=4 nodes=483
OPEN support=662 parity=11 k=4 neg=9 pos=11 root_lp=feasible margin=1.110e-01 block=0 nodes=30
OPEN support=665 parity=10 k=4 neg=9 pos=11 root_lp=feasible margin=1.788e+00 block=0 nodes=109
OPEN support=638 parity=59 k=4 neg=10 pos=8 root_lp=infeasible margin=0.000e+00 block=4 nodes=484
OPEN support=662 parity=11 k=5 neg=9 pos=11 root_lp=feasible margin=1.857e-01 block=0 nodes=20
OPEN support=638 parity=59 k=4 neg=10 pos=8 root_lp=infeasible margin=0.000e+00 block=4 nodes=484
OPEN support=638 parity=59 k=5 neg=10 pos=8 root_lp=infeasible margin=0.000e+00 block=4 nodes=485
OPEN support=662 parity=19 k=3 neg=10 pos=10 root_lp=feasible margin=4.550e-02 block=0 nodes=31
OPEN support=665 parity=10 k=5 neg=9 pos=11 root_lp=feasible margin=1.788e+00 block=0 nodes=53
OPEN support=638 parity=59 k=3 neg=10 pos=8 root_lp=infeasible margin=0.000e+00 block=4 nodes=483
OPEN support=662 parity=19 k=4 neg=10 pos=10 root_lp=feasible margin=4.550e-02 block=0 nodes=19
OPEN support=647 parity=56 k=3 neg=8 pos=10 root_lp=feasible margin=2.985e-03 block=0 nodes=5134
OPEN support=638 parity=59 k=4 neg=10 pos=8 root_lp=infeasible margin=0.000e+00 block=4 nodes=484
OPEN support=662 parity=19 k=4 neg=10 pos=10 root_lp=feasible margin=4.550e-02 block=0 nodes=19
OPEN support=662 parity=19 k=5 neg=10 pos=10 root_lp=feasible margin=4.550e-02 block=0 nodes=13
OPEN support=638 parity=59 k=4 neg=10 pos=8 root_lp=infeasible margin=0.000e+00 block=4 nodes=484
OPEN support=638 parity=59 k=5 neg=10 pos=8 root_lp=infeasible margin=0.000e+00 block=4 nodes=485
OPEN support=638 parity=59 k=4 neg=10 pos=8 root_lp=infeasible margin=0.000e+00 block=4 nodes=484
OPEN support=638 parity=59 k=5 neg=10 pos=8 root_lp=infeasible margin=0.000e+00 block=4 nodes=485
OPEN support=638 parity=59 k=5 neg=10 pos=8 root_lp=infeasible margin=0.000e+00 block=4 nodes=485
OPEN support=675 parity=7 k=1 neg=10 pos=10 root_lp=infeasible margin=0.000e+00 block=1 nodes=2
OPEN support=638 parity=59 k=6 neg=10 pos=8 root_lp=infeasible margin=0.000e+00 block=4 nodes=486
OPEN support=677 parity=2 k=3 neg=9 pos=11 root_lp=feasible margin=4.991e-02 block=0 nodes=37
OPEN support=677 parity=2 k=4 neg=9 pos=11 root_lp=feasible margin=1.268e-02 block=0 nodes=19
OPEN support=677 parity=14 k=2 neg=10 pos=10 root_lp=infeasible margin=0.000e+00 block=4 nodes=482
OPEN support=677 parity=14 k=3 neg=10 pos=10 root_lp=feasible margin=9.747e-02 block=0 nodes=846
OPEN support=671 parity=11 k=2 neg=9 pos=11 root_lp=feasible margin=4.929e-03 block=0 nodes=2841
OPEN support=677 parity=14 k=3 neg=10 pos=10 root_lp=infeasible margin=0.000e+00 block=4 nodes=483
OPEN support=671 parity=11 k=3 neg=9 pos=11 root_lp=feasible margin=1.077e+00 block=0 nodes=61
OPEN support=671 parity=11 k=3 neg=9 pos=11 root_lp=feasible margin=1.493e+00 block=0 nodes=31
OPEN support=671 parity=11 k=4 neg=9 pos=11 root_lp=feasible margin=1.706e-01 block=0 nodes=19
OPEN support=677 parity=14 k=4 neg=10 pos=10 root_lp=feasible margin=2.298e-01 block=0 nodes=805
OPEN support=680 parity=4 k=3 neg=9 pos=11 root_lp=feasible margin=5.326e-02 block=0 nodes=31
OPEN support=680 parity=4 k=4 neg=9 pos=11 root_lp=feasible margin=1.455e-02 block=0 nodes=19
OPEN support=680 parity=4 k=4 neg=9 pos=11 root_lp=feasible margin=1.620e-02 block=0 nodes=19
OPEN support=674 parity=10 k=2 neg=9 pos=11 root_lp=infeasible margin=0.000e+00 block=2 nodes=1666
OPEN support=680 parity=4 k=5 neg=9 pos=11 root_lp=feasible margin=2.565e-02 block=0 nodes=13
OPEN support=680 parity=6 k=1 neg=12 pos=8 root_lp=infeasible margin=0.000e+00 block=4 nodes=481
OPEN support=680 parity=6 k=2 neg=12 pos=8 root_lp=infeasible margin=0.000e+00 block=2 nodes=482
OPEN support=680 parity=6 k=3 neg=12 pos=8 root_lp=infeasible margin=0.000e+00 block=2 nodes=483
OPEN support=680 parity=6 k=3 neg=12 pos=8 root_lp=infeasible margin=0.000e+00 block=2 nodes=483
OPEN support=680 parity=6 k=4 neg=12 pos=8 root_lp=infeasible margin=0.000e+00 block=2 nodes=484
OPEN support=680 parity=6 k=3 neg=12 pos=8 root_lp=infeasible margin=0.000e+00 block=4 nodes=483
OPEN support=680 parity=6 k=4 neg=12 pos=8 root_lp=infeasible margin=0.000e+00 block=4 nodes=484
OPEN support=680 parity=6 k=4 neg=12 pos=8 root_lp=infeasible margin=0.000e+00 block=4 nodes=484
OPEN support=680 parity=6 k=5 neg=12 pos=8 root_lp=infeasible margin=0.000e+00 block=4 nodes=485
OPEN support=647 parity=56 k=4 neg=8 pos=10 root_lp=feasible margin=7.116e-04 block=0 nodes=10760
OPEN support=647 parity=56 k=4 neg=8 pos=10 root_lp=feasible margin=2.185e+00 block=0 nodes=485
OPEN support=671 parity=11 k=3 neg=9 pos=11 root_lp=feasible margin=1.115e-02 block=0 nodes=2434
OPEN support=671 parity=11 k=4 neg=9 pos=11 root_lp=feasible margin=8.332e-02 block=0 nodes=30
OPEN support=671 parity=11 k=4 neg=9 pos=11 root_lp=feasible margin=1.301e-01 block=0 nodes=30
OPEN support=671 parity=11 k=5 neg=9 pos=11 root_lp=feasible margin=1.821e-01 block=0 nodes=20
OPEN support=671 parity=19 k=3 neg=10 pos=10 root_lp=feasible margin=4.372e-02 block=0 nodes=33
OPEN support=671 parity=19 k=4 neg=10 pos=10 root_lp=feasible margin=4.550e-02 block=0 nodes=19
OPEN support=671 parity=19 k=4 neg=10 pos=10 root_lp=feasible margin=4.177e-02 block=0 nodes=19
OPEN support=671 parity=19 k=5 neg=10 pos=10 root_lp=feasible margin=4.374e-02 block=0 nodes=13
OPEN support=647 parity=56 k=5 neg=8 pos=10 root_lp=feasible margin=2.202e+00 block=0 nodes=844
OPEN support=647 parity=56 k=4 neg=8 pos=10 root_lp=feasible margin=1.531e+00 block=0 nodes=591
OPEN support=682 parity=29 k=3 neg=10 pos=10 root_lp=feasible margin=1.529e-02 block=0 nodes=144
OPEN support=682 parity=29 k=4 neg=10 pos=10 root_lp=feasible margin=5.091e-01 block=0 nodes=30
OPEN support=682 parity=29 k=3 neg=10 pos=10 root_lp=feasible margin=7.327e-01 block=0 nodes=126
OPEN support=682 parity=29 k=4 neg=10 pos=10 root_lp=feasible margin=4.422e-01 block=0 nodes=44
OPEN support=682 parity=29 k=4 neg=10 pos=10 root_lp=feasible margin=7.171e-01 block=0 nodes=21
OPEN support=647 parity=56 k=5 neg=8 pos=10 root_lp=feasible margin=1.525e+00 block=0 nodes=852
OPEN support=680 parity=11 k=2 neg=9 pos=11 root_lp=feasible margin=3.435e-03 block=0 nodes=3309
OPEN support=682 parity=29 k=5 neg=10 pos=10 root_lp=feasible margin=7.837e-02 block=0 nodes=20
OPEN support=647 parity=56 k=5 neg=8 pos=10 root_lp=feasible margin=1.374e+00 block=0 nodes=43
OPEN support=647 parity=56 k=6 neg=8 pos=10 root_lp=feasible margin=1.497e+00 block=0 nodes=18
OPEN support=683 parity=4 k=3 neg=9 pos=11 root_lp=feasible margin=5.248e-02 block=0 nodes=43
OPEN support=647 parity=59 k=2 neg=10 pos=8 root_lp=infeasible margin=0.000e+00 block=2 nodes=482
OPEN support=683 parity=4 k=4 neg=9 pos=11 root_lp=feasible margin=5.491e-02 block=0 nodes=21
OPEN support=680 parity=11 k=3 neg=9 pos=11 root_lp=feasible margin=1.071e+00 block=0 nodes=109
OPEN support=683 parity=4 k=4 neg=9 pos=11 root_lp=feasible margin=1.517e-02 block=0 nodes=19
OPEN support=647 parity=59 k=2 neg=10 pos=8 root_lp=infeasible margin=0.000e+00 block=2 nodes=482
OPEN support=683 parity=4 k=5 neg=9 pos=11 root_lp=feasible margin=1.799e-02 block=0 nodes=13
OPEN support=647 parity=59 k=3 neg=10 pos=8 root_lp=infeasible margin=0.000e+00 block=4 nodes=483
OPEN support=647 parity=59 k=3 neg=10 pos=8 root_lp=infeasible margin=0.000e+00 block=4 nodes=483
OPEN support=683 parity=7 k=2 neg=10 pos=10 root_lp=infeasible margin=0.000e+00 block=2 nodes=482
OPEN support=647 parity=59 k=3 neg=10 pos=8 root_lp=infeasible margin=0.000e+00 block=4 nodes=483
OPEN support=680 parity=11 k=3 neg=9 pos=11 root_lp=feasible margin=1.407e+00 block=0 nodes=103
OPEN support=647 parity=59 k=4 neg=10 pos=8 root_lp=infeasible margin=0.000e+00 block=2 nodes=484
OPEN support=680 parity=11 k=4 neg=9 pos=11 root_lp=feasible margin=1.160e-01 block=0 nodes=19
OPEN support=683 parity=7 k=3 neg=10 pos=10 root_lp=infeasible margin=0.000e+00 block=2 nodes=483
OPEN support=647 parity=59 k=3 neg=10 pos=8 root_lp=infeasible margin=0.000e+00 block=2 nodes=483
OPEN support=647 parity=59 k=3 neg=10 pos=8 root_lp=infeasible margin=0.000e+00 block=2 nodes=483
OPEN support=647 parity=59 k=4 neg=10 pos=8 root_lp=infeasible margin=0.000e+00 block=2 nodes=484
OPEN support=683 parity=7 k=3 neg=10 pos=10 root_lp=feasible margin=3.208e-02 block=0 nodes=322
OPEN support=647 parity=59 k=4 neg=10 pos=8 root_lp=infeasible margin=0.000e+00 block=4 nodes=484
OPEN support=647 parity=59 k=4 neg=10 pos=8 root_lp=infeasible margin=0.000e+00 block=2 nodes=484
OPEN support=647 parity=59 k=5 neg=10 pos=8 root_lp=infeasible margin=0.000e+00 block=2 nodes=485
OPEN support=647 parity=59 k=2 neg=10 pos=8 root_lp=infeasible margin=0.000e+00 block=4 nodes=482
OPEN support=683 parity=7 k=4 neg=10 pos=10 root_lp=feasible margin=5.623e-02 block=0 nodes=279
OPEN support=647 parity=59 k=3 neg=10 pos=8 root_lp=infeasible margin=0.000e+00 block=2 nodes=483
OPEN support=683 parity=7 k=3 neg=10 pos=10 root_lp=infeasible margin=0.000e+00 block=2 nodes=483
OPEN support=647 parity=59 k=3 neg=10 pos=8 root_lp=infeasible margin=0.000e+00 block=4 nodes=483
OPEN support=647 parity=59 k=4 neg=10 pos=8 root_lp=infeasible margin=0.000e+00 block=2 nodes=484
OPEN support=683 parity=7 k=4 neg=10 pos=10 root_lp=infeasible margin=0.000e+00 block=2 nodes=484
OPEN support=674 parity=10 k=3 neg=9 pos=11 root_lp=feasible margin=1.267e-02 block=0 nodes=3932
OPEN support=647 parity=59 k=3 neg=10 pos=8 root_lp=infeasible margin=0.000e+00 block=4 nodes=483
OPEN support=647 parity=59 k=4 neg=10 pos=8 root_lp=infeasible margin=0.000e+00 block=2 nodes=484
OPEN support=683 parity=7 k=4 neg=10 pos=10 root_lp=feasible margin=1.322e-01 block=0 nodes=273
OPEN support=647 parity=59 k=4 neg=10 pos=8 root_lp=infeasible margin=0.000e+00 block=4 nodes=484
OPEN support=647 parity=59 k=5 neg=10 pos=8 root_lp=infeasible margin=0.000e+00 block=4 nodes=485
OPEN support=647 parity=59 k=3 neg=10 pos=8 root_lp=infeasible margin=0.000e+00 block=4 nodes=483
OPEN support=683 parity=7 k=5 neg=10 pos=10 root_lp=feasible margin=1.563e-01 block=0 nodes=240
OPEN support=647 parity=59 k=4 neg=10 pos=8 root_lp=infeasible margin=0.000e+00 block=4 nodes=484
OPEN support=647 parity=59 k=4 neg=10 pos=8 root_lp=infeasible margin=0.000e+00 block=2 nodes=484
OPEN support=647 parity=59 k=5 neg=10 pos=8 root_lp=infeasible margin=0.000e+00 block=4 nodes=485
OPEN support=647 parity=59 k=4 neg=10 pos=8 root_lp=infeasible margin=0.000e+00 block=2 nodes=484
OPEN support=647 parity=59 k=5 neg=10 pos=8 root_lp=infeasible margin=0.000e+00 block=4 nodes=485
OPEN support=647 parity=59 k=5 neg=10 pos=8 root_lp=infeasible margin=0.000e+00 block=4 nodes=485
OPEN support=647 parity=59 k=6 neg=10 pos=8 root_lp=infeasible margin=0.000e+00 block=4 nodes=486
OPEN support=683 parity=10 k=2 neg=9 pos=11 root_lp=infeasible margin=0.000e+00 block=2 nodes=522
OPEN support=686 parity=4 k=3 neg=9 pos=11 root_lp=feasible margin=5.673e-02 block=0 nodes=31
OPEN support=686 parity=4 k=4 neg=9 pos=11 root_lp=feasible margin=2.628e-02 block=0 nodes=19
OPEN support=674 parity=10 k=3 neg=9 pos=11 root_lp=feasible margin=1.777e+00 block=0 nodes=647
OPEN support=686 parity=4 k=4 neg=9 pos=11 root_lp=feasible margin=2.218e-02 block=0 nodes=19
OPEN support=686 parity=4 k=5 neg=9 pos=11 root_lp=feasible margin=3.668e-02 block=0 nodes=13
OPEN support=686 parity=28 k=2 neg=10 pos=10 root_lp=infeasible margin=0.000e+00 block=2 nodes=482
OPEN support=686 parity=28 k=3 neg=10 pos=10 root_lp=feasible margin=4.473e-01 block=0 nodes=360
OPEN support=683 parity=10 k=3 neg=9 pos=11 root_lp=feasible margin=1.661e-02 block=0 nodes=575
OPEN support=686 parity=28 k=3 neg=10 pos=10 root_lp=feasible margin=3.129e-01 block=0 nodes=696
OPEN support=683 parity=10 k=3 neg=9 pos=11 root_lp=feasible margin=1.013e+00 block=0 nodes=106
OPEN support=686 parity=28 k=4 neg=10 pos=10 root_lp=feasible margin=1.782e-01 block=0 nodes=62
OPEN support=686 parity=28 k=3 neg=10 pos=10 root_lp=infeasible margin=0.000e+00 block=2 nodes=483
OPEN support=680 parity=11 k=3 neg=9 pos=11 root_lp=feasible margin=1.245e-02 block=0 nodes=2948
OPEN support=683 parity=10 k=4 neg=9 pos=11 root_lp=feasible margin=1.132e+00 block=0 nodes=83
OPEN support=686 parity=28 k=4 neg=10 pos=10 root_lp=feasible margin=6.762e-02 block=0 nodes=343
OPEN support=680 parity=11 k=4 neg=9 pos=11 root_lp=feasible margin=1.181e+00 block=0 nodes=40
OPEN support=680 parity=11 k=4 neg=9 pos=11 root_lp=feasible margin=9.346e-01 block=0 nodes=34
OPEN support=680 parity=11 k=5 neg=9 pos=11 root_lp=feasible margin=1.689e-01 block=0 nodes=20
OPEN support=686 parity=28 k=4 neg=10 pos=10 root_lp=feasible margin=4.451e-01 block=0 nodes=653
OPEN support=680 parity=19 k=3 neg=10 pos=10 root_lp=feasible margin=4.232e-02 block=0 nodes=29
OPEN support=674 parity=10 k=4 neg=9 pos=11 root_lp=feasible margin=1.106e-02 block=0 nodes=750
OPEN support=686 parity=28 k=5 neg=10 pos=10 root_lp=feasible margin=1.486e-01 block=0 nodes=47
OPEN support=676 parity=15 k=2 neg=10 pos=10 root_lp=feasible margin=2.117e-02 block=0 nodes=5806
OPEN support=680 parity=19 k=4 neg=10 pos=10 root_lp=feasible margin=4.550e-02 block=0 nodes=19
OPEN support=680 parity=19 k=4 neg=10 pos=10 root_lp=feasible margin=2.567e-01 block=0 nodes=21
OPEN support=680 parity=19 k=5 neg=10 pos=10 root_lp=feasible margin=4.550e-02 block=0 nodes=13
OPEN support=680 parity=28 k=2 neg=10 pos=10 root_lp=infeasible margin=0.000e+00 block=2 nodes=482
OPEN support=689 parity=8 k=3 neg=9 pos=11 root_lp=feasible margin=5.860e-02 block=0 nodes=33
OPEN support=689 parity=8 k=4 neg=9 pos=11 root_lp=feasible margin=2.363e-02 block=0 nodes=19
OPEN support=689 parity=8 k=4 neg=9 pos=11 root_lp=feasible margin=2.798e-02 block=0 nodes=19
OPEN support=689 parity=8 k=5 neg=9 pos=11 root_lp=feasible margin=3.568e-02 block=0 nodes=13
OPEN support=680 parity=28 k=3 neg=10 pos=10 root_lp=feasible margin=4.121e-01 block=0 nodes=478
OPEN support=683 parity=10 k=3 neg=9 pos=11 root_lp=infeasible margin=0.000e+00 block=2 nodes=777
OPEN support=689 parity=8 k=4 neg=9 pos=11 root_lp=feasible margin=2.435e-02 block=0 nodes=19
OPEN support=689 parity=8 k=5 neg=9 pos=11 root_lp=feasible margin=3.315e-02 block=0 nodes=13
OPEN support=689 parity=8 k=5 neg=9 pos=11 root_lp=feasible margin=3.722e-02 block=0 nodes=13
OPEN support=689 parity=8 k=6 neg=9 pos=11 root_lp=feasible margin=3.747e-02 block=0 nodes=13
OPEN support=680 parity=28 k=3 neg=10 pos=10 root_lp=feasible margin=2.953e-01 block=0 nodes=728
OPEN support=689 parity=10 k=2 neg=12 pos=8 root_lp=infeasible margin=0.000e+00 block=4 nodes=482
OPEN support=680 parity=28 k=4 neg=10 pos=10 root_lp=feasible margin=4.931e-01 block=0 nodes=84
OPEN support=689 parity=10 k=3 neg=12 pos=8 root_lp=infeasible margin=0.000e+00 block=4 nodes=483
OPEN support=680 parity=28 k=3 neg=10 pos=10 root_lp=infeasible margin=0.000e+00 block=2 nodes=483
OPEN support=689 parity=10 k=3 neg=12 pos=8 root_lp=infeasible margin=0.000e+00 block=4 nodes=483
OPEN support=689 parity=10 k=4 neg=12 pos=8 root_lp=infeasible margin=0.000e+00 block=4 nodes=484
OPEN support=680 parity=28 k=4 neg=10 pos=10 root_lp=feasible margin=3.245e-02 block=0 nodes=451
OPEN support=689 parity=10 k=3 neg=12 pos=8 root_lp=infeasible margin=0.000e+00 block=4 nodes=483
OPEN support=689 parity=10 k=4 neg=12 pos=8 root_lp=infeasible margin=0.000e+00 block=4 nodes=484
OPEN support=689 parity=10 k=4 neg=12 pos=8 root_lp=infeasible margin=0.000e+00 block=4 nodes=484
OPEN support=674 parity=10 k=3 neg=9 pos=11 root_lp=infeasible margin=0.000e+00 block=2 nodes=1565
OPEN support=689 parity=10 k=5 neg=12 pos=8 root_lp=infeasible margin=0.000e+00 block=4 nodes=485
OPEN support=691 parity=57 k=3 neg=10 pos=10 root_lp=feasible margin=8.740e-02 block=0 nodes=94
OPEN support=680 parity=28 k=4 neg=10 pos=10 root_lp=feasible margin=4.276e-01 block=0 nodes=685
OPEN support=691 parity=57 k=4 neg=10 pos=10 root_lp=feasible margin=7.033e-01 block=0 nodes=30
OPEN support=689 parity=10 k=3 neg=12 pos=8 root_lp=infeasible margin=0.000e+00 block=4 nodes=483
OPEN support=680 parity=28 k=5 neg=10 pos=10 root_lp=feasible margin=1.134e-01 block=0 nodes=67
OPEN support=691 parity=57 k=4 neg=10 pos=10 root_lp=feasible margin=6.919e-01 block=0 nodes=30
OPEN support=689 parity=10 k=4 neg=12 pos=8 root_lp=infeasible margin=0.000e+00 block=4 nodes=484
OPEN support=691 parity=57 k=5 neg=10 pos=10 root_lp=feasible margin=7.225e-01 block=0 nodes=20
OPEN support=689 parity=10 k=4 neg=12 pos=8 root_lp=infeasible margin=0.000e+00 block=2 nodes=484
OPEN support=680 parity=30 k=3 neg=9 pos=11 root_lp=feasible margin=8.573e-02 block=0 nodes=29
OPEN support=689 parity=10 k=5 neg=12 pos=8 root_lp=infeasible margin=0.000e+00 block=2 nodes=485
OPEN support=691 parity=57 k=4 neg=10 pos=10 root_lp=feasible margin=9.450e-01 block=0 nodes=25
OPEN support=680 parity=30 k=4 neg=9 pos=11 root_lp=feasible margin=1.007e-01 block=0 nodes=19
OPEN support=689 parity=10 k=4 neg=12 pos=8 root_lp=infeasible margin=0.000e+00 block=4 nodes=484
OPEN support=691 parity=57 k=5 neg=10 pos=10 root_lp=feasible margin=7.837e-02 block=0 nodes=15
OPEN support=689 parity=10 k=5 neg=12 pos=8 root_lp=infeasible margin=0.000e+00 block=4 nodes=485
OPEN support=691 parity=57 k=3 neg=10 pos=10 root_lp=feasible margin=6.532e-01 block=0 nodes=33
OPEN support=689 parity=10 k=5 neg=12 pos=8 root_lp=infeasible margin=0.000e+00 block=4 nodes=485
OPEN support=691 parity=57 k=4 neg=10 pos=10 root_lp=feasible margin=7.837e-02 block=0 nodes=32
OPEN support=689 parity=10 k=6 neg=12 pos=8 root_lp=infeasible margin=0.000e+00 block=4 nodes=486
OPEN support=691 parity=57 k=4 neg=10 pos=10 root_lp=feasible margin=7.837e-02 block=0 nodes=19
OPEN support=691 parity=57 k=5 neg=10 pos=10 root_lp=feasible margin=8.367e-01 block=0 nodes=22
OPEN support=691 parity=57 k=4 neg=10 pos=10 root_lp=feasible margin=7.837e-02 block=0 nodes=19
OPEN support=680 parity=30 k=3 neg=9 pos=11 root_lp=feasible margin=7.900e-02 block=0 nodes=206
OPEN support=680 parity=30 k=4 neg=9 pos=11 root_lp=feasible margin=8.882e-02 block=0 nodes=30
OPEN support=691 parity=57 k=5 neg=10 pos=10 root_lp=feasible margin=7.990e-01 block=0 nodes=24
OPEN support=691 parity=57 k=5 neg=10 pos=10 root_lp=feasible margin=7.837e-02 block=0 nodes=13
OPEN support=680 parity=30 k=4 neg=9 pos=11 root_lp=feasible margin=9.732e-02 block=0 nodes=32
OPEN support=683 parity=10 k=4 neg=9 pos=11 root_lp=feasible margin=1.662e-02 block=0 nodes=1846
OPEN support=691 parity=57 k=6 neg=10 pos=10 root_lp=feasible margin=7.837e-02 block=0 nodes=14
OPEN support=680 parity=30 k=5 neg=9 pos=11 root_lp=feasible margin=1.038e-01 block=0 nodes=20
OPEN support=695 parity=4 k=3 neg=9 pos=11 root_lp=feasible margin=4.799e-03 block=0 nodes=45
OPEN support=692 parity=8 k=3 neg=9 pos=11 root_lp=feasible margin=1.483e-02 block=0 nodes=35
OPEN support=695 parity=4 k=4 neg=9 pos=11 root_lp=feasible margin=1.078e-02 block=0 nodes=19
OPEN support=683 parity=10 k=4 neg=9 pos=11 root_lp=feasible margin=1.005e+00 block=0 nodes=175
OPEN support=692 parity=8 k=4 neg=9 pos=11 root_lp=feasible margin=1.862e-02 block=0 nodes=19
OPEN support=695 parity=4 k=4 neg=9 pos=11 root_lp=feasible margin=1.452e-02 block=0 nodes=19
OPEN support=692 parity=8 k=4 neg=9 pos=11 root_lp=feasible margin=2.739e-02 block=0 nodes=19
OPEN support=695 parity=4 k=5 neg=9 pos=11 root_lp=feasible margin=2.115e-02 block=0 nodes=13
OPEN support=692 parity=8 k=5 neg=9 pos=11 root_lp=feasible margin=2.038e-02 block=0 nodes=13
OPEN support=692 parity=8 k=4 neg=9 pos=11 root_lp=feasible margin=2.360e-02 block=0 nodes=19
OPEN support=692 parity=8 k=5 neg=9 pos=11 root_lp=feasible margin=1.784e-02 block=0 nodes=13
OPEN support=692 parity=8 k=5 neg=9 pos=11 root_lp=feasible margin=3.720e-02 block=0 nodes=13
OPEN support=695 parity=28 k=2 neg=10 pos=10 root_lp=infeasible margin=0.000e+00 block=2 nodes=482
OPEN support=692 parity=8 k=6 neg=9 pos=11 root_lp=feasible margin=1.837e-02 block=0 nodes=13
OPEN support=695 parity=28 k=3 neg=10 pos=10 root_lp=feasible margin=2.093e-01 block=0 nodes=380
OPEN support=692 parity=11 k=2 neg=10 pos=10 root_lp=infeasible margin=0.000e+00 block=2 nodes=482
OPEN support=692 parity=11 k=3 neg=10 pos=10 root_lp=infeasible margin=0.000e+00 block=2 nodes=483
OPEN support=692 parity=11 k=3 neg=10 pos=10 root_lp=feasible margin=1.509e-01 block=0 nodes=100
OPEN support=695 parity=28 k=3 neg=10 pos=10 root_lp=feasible margin=1.939e-01 block=0 nodes=700
OPEN support=683 parity=10 k=5 neg=9 pos=11 root_lp=feasible margin=1.082e+00 block=0 nodes=396
OPEN support=692 parity=11 k=4 neg=10 pos=10 root_lp=feasible margin=1.751e-01 block=0 nodes=95
OPEN support=695 parity=28 k=4 neg=10 pos=10 root_lp=feasible margin=2.903e-01 block=0 nodes=62
OPEN support=683 parity=28 k=2 neg=10 pos=10 root_lp=infeasible margin=0.000e+00 block=4 nodes=482
OPEN support=695 parity=28 k=3 neg=10 pos=10 root_lp=infeasible margin=0.000e+00 block=2 nodes=483
OPEN support=683 parity=28 k=3 neg=10 pos=10 root_lp=infeasible margin=0.000e+00 block=2 nodes=483
OPEN support=692 parity=11 k=3 neg=10 pos=10 root_lp=feasible margin=1.781e-01 block=0 nodes=164
OPEN support=695 parity=28 k=4 neg=10 pos=10 root_lp=feasible margin=3.416e-01 block=0 nodes=361
OPEN support=692 parity=11 k=4 neg=10 pos=10 root_lp=feasible margin=2.023e-01 block=0 nodes=143
OPEN support=692 parity=11 k=4 neg=10 pos=10 root_lp=feasible margin=1.257e+00 block=0 nodes=30
OPEN support=683 parity=28 k=3 neg=10 pos=10 root_lp=feasible margin=2.685e-02 block=0 nodes=784
OPEN support=692 parity=11 k=5 neg=10 pos=10 root_lp=feasible margin=1.257e+00 block=0 nodes=31
OPEN support=695 parity=28 k=4 neg=10 pos=10 root_lp=feasible margin=3.262e-01 block=0 nodes=663
OPEN support=692 parity=11 k=3 neg=10 pos=10 root_lp=infeasible margin=0.000e+00 block=2 nodes=483
OPEN support=695 parity=28 k=5 neg=10 pos=10 root_lp=feasible margin=4.226e-01 block=0 nodes=51
OPEN support=692 parity=11 k=4 neg=10 pos=10 root_lp=infeasible margin=0.000e+00 block=2 nodes=484
OPEN support=683 parity=28 k=4 neg=10 pos=10 root_lp=feasible margin=3.311e-01 block=0 nodes=717
OPEN support=683 parity=28 k=3 neg=10 pos=10 root_lp=infeasible margin=0.000e+00 block=2 nodes=483
OPEN support=683 parity=28 k=4 neg=10 pos=10 root_lp=infeasible margin=0.000e+00 block=2 nodes=484
OPEN support=692 parity=11 k=4 neg=10 pos=10 root_lp=feasible margin=2.510e-01 block=0 nodes=95
OPEN support=692 parity=11 k=5 neg=10 pos=10 root_lp=feasible margin=4.301e-03 block=0 nodes=88
OPEN support=698 parity=8 k=3 neg=9 pos=11 root_lp=feasible margin=8.693e-03 block=0 nodes=31
OPEN support=698 parity=8 k=4 neg=9 pos=11 root_lp=feasible margin=1.673e-02 block=0 nodes=19
OPEN support=698 parity=8 k=4 neg=9 pos=11 root_lp=feasible margin=1.534e-02 block=0 nodes=19
OPEN support=692 parity=11 k=4 neg=10 pos=10 root_lp=feasible margin=7.384e-03 block=0 nodes=141
OPEN support=683 parity=28 k=4 neg=10 pos=10 root_lp=feasible margin=1.591e-01 block=0 nodes=741
OPEN support=698 parity=8 k=5 neg=9 pos=11 root_lp=feasible margin=2.177e-02 block=0 nodes=13
OPEN support=698 parity=8 k=4 neg=9 pos=11 root_lp=feasible margin=1.753e-02 block=0 nodes=19
OPEN support=692 parity=11 k=5 neg=10 pos=10 root_lp=feasible margin=3.154e-02 block=0 nodes=124
OPEN support=698 parity=8 k=5 neg=9 pos=11 root_lp=feasible margin=2.604e-02 block=0 nodes=13
OPEN support=692 parity=11 k=5 neg=10 pos=10 root_lp=feasible margin=1.257e+00 block=0 nodes=31
OPEN support=698 parity=8 k=5 neg=9 pos=11 root_lp=feasible margin=2.399e-02 block=0 nodes=13
OPEN support=683 parity=28 k=5 neg=10 pos=10 root_lp=feasible margin=8.113e-02 block=0 nodes=678
OPEN support=692 parity=11 k=6 neg=10 pos=10 root_lp=feasible margin=1.257e+00 block=0 nodes=32
OPEN support=698 parity=8 k=6 neg=9 pos=11 root_lp=feasible margin=2.515e-02 block=0 nodes=13
OPEN support=698 parity=10 k=2 neg=12 pos=8 root_lp=infeasible margin=0.000e+00 block=4 nodes=482
OPEN support=689 parity=19 k=2 neg=9 pos=11 root_lp=feasible margin=4.501e-03 block=0 nodes=2849
OPEN support=689 parity=19 k=3 neg=9 pos=11 root_lp=feasible margin=8.124e-02 block=0 nodes=29
OPEN support=698 parity=10 k=3 neg=12 pos=8 root_lp=infeasible margin=0.000e+00 block=4 nodes=483
OPEN support=689 parity=19 k=3 neg=9 pos=11 root_lp=feasible margin=1.018e-01 block=0 nodes=29
OPEN support=698 parity=10 k=3 neg=12 pos=8 root_lp=infeasible margin=0.000e+00 block=2 nodes=483
OPEN support=689 parity=19 k=4 neg=9 pos=11 root_lp=feasible margin=1.824e-01 block=0 nodes=19
OPEN support=689 parity=19 k=3 neg=9 pos=11 root_lp=feasible margin=7.286e-02 block=0 nodes=29
OPEN support=698 parity=10 k=4 neg=12 pos=8 root_lp=infeasible margin=0.000e+00 block=2 nodes=484
OPEN support=689 parity=19 k=4 neg=9 pos=11 root_lp=feasible margin=1.740e-01 block=0 nodes=19
OPEN support=698 parity=10 k=3 neg=12 pos=8 root_lp=infeasible margin=0.000e+00 block=4 nodes=483
OPEN support=689 parity=19 k=4 neg=9 pos=11 root_lp=feasible margin=1.793e-01 block=0 nodes=19
OPEN support=689 parity=19 k=5 neg=9 pos=11 root_lp=feasible margin=2.201e-01 block=0 nodes=13
OPEN support=698 parity=10 k=4 neg=12 pos=8 root_lp=infeasible margin=0.000e+00 block=4 nodes=484
OPEN support=692 parity=18 k=2 neg=9 pos=11 root_lp=feasible margin=2.237e-03 block=0 nodes=484
OPEN support=698 parity=10 k=4 neg=12 pos=8 root_lp=infeasible margin=0.000e+00 block=2 nodes=484
OPEN support=698 parity=10 k=5 neg=12 pos=8 root_lp=infeasible margin=0.000e+00 block=2 nodes=485
OPEN support=698 parity=10 k=3 neg=12 pos=8 root_lp=infeasible margin=0.000e+00 block=4 nodes=483
OPEN support=698 parity=10 k=4 neg=12 pos=8 root_lp=infeasible margin=0.000e+00 block=4 nodes=484
OPEN support=698 parity=10 k=4 neg=12 pos=8 root_lp=infeasible margin=0.000e+00 block=2 nodes=484
OPEN support=700 parity=57 k=3 neg=10 pos=10 root_lp=feasible margin=5.382e-02 block=0 nodes=102
OPEN support=700 parity=57 k=4 neg=10 pos=10 root_lp=feasible margin=7.571e-01 block=0 nodes=30
OPEN support=698 parity=10 k=5 neg=12 pos=8 root_lp=infeasible margin=0.000e+00 block=2 nodes=485
OPEN support=700 parity=57 k=4 neg=10 pos=10 root_lp=feasible margin=6.744e-01 block=0 nodes=30
OPEN support=698 parity=10 k=4 neg=12 pos=8 root_lp=infeasible margin=0.000e+00 block=4 nodes=484
OPEN support=700 parity=57 k=5 neg=10 pos=10 root_lp=feasible margin=7.587e-01 block=0 nodes=20
OPEN support=698 parity=10 k=5 neg=12 pos=8 root_lp=infeasible margin=0.000e+00 block=4 nodes=485
OPEN support=692 parity=18 k=3 neg=9 pos=11 root_lp=feasible margin=3.872e-04 block=0 nodes=589
OPEN support=700 parity=57 k=4 neg=10 pos=10 root_lp=feasible margin=9.311e-01 block=0 nodes=21
OPEN support=698 parity=10 k=5 neg=12 pos=8 root_lp=infeasible margin=0.000e+00 block=2 nodes=485
OPEN support=700 parity=57 k=5 neg=10 pos=10 root_lp=feasible margin=7.837e-02 block=0 nodes=13
OPEN support=700 parity=57 k=3 neg=10 pos=10 root_lp=feasible margin=7.837e-02 block=0 nodes=31
OPEN support=698 parity=10 k=6 neg=12 pos=8 root_lp=infeasible margin=0.000e+00 block=2 nodes=486
OPEN support=692 parity=18 k=3 neg=9 pos=11 root_lp=feasible margin=1.788e+00 block=0 nodes=102
OPEN support=700 parity=57 k=4 neg=10 pos=10 root_lp=feasible margin=6.051e-01 block=0 nodes=36
OPEN support=692 parity=18 k=4 neg=9 pos=11 root_lp=feasible margin=2.302e-02 block=0 nodes=36
OPEN support=700 parity=57 k=4 neg=10 pos=10 root_lp=feasible margin=7.837e-02 block=0 nodes=19
OPEN support=700 parity=57 k=5 neg=10 pos=10 root_lp=feasible margin=7.837e-02 block=0 nodes=22
OPEN support=700 parity=57 k=4 neg=10 pos=10 root_lp=feasible margin=7.990e-01 block=0 nodes=23
OPEN support=692 parity=18 k=3 neg=9 pos=11 root_lp=feasible margin=1.201e+00 block=0 nodes=84
OPEN support=700 parity=57 k=5 neg=10 pos=10 root_lp=feasible margin=7.990e-01 block=0 nodes=22
OPEN support=700 parity=57 k=5 neg=10 pos=10 root_lp=feasible margin=7.837e-02 block=0 nodes=13
OPEN support=692 parity=18 k=4 neg=9 pos=11 root_lp=feasible margin=2.205e-02 block=0 nodes=30
OPEN support=700 parity=57 k=6 neg=10 pos=10 root_lp=feasible margin=7.837e-02 block=0 nodes=14
OPEN support=692 parity=18 k=4 neg=9 pos=11 root_lp=feasible margin=1.429e+00 block=0 nodes=38
OPEN support=692 parity=18 k=5 neg=9 pos=11 root_lp=feasible margin=2.470e-02 block=0 nodes=20
OPEN support=701 parity=8 k=3 neg=9 pos=11 root_lp=feasible margin=5.428e-02 block=0 nodes=35
OPEN support=701 parity=8 k=4 neg=9 pos=11 root_lp=feasible margin=1.312e-02 block=0 nodes=19
OPEN support=701 parity=8 k=4 neg=9 pos=11 root_lp=feasible margin=1.340e-02 block=0 nodes=19
OPEN support=701 parity=8 k=5 neg=9 pos=11 root_lp=feasible margin=1.755e-02 block=0 nodes=13
OPEN support=701 parity=8 k=4 neg=9 pos=11 root_lp=feasible margin=1.660e-02 block=0 nodes=19
OPEN support=701 parity=8 k=5 neg=9 pos=11 root_lp=feasible margin=1.773e-02 block=0 nodes=13
OPEN support=701 parity=8 k=5 neg=9 pos=11 root_lp=feasible margin=2.297e-02 block=0 nodes=13
OPEN support=701 parity=8 k=6 neg=9 pos=11 root_lp=feasible margin=1.492e-02 block=0 nodes=13
OPEN support=701 parity=11 k=2 neg=10 pos=10 root_lp=infeasible margin=0.000e+00 block=2 nodes=482
OPEN support=701 parity=11 k=3 neg=10 pos=10 root_lp=infeasible margin=0.000e+00 block=2 nodes=483
OPEN support=701 parity=11 k=3 neg=10 pos=10 root_lp=feasible margin=1.221e-01 block=0 nodes=158
OPEN support=692 parity=18 k=3 neg=9 pos=11 root_lp=feasible margin=3.510e-03 block=0 nodes=765
OPEN support=701 parity=11 k=4 neg=10 pos=10 root_lp=feasible margin=1.462e-01 block=0 nodes=143
OPEN support=689 parity=19 k=3 neg=9 pos=11 root_lp=feasible margin=5.890e-03 block=0 nodes=2648
OPEN support=701 parity=11 k=3 neg=10 pos=10 root_lp=feasible margin=1.637e-01 block=0 nodes=224
OPEN support=689 parity=19 k=4 neg=9 pos=11 root_lp=feasible margin=1.211e-01 block=0 nodes=30
OPEN support=689 parity=19 k=4 neg=9 pos=11 root_lp=feasible margin=1.367e-01 block=0 nodes=30
OPEN support=689 parity=19 k=5 neg=9 pos=11 root_lp=feasible margin=2.018e-01 block=0 nodes=20
OPEN support=701 parity=11 k=4 neg=10 pos=10 root_lp=feasible margin=1.879e-01 block=0 nodes=195
OPEN support=689 parity=19 k=4 neg=9 pos=11 root_lp=feasible margin=1.181e-01 block=0 nodes=30
OPEN support=701 parity=11 k=4 neg=10 pos=10 root_lp=feasible margin=8.409e-01 block=0 nodes=30
OPEN support=689 parity=19 k=5 neg=9 pos=11 root_lp=feasible margin=1.936e-01 block=0 nodes=20
OPEN support=701 parity=11 k=5 neg=10 pos=10 root_lp=feasible margin=8.516e-01 block=0 nodes=31
OPEN support=689 parity=19 k=5 neg=9 pos=11 root_lp=feasible margin=1.988e-01 block=0 nodes=20
OPEN support=689 parity=19 k=6 neg=9 pos=11 root_lp=feasible margin=2.282e-01 block=0 nodes=14
OPEN support=701 parity=11 k=3 neg=10 pos=10 root_lp=infeasible margin=0.000e+00 block=2 nodes=483
OPEN support=701 parity=11 k=4 neg=10 pos=10 root_lp=infeasible margin=0.000e+00 block=2 nodes=484
OPEN support=698 parity=19 k=2 neg=9 pos=11 root_lp=feasible margin=2.966e-02 block=0 nodes=2605
OPEN support=701 parity=11 k=4 neg=10 pos=10 root_lp=feasible margin=2.222e-01 block=0 nodes=141
OPEN support=698 parity=19 k=3 neg=9 pos=11 root_lp=feasible margin=7.653e-02 block=0 nodes=29
OPEN support=689 parity=35 k=3 neg=10 pos=10 root_lp=feasible margin=4.550e-02 block=0 nodes=29
OPEN support=698 parity=19 k=3 neg=9 pos=11 root_lp=feasible margin=1.207e-01 block=0 nodes=29
OPEN support=701 parity=11 k=5 neg=10 pos=10 root_lp=feasible margin=2.463e-01 block=0 nodes=126
OPEN support=689 parity=35 k=4 neg=10 pos=10 root_lp=feasible margin=4.550e-02 block=0 nodes=19
OPEN support=698 parity=19 k=4 neg=9 pos=11 root_lp=feasible margin=1.849e-01 block=0 nodes=19
OPEN support=689 parity=35 k=4 neg=10 pos=10 root_lp=feasible margin=4.550e-02 block=0 nodes=19
OPEN support=698 parity=19 k=3 neg=9 pos=11 root_lp=feasible margin=7.966e-02 block=0 nodes=29
OPEN support=701 parity=11 k=4 neg=10 pos=10 root_lp=feasible margin=2.638e-01 block=0 nodes=191
OPEN support=689 parity=35 k=5 neg=10 pos=10 root_lp=feasible margin=4.550e-02 block=0 nodes=13
OPEN support=698 parity=19 k=4 neg=9 pos=11 root_lp=feasible margin=1.778e-01 block=0 nodes=19
OPEN support=689 parity=35 k=4 neg=10 pos=10 root_lp=feasible margin=4.550e-02 block=0 nodes=19
OPEN support=698 parity=19 k=4 neg=9 pos=11 root_lp=feasible margin=1.857e-01 block=0 nodes=19
OPEN support=689 parity=35 k=5 neg=10 pos=10 root_lp=feasible margin=4.550e-02 block=0 nodes=13
OPEN support=698 parity=19 k=5 neg=9 pos=11 root_lp=feasible margin=2.134e-01 block=0 nodes=13
OPEN support=701 parity=11 k=5 neg=10 pos=10 root_lp=feasible margin=1.713e-02 block=0 nodes=168
OPEN support=689 parity=35 k=5 neg=10 pos=10 root_lp=feasible margin=4.550e-02 block=0 nodes=13
OPEN support=701 parity=11 k=5 neg=10 pos=10 root_lp=feasible margin=8.485e-01 block=0 nodes=31
OPEN support=689 parity=35 k=6 neg=10 pos=10 root_lp=feasible margin=4.550e-02 block=0 nodes=13
OPEN support=701 parity=11 k=6 neg=10 pos=10 root_lp=feasible margin=8.558e-01 block=0 nodes=32
OPEN support=689 parity=56 k=2 neg=10 pos=10 root_lp=infeasible margin=0.000e+00 block=2 nodes=482
OPEN support=689 parity=56 k=3 neg=10 pos=10 root_lp=feasible margin=1.155e-01 block=0 nodes=386
OPEN support=674 parity=10 k=4 neg=9 pos=11 root_lp=feasible margin=1.343e-02 block=0 nodes=7753
OPEN support=689 parity=56 k=3 neg=10 pos=10 root_lp=feasible margin=1.331e-01 block=0 nodes=308
OPEN support=692 parity=18 k=4 neg=9 pos=11 root_lp=feasible margin=2.004e-02 block=0 nodes=1830
OPEN support=689 parity=56 k=4 neg=10 pos=10 root_lp=feasible margin=3.309e-01 block=0 nodes=30
OPEN support=692 parity=18 k=4 neg=9 pos=11 root_lp=feasible margin=1.788e+00 block=0 nodes=105
OPEN support=689 parity=56 k=3 neg=10 pos=10 root_lp=feasible margin=5.106e-01 block=0 nodes=586
OPEN support=689 parity=56 k=4 neg=10 pos=10 root_lp=feasible margin=1.965e-01 block=0 nodes=38
OPEN support=674 parity=10 k=4 neg=9 pos=11 root_lp=feasible margin=1.827e+00 block=0 nodes=509
OPEN support=689 parity=56 k=4 neg=10 pos=10 root_lp=feasible margin=2.141e-01 block=0 nodes=34
OPEN support=689 parity=56 k=5 neg=10 pos=10 root_lp=feasible margin=7.504e-01 block=0 nodes=20
OPEN support=692 parity=18 k=5 neg=9 pos=11 root_lp=feasible margin=2.225e-02 block=0 nodes=109
OPEN support=689 parity=56 k=3 neg=10 pos=10 root_lp=infeasible margin=0.000e+00 block=2 nodes=483
OPEN support=689 parity=56 k=4 neg=10 pos=10 root_lp=feasible margin=2.478e-01 block=0 nodes=365
OPEN support=692 parity=18 k=4 neg=9 pos=11 root_lp=feasible margin=1.173e+00 block=0 nodes=137
OPEN support=689 parity=56 k=4 neg=10 pos=10 root_lp=feasible margin=2.654e-01 block=0 nodes=293
OPEN support=689 parity=56 k=5 neg=10 pos=10 root_lp=feasible margin=9.752e-01 block=0 nodes=31
OPEN support=692 parity=18 k=5 neg=9 pos=11 root_lp=feasible margin=2.319e-02 block=0 nodes=39
OPEN support=692 parity=18 k=5 neg=9 pos=11 root_lp=feasible margin=1.457e+00 block=0 nodes=39
OPEN support=689 parity=56 k=4 neg=10 pos=10 root_lp=feasible margin=1.310e-01 block=0 nodes=547
OPEN support=698 parity=19 k=3 neg=9 pos=11 root_lp=feasible margin=7.084e-03 block=0 nodes=2126
OPEN support=689 parity=56 k=5 neg=10 pos=10 root_lp=feasible margin=3.288e-01 block=0 nodes=35
OPEN support=692 parity=18 k=6 neg=9 pos=11 root_lp=feasible margin=2.504e-02 block=0 nodes=31
OPEN support=698 parity=19 k=4 neg=9 pos=11 root_lp=feasible margin=1.310e-01 block=0 nodes=30
OPEN support=689 parity=56 k=5 neg=10 pos=10 root_lp=feasible margin=3.464e-01 block=0 nodes=31
OPEN support=674 parity=10 k=5 neg=9 pos=11 root_lp=feasible margin=2.165e+00 block=0 nodes=617
OPEN support=698 parity=19 k=4 neg=9 pos=11 root_lp=feasible margin=1.472e-01 block=0 nodes=30
OPEN support=689 parity=56 k=6 neg=10 pos=10 root_lp=feasible margin=7.539e-01 block=0 nodes=21
OPEN support=698 parity=19 k=5 neg=9 pos=11 root_lp=feasible margin=1.947e-01 block=0 nodes=20
OPEN support=689 parity=58 k=3 neg=9 pos=11 root_lp=feasible margin=8.324e-02 block=0 nodes=29
OPEN support=698 parity=19 k=4 neg=9 pos=11 root_lp=feasible margin=1.240e-01 block=0 nodes=30
OPEN support=689 parity=58 k=3 neg=9 pos=11 root_lp=feasible margin=6.285e-02 block=0 nodes=29
OPEN support=701 parity=18 k=2 neg=9 pos=11 root_lp=infeasible margin=0.000e+00 block=2 nodes=2184
OPEN support=698 parity=19 k=5 neg=9 pos=11 root_lp=feasible margin=2.003e-01 block=0 nodes=20
OPEN support=689 parity=58 k=4 neg=9 pos=11 root_lp=feasible margin=8.880e-02 block=0 nodes=19
OPEN support=698 parity=19 k=5 neg=9 pos=11 root_lp=feasible margin=2.042e-01 block=0 nodes=20
OPEN support=689 parity=58 k=4 neg=9 pos=11 root_lp=feasible margin=9.995e-02 block=0 nodes=19
OPEN support=689 parity=58 k=4 neg=9 pos=11 root_lp=feasible margin=9.308e-02 block=0 nodes=19
OPEN support=698 parity=19 k=6 neg=9 pos=11 root_lp=feasible margin=2.236e-01 block=0 nodes=14
OPEN support=689 parity=58 k=5 neg=9 pos=11 root_lp=feasible margin=9.743e-02 block=0 nodes=13
OPEN support=704 parity=3 k=2 neg=10 pos=10 root_lp=feasible margin=3.527e-03 block=0 nodes=85
OPEN support=704 parity=3 k=3 neg=10 pos=10 root_lp=feasible margin=1.752e-02 block=0 nodes=29
OPEN support=692 parity=56 k=2 neg=10 pos=10 root_lp=infeasible margin=0.000e+00 block=2 nodes=482
OPEN support=692 parity=56 k=3 neg=10 pos=10 root_lp=infeasible margin=0.000e+00 block=2 nodes=483
OPEN support=704 parity=3 k=3 neg=10 pos=10 root_lp=feasible margin=7.423e-03 block=0 nodes=82
OPEN support=689 parity=58 k=3 neg=9 pos=11 root_lp=feasible margin=6.939e-02 block=0 nodes=132
OPEN support=698 parity=35 k=3 neg=10 pos=10 root_lp=feasible margin=4.550e-02 block=0 nodes=29
OPEN support=704 parity=3 k=4 neg=10 pos=10 root_lp=feasible margin=2.304e-02 block=0 nodes=30
OPEN support=689 parity=58 k=4 neg=9 pos=11 root_lp=feasible margin=8.639e-02 block=0 nodes=30
OPEN support=698 parity=35 k=4 neg=10 pos=10 root_lp=feasible margin=4.550e-02 block=0 nodes=19
OPEN support=689 parity=58 k=4 neg=9 pos=11 root_lp=feasible margin=6.932e-02 block=0 nodes=30
OPEN support=704 parity=15 k=2 neg=11 pos=9 root_lp=infeasible margin=0.000e+00 block=4 nodes=482
OPEN support=692 parity=56 k=3 neg=10 pos=10 root_lp=feasible margin=3.767e-01 block=0 nodes=336
OPEN support=698 parity=35 k=4 neg=10 pos=10 root_lp=feasible margin=4.525e-02 block=0 nodes=19
OPEN support=689 parity=58 k=5 neg=9 pos=11 root_lp=feasible margin=9.436e-02 block=0 nodes=20
OPEN support=698 parity=35 k=5 neg=10 pos=10 root_lp=feasible margin=4.550e-02 block=0 nodes=13
OPEN support=704 parity=15 k=3 neg=11 pos=9 root_lp=infeasible margin=0.000e+00 block=2 nodes=483
OPEN support=698 parity=35 k=4 neg=10 pos=10 root_lp=feasible margin=4.550e-02 block=0 nodes=19
OPEN support=692 parity=56 k=4 neg=10 pos=10 root_lp=feasible margin=3.060e-01 block=0 nodes=305
OPEN support=689 parity=58 k=4 neg=9 pos=11 root_lp=feasible margin=9.154e-02 block=0 nodes=30
OPEN support=704 parity=15 k=3 neg=11 pos=9 root_lp=infeasible margin=0.000e+00 block=4 nodes=483
OPEN support=698 parity=35 k=5 neg=10 pos=10 root_lp=feasible margin=4.550e-02 block=0 nodes=13
OPEN support=689 parity=58 k=5 neg=9 pos=11 root_lp=feasible margin=1.045e-01 block=0 nodes=20
OPEN support=698 parity=35 k=5 neg=10 pos=10 root_lp=feasible margin=4.550e-02 block=0 nodes=13
OPEN support=689 parity=58 k=5 neg=9 pos=11 root_lp=feasible margin=9.954e-02 block=0 nodes=20
OPEN support=689 parity=58 k=6 neg=9 pos=11 root_lp=feasible margin=9.710e-02 block=0 nodes=14
OPEN support=704 parity=15 k=4 neg=11 pos=9 root_lp=infeasible margin=0.000e+00 block=2 nodes=484
OPEN support=698 parity=35 k=6 neg=10 pos=10 root_lp=feasible margin=4.550e-02 block=0 nodes=13
OPEN support=692 parity=56 k=3 neg=10 pos=10 root_lp=feasible margin=2.422e-01 block=0 nodes=630
OPEN support=707 parity=5 k=2 neg=10 pos=10 root_lp=feasible margin=8.484e-03 block=0 nodes=81
OPEN support=708 parity=3 k=2 neg=11 pos=9 root_lp=infeasible margin=0.000e+00 block=4 nodes=482
OPEN support=707 parity=5 k=3 neg=10 pos=10 root_lp=feasible margin=2.540e-02 block=0 nodes=29
OPEN support=698 parity=56 k=2 neg=10 pos=10 root_lp=infeasible margin=0.000e+00 block=2 nodes=482
OPEN support=692 parity=56 k=4 neg=10 pos=10 root_lp=feasible margin=1.716e-01 block=0 nodes=577
OPEN support=707 parity=5 k=3 neg=10 pos=10 root_lp=feasible margin=2.618e-02 block=0 nodes=29
OPEN support=708 parity=3 k=3 neg=11 pos=9 root_lp=infeasible margin=0.000e+00 block=2 nodes=483
OPEN support=707 parity=5 k=4 neg=10 pos=10 root_lp=feasible margin=3.394e-02 block=0 nodes=19
OPEN support=692 parity=56 k=4 neg=10 pos=10 root_lp=feasible margin=2.663e-02 block=0 nodes=46
OPEN support=692 parity=56 k=5 neg=10 pos=10 root_lp=feasible margin=3.870e-01 block=0 nodes=35
OPEN support=708 parity=3 k=3 neg=11 pos=9 root_lp=infeasible margin=0.000e+00 block=2 nodes=483
OPEN support=698 parity=56 k=3 neg=10 pos=10 root_lp=feasible margin=5.085e-01 block=0 nodes=390
OPEN support=692 parity=56 k=3 neg=10 pos=10 root_lp=infeasible margin=0.000e+00 block=2 nodes=483
OPEN support=707 parity=5 k=3 neg=10 pos=10 root_lp=feasible margin=1.176e-02 block=0 nodes=82
OPEN support=692 parity=56 k=4 neg=10 pos=10 root_lp=infeasible margin=0.000e+00 block=2 nodes=484
OPEN support=708 parity=3 k=4 neg=11 pos=9 root_lp=infeasible margin=0.000e+00 block=2 nodes=484
OPEN support=707 parity=5 k=4 neg=10 pos=10 root_lp=feasible margin=2.717e-02 block=0 nodes=30
OPEN support=698 parity=56 k=3 neg=10 pos=10 root_lp=feasible margin=4.071e-01 block=0 nodes=328
OPEN support=698 parity=56 k=4 neg=10 pos=10 root_lp=feasible margin=9.297e-02 block=0 nodes=30
OPEN support=707 parity=5 k=4 neg=10 pos=10 root_lp=feasible margin=2.740e-02 block=0 nodes=30
OPEN support=692 parity=56 k=4 neg=10 pos=10 root_lp=feasible margin=5.089e-01 block=0 nodes=315
OPEN support=707 parity=5 k=5 neg=10 pos=10 root_lp=feasible margin=3.416e-02 block=0 nodes=20
OPEN support=709 parity=6 k=2 neg=11 pos=9 root_lp=infeasible margin=0.000e+00 block=4 nodes=482
OPEN support=707 parity=7 k=2 neg=11 pos=9 root_lp=infeasible margin=0.000e+00 block=4 nodes=482
OPEN support=692 parity=56 k=5 neg=10 pos=10 root_lp=feasible margin=4.383e-01 block=0 nodes=288
OPEN support=698 parity=56 k=3 neg=10 pos=10 root_lp=feasible margin=3.917e-01 block=0 nodes=594
OPEN support=707 parity=7 k=3 neg=11 pos=9 root_lp=infeasible margin=0.000e+00 block=4 nodes=483
OPEN support=709 parity=6 k=3 neg=11 pos=9 root_lp=infeasible margin=0.000e+00 block=4 nodes=483
OPEN support=698 parity=56 k=4 neg=10 pos=10 root_lp=feasible margin=7.753e-02 block=0 nodes=42
OPEN support=707 parity=7 k=3 neg=11 pos=9 root_lp=infeasible margin=0.000e+00 block=2 nodes=483
OPEN support=698 parity=56 k=4 neg=10 pos=10 root_lp=feasible margin=4.881e-01 block=0 nodes=38
OPEN support=692 parity=56 k=4 neg=10 pos=10 root_lp=feasible margin=3.745e-01 block=0 nodes=593
OPEN support=709 parity=6 k=4 neg=11 pos=9 root_lp=infeasible margin=0.000e+00 block=2 nodes=484
OPEN support=698 parity=56 k=5 neg=10 pos=10 root_lp=feasible margin=6.778e-01 block=0 nodes=20
OPEN support=698 parity=56 k=3 neg=10 pos=10 root_lp=infeasible margin=0.000e+00 block=2 nodes=483
OPEN support=707 parity=7 k=4 neg=11 pos=9 root_lp=infeasible margin=0.000e+00 block=2 nodes=484
OPEN support=709 parity=6 k=2 neg=11 pos=9 root_lp=infeasible margin=0.000e+00 block=4 nodes=482
OPEN support=707 parity=7 k=3 neg=11 pos=9 root_lp=infeasible margin=0.000e+00 block=4 nodes=483
OPEN support=692 parity=56 k=5 neg=10 pos=10 root_lp=feasible margin=3.039e-01 block=0 nodes=540
OPEN support=698 parity=56 k=4 neg=10 pos=10 root_lp=feasible margin=1.289e-01 block=0 nodes=371
OPEN support=709 parity=6 k=3 neg=11 pos=9 root_lp=infeasible margin=0.000e+00 block=4 nodes=483
OPEN support=692 parity=56 k=5 neg=10 pos=10 root_lp=feasible margin=7.795e-02 block=0 nodes=39
OPEN support=707 parity=7 k=4 neg=11 pos=9 root_lp=infeasible margin=0.000e+00 block=4 nodes=484
OPEN support=698 parity=56 k=4 neg=10 pos=10 root_lp=feasible margin=2.746e-02 block=0 nodes=309
OPEN support=692 parity=56 k=6 neg=10 pos=10 root_lp=feasible margin=4.328e-01 block=0 nodes=32
OPEN support=709 parity=6 k=3 neg=11 pos=9 root_lp=infeasible margin=0.000e+00 block=2 nodes=483
OPEN support=698 parity=56 k=5 neg=10 pos=10 root_lp=feasible margin=7.372e-01 block=0 nodes=31
OPEN support=707 parity=7 k=4 neg=11 pos=9 root_lp=infeasible margin=0.000e+00 block=2 nodes=484
OPEN support=709 parity=6 k=4 neg=11 pos=9 root_lp=infeasible margin=0.000e+00 block=4 nodes=484
OPEN support=707 parity=7 k=5 neg=11 pos=9 root_lp=infeasible margin=0.000e+00 block=2 nodes=485
OPEN support=698 parity=56 k=4 neg=10 pos=10 root_lp=feasible margin=1.201e-02 block=0 nodes=555
OPEN support=698 parity=56 k=5 neg=10 pos=10 root_lp=feasible margin=2.098e-01 block=0 nodes=35
OPEN support=709 parity=6 k=3 neg=11 pos=9 root_lp=infeasible margin=0.000e+00 block=4 nodes=483
OPEN support=698 parity=56 k=5 neg=10 pos=10 root_lp=feasible margin=1.084e-01 block=0 nodes=31
OPEN support=698 parity=56 k=6 neg=10 pos=10 root_lp=feasible margin=6.752e-01 block=0 nodes=21
OPEN support=709 parity=6 k=4 neg=11 pos=9 root_lp=infeasible margin=0.000e+00 block=4 nodes=484
OPEN support=698 parity=58 k=3 neg=9 pos=11 root_lp=feasible margin=9.498e-02 block=0 nodes=29
OPEN support=709 parity=6 k=4 neg=11 pos=9 root_lp=infeasible margin=0.000e+00 block=2 nodes=484
OPEN support=710 parity=5 k=2 neg=10 pos=10 root_lp=feasible margin=1.731e-03 block=0 nodes=405
OPEN support=698 parity=58 k=4 neg=9 pos=11 root_lp=feasible margin=1.028e-01 block=0 nodes=19
OPEN support=698 parity=58 k=4 neg=9 pos=11 root_lp=feasible margin=1.043e-01 block=0 nodes=19
OPEN support=709 parity=6 k=5 neg=11 pos=9 root_lp=infeasible margin=0.000e+00 block=4 nodes=485
OPEN support=698 parity=58 k=5 neg=9 pos=11 root_lp=feasible margin=1.059e-01 block=0 nodes=13
OPEN support=709 parity=7 k=2 neg=11 pos=9 root_lp=infeasible margin=0.000e+00 block=4 nodes=482
OPEN support=709 parity=7 k=3 neg=11 pos=9 root_lp=infeasible margin=0.000e+00 block=2 nodes=483
OPEN support=701 parity=18 k=3 neg=9 pos=11 root_lp=feasible margin=1.475e-02 block=0 nodes=3580
OPEN support=709 parity=7 k=4 neg=11 pos=9 root_lp=infeasible margin=0.000e+00 block=2 nodes=484
OPEN support=698 parity=58 k=3 neg=9 pos=11 root_lp=feasible margin=8.423e-02 block=0 nodes=164
OPEN support=709 parity=7 k=2 neg=11 pos=9 root_lp=infeasible margin=0.000e+00 block=4 nodes=482
OPEN support=698 parity=58 k=4 neg=9 pos=11 root_lp=feasible margin=9.701e-02 block=0 nodes=30
OPEN support=709 parity=7 k=3 neg=11 pos=9 root_lp=infeasible margin=0.000e+00 block=4 nodes=483
OPEN support=698 parity=58 k=4 neg=9 pos=11 root_lp=feasible margin=1.112e-01 block=0 nodes=46
OPEN support=701 parity=18 k=3 neg=9 pos=11 root_lp=feasible margin=1.869e+00 block=0 nodes=304
OPEN support=709 parity=7 k=3 neg=11 pos=9 root_lp=infeasible margin=0.000e+00 block=2 nodes=483
OPEN support=698 parity=58 k=5 neg=9 pos=11 root_lp=feasible margin=1.044e-01 block=0 nodes=20
OPEN support=709 parity=7 k=4 neg=11 pos=9 root_lp=infeasible margin=0.000e+00 block=2 nodes=484
OPEN support=698 parity=58 k=4 neg=9 pos=11 root_lp=feasible margin=1.065e-01 block=0 nodes=32
OPEN support=709 parity=7 k=3 neg=11 pos=9 root_lp=infeasible margin=0.000e+00 block=4 nodes=483
OPEN support=698 parity=58 k=5 neg=9 pos=11 root_lp=feasible margin=1.046e-01 block=0 nodes=20
OPEN support=698 parity=58 k=5 neg=9 pos=11 root_lp=feasible margin=8.883e-03 block=0 nodes=13
OPEN support=709 parity=7 k=4 neg=11 pos=9 root_lp=infeasible margin=0.000e+00 block=2 nodes=484
OPEN support=698 parity=58 k=6 neg=9 pos=11 root_lp=feasible margin=1.060e-01 block=0 nodes=14
OPEN support=709 parity=7 k=4 neg=11 pos=9 root_lp=infeasible margin=0.000e+00 block=2 nodes=484
OPEN support=710 parity=5 k=3 neg=10 pos=10 root_lp=feasible margin=1.333e-03 block=0 nodes=1315
OPEN support=709 parity=7 k=5 neg=11 pos=9 root_lp=infeasible margin=0.000e+00 block=2 nodes=485
OPEN support=713 parity=5 k=2 neg=10 pos=10 root_lp=feasible margin=5.550e-03 block=0 nodes=81
OPEN support=710 parity=5 k=3 neg=10 pos=10 root_lp=feasible margin=1.383e-02 block=0 nodes=29
OPEN support=713 parity=5 k=3 neg=10 pos=10 root_lp=feasible margin=1.167e-02 block=0 nodes=29
OPEN support=713 parity=5 k=3 neg=10 pos=10 root_lp=feasible margin=2.249e-02 block=0 nodes=29
OPEN support=709 parity=30 k=3 neg=10 pos=10 root_lp=feasible margin=1.476e-01 block=0 nodes=29
OPEN support=713 parity=5 k=4 neg=10 pos=10 root_lp=feasible margin=2.464e-02 block=0 nodes=19
OPEN support=709 parity=30 k=4 neg=10 pos=10 root_lp=feasible margin=6.496e-02 block=0 nodes=55
OPEN support=707 parity=11 k=2 neg=9 pos=11 root_lp=feasible margin=2.410e-02 block=0 nodes=2987
OPEN support=713 parity=5 k=3 neg=10 pos=10 root_lp=feasible margin=8.774e-03 block=0 nodes=82
OPEN support=710 parity=5 k=4 neg=10 pos=10 root_lp=feasible margin=1.514e+00 block=0 nodes=124
OPEN support=701 parity=18 k=4 neg=9 pos=11 root_lp=feasible margin=1.372e-02 block=0 nodes=644
OPEN support=713 parity=5 k=4 neg=10 pos=10 root_lp=feasible margin=1.479e-02 block=0 nodes=30
OPEN support=707 parity=11 k=3 neg=9 pos=11 root_lp=feasible margin=1.169e+00 block=0 nodes=57
OPEN support=710 parity=5 k=3 neg=10 pos=10 root_lp=feasible margin=5.220e-03 block=0 nodes=82
OPEN support=713 parity=5 k=4 neg=10 pos=10 root_lp=feasible margin=2.488e-02 block=0 nodes=30
OPEN support=707 parity=11 k=3 neg=9 pos=11 root_lp=feasible margin=1.459e+00 block=0 nodes=37
OPEN support=709 parity=30 k=3 neg=10 pos=10 root_lp=feasible margin=3.954e-01 block=0 nodes=75
OPEN support=713 parity=5 k=5 neg=10 pos=10 root_lp=feasible margin=2.614e-02 block=0 nodes=20
OPEN support=707 parity=11 k=4 neg=9 pos=11 root_lp=feasible margin=1.819e-01 block=0 nodes=19
OPEN support=713 parity=29 k=2 neg=11 pos=9 root_lp=infeasible margin=0.000e+00 block=4 nodes=482
OPEN support=713 parity=29 k=3 neg=11 pos=9 root_lp=infeasible margin=0.000e+00 block=4 nodes=483
OPEN support=701 parity=18 k=3 neg=9 pos=11 root_lp=feasible margin=1.116e+00 block=0 nodes=370
OPEN support=709 parity=30 k=4 neg=10 pos=10 root_lp=feasible margin=3.954e-01 block=0 nodes=139
OPEN support=713 parity=29 k=3 neg=11 pos=9 root_lp=infeasible margin=0.000e+00 block=2 nodes=483
OPEN support=709 parity=30 k=4 neg=10 pos=10 root_lp=feasible margin=3.954e-01 block=0 nodes=31
OPEN support=713 parity=29 k=4 neg=11 pos=9 root_lp=infeasible margin=0.000e+00 block=2 nodes=484
OPEN support=713 parity=29 k=3 neg=11 pos=9 root_lp=infeasible margin=0.000e+00 block=4 nodes=483
OPEN support=710 parity=5 k=4 neg=10 pos=10 root_lp=feasible margin=3.035e-04 block=0 nodes=590
OPEN support=710 parity=5 k=4 neg=10 pos=10 root_lp=feasible margin=1.930e-02 block=0 nodes=30
OPEN support=713 parity=29 k=4 neg=11 pos=9 root_lp=infeasible margin=0.000e+00 block=4 nodes=484
OPEN support=713 parity=29 k=4 neg=11 pos=9 root_lp=infeasible margin=0.000e+00 block=2 nodes=484
OPEN support=709 parity=30 k=5 neg=10 pos=10 root_lp=feasible margin=5.499e-02 block=0 nodes=77
OPEN support=709 parity=31 k=2 neg=10 pos=10 root_lp=feasible margin=2.403e-01 block=0 nodes=81
OPEN support=713 parity=29 k=5 neg=11 pos=9 root_lp=infeasible margin=0.000e+00 block=2 nodes=485
OPEN support=709 parity=31 k=3 neg=10 pos=10 root_lp=feasible margin=2.789e-01 block=0 nodes=82
OPEN support=710 parity=5 k=5 neg=10 pos=10 root_lp=feasible margin=1.500e+00 block=0 nodes=168
OPEN support=709 parity=31 k=3 neg=10 pos=10 root_lp=feasible margin=3.062e-01 block=0 nodes=29
OPEN support=716 parity=9 k=2 neg=10 pos=10 root_lp=feasible margin=9.750e-03 block=0 nodes=81
OPEN support=709 parity=31 k=4 neg=10 pos=10 root_lp=feasible margin=3.062e-01 block=0 nodes=30
OPEN support=710 parity=6 k=2 neg=11 pos=9 root_lp=infeasible margin=0.000e+00 block=4 nodes=482
OPEN support=716 parity=9 k=3 neg=10 pos=10 root_lp=feasible margin=2.519e-02 block=0 nodes=29
OPEN support=709 parity=31 k=3 neg=10 pos=10 root_lp=feasible margin=2.846e-01 block=0 nodes=82
OPEN support=716 parity=9 k=3 neg=10 pos=10 root_lp=feasible margin=1.699e-02 block=0 nodes=29
OPEN support=710 parity=6 k=2 neg=11 pos=9 root_lp=infeasible margin=0.000e+00 block=2 nodes=482
OPEN support=716 parity=9 k=4 neg=10 pos=10 root_lp=feasible margin=2.517e-02 block=0 nodes=19
OPEN support=709 parity=31 k=4 neg=10 pos=10 root_lp=feasible margin=3.062e-01 block=0 nodes=83
OPEN support=716 parity=9 k=3 neg=10 pos=10 root_lp=feasible margin=2.593e-02 block=0 nodes=29
OPEN support=710 parity=6 k=3 neg=11 pos=9 root_lp=infeasible margin=0.000e+00 block=2 nodes=483
OPEN support=709 parity=31 k=4 neg=10 pos=10 root_lp=feasible margin=3.062e-01 block=0 nodes=30
OPEN support=716 parity=9 k=4 neg=10 pos=10 root_lp=feasible margin=3.315e-02 block=0 nodes=19
OPEN support=707 parity=11 k=3 neg=9 pos=11 root_lp=feasible margin=2.925e-02 block=0 nodes=2288
OPEN support=716 parity=9 k=4 neg=10 pos=10 root_lp=feasible margin=2.754e-02 block=0 nodes=19
OPEN support=710 parity=6 k=3 neg=11 pos=9 root_lp=infeasible margin=0.000e+00 block=2 nodes=483
OPEN support=709 parity=31 k=5 neg=10 pos=10 root_lp=feasible margin=3.062e-01 block=0 nodes=31
OPEN support=707 parity=11 k=4 neg=9 pos=11 root_lp=feasible margin=7.765e-02 block=0 nodes=30
OPEN support=716 parity=9 k=5 neg=10 pos=10 root_lp=feasible margin=3.430e-02 block=0 nodes=13
OPEN support=701 parity=18 k=4 neg=9 pos=11 root_lp=feasible margin=1.010e-02 block=0 nodes=882
OPEN support=707 parity=11 k=4 neg=9 pos=11 root_lp=feasible margin=1.183e-01 block=0 nodes=30
OPEN support=710 parity=6 k=3 neg=11 pos=9 root_lp=infeasible margin=0.000e+00 block=2 nodes=483
OPEN support=707 parity=11 k=5 neg=9 pos=11 root_lp=feasible margin=1.934e-01 block=0 nodes=20
OPEN support=716 parity=9 k=3 neg=10 pos=10 root_lp=feasible margin=1.260e-02 block=0 nodes=82
OPEN support=717 parity=5 k=2 neg=11 pos=9 root_lp=infeasible margin=0.000e+00 block=2 nodes=482
OPEN support=701 parity=18 k=4 neg=9 pos=11 root_lp=feasible margin=1.420e+00 block=0 nodes=64
OPEN support=710 parity=6 k=4 neg=11 pos=9 root_lp=infeasible margin=0.000e+00 block=2 nodes=484
OPEN support=716 parity=9 k=4 neg=10 pos=10 root_lp=feasible margin=2.689e-02 block=0 nodes=30
OPEN support=707 parity=19 k=3 neg=10 pos=10 root_lp=feasible margin=4.172e-02 block=0 nodes=31
OPEN support=717 parity=5 k=3 neg=11 pos=9 root_lp=infeasible margin=0.000e+00 block=2 nodes=483
OPEN support=716 parity=9 k=4 neg=10 pos=10 root_lp=feasible margin=1.839e-02 block=0 nodes=30
OPEN support=707 parity=19 k=4 neg=10 pos=10 root_lp=feasible margin=4.550e-02 block=0 nodes=19
OPEN support=710 parity=6 k=3 neg=11 pos=9 root_lp=infeasible margin=0.000e+00 block=2 nodes=483
OPEN support=707 parity=19 k=4 neg=10 pos=10 root_lp=feasible margin=4.550e-02 block=0 nodes=19
OPEN support=716 parity=9 k=5 neg=10 pos=10 root_lp=feasible margin=2.659e-02 block=0 nodes=20
OPEN support=717 parity=5 k=3 neg=11 pos=9 root_lp=infeasible margin=0.000e+00 block=2 nodes=483
OPEN support=707 parity=19 k=5 neg=10 pos=10 root_lp=feasible margin=4.550e-02 block=0 nodes=13
OPEN support=716 parity=9 k=4 neg=10 pos=10 root_lp=feasible margin=2.760e-02 block=0 nodes=30
OPEN support=707 parity=29 k=2 neg=11 pos=9 root_lp=infeasible margin=0.000e+00 block=4 nodes=482
OPEN support=717 parity=5 k=4 neg=11 pos=9 root_lp=infeasible margin=0.000e+00 block=2 nodes=484
OPEN support=710 parity=6 k=3 neg=11 pos=9 root_lp=infeasible margin=0.000e+00 block=2 nodes=483
OPEN support=716 parity=9 k=5 neg=10 pos=10 root_lp=feasible margin=3.369e-02 block=0 nodes=20
OPEN support=716 parity=9 k=5 neg=10 pos=10 root_lp=feasible margin=2.935e-02 block=0 nodes=20
OPEN support=707 parity=29 k=3 neg=11 pos=9 root_lp=infeasible margin=0.000e+00 block=4 nodes=483
OPEN support=701 parity=18 k=5 neg=9 pos=11 root_lp=feasible margin=1.181e-02 block=0 nodes=156
OPEN support=710 parity=6 k=4 neg=11 pos=9 root_lp=infeasible margin=0.000e+00 block=2 nodes=484
OPEN support=716 parity=9 k=6 neg=10 pos=10 root_lp=feasible margin=3.630e-02 block=0 nodes=14
OPEN support=717 parity=5 k=3 neg=11 pos=9 root_lp=infeasible margin=0.000e+00 block=2 nodes=483
OPEN support=716 parity=11 k=2 neg=11 pos=9 root_lp=infeasible margin=0.000e+00 block=4 nodes=482
OPEN support=710 parity=6 k=4 neg=11 pos=9 root_lp=infeasible margin=0.000e+00 block=2 nodes=484
OPEN support=707 parity=29 k=3 neg=11 pos=9 root_lp=infeasible margin=0.000e+00 block=2 nodes=483
OPEN support=717 parity=5 k=4 neg=11 pos=9 root_lp=infeasible margin=0.000e+00 block=2 nodes=484
OPEN support=716 parity=11 k=3 neg=11 pos=9 root_lp=infeasible margin=0.000e+00 block=2 nodes=483
OPEN support=710 parity=6 k=4 neg=11 pos=9 root_lp=infeasible margin=0.000e+00 block=2 nodes=484
OPEN support=707 parity=29 k=4 neg=11 pos=9 root_lp=infeasible margin=0.000e+00 block=2 nodes=484
OPEN support=717 parity=5 k=4 neg=11 pos=9 root_lp=infeasible margin=0.000e+00 block=2 nodes=484
OPEN support=716 parity=11 k=3 neg=11 pos=9 root_lp=infeasible margin=0.000e+00 block=4 nodes=483
OPEN support=707 parity=29 k=3 neg=11 pos=9 root_lp=infeasible margin=0.000e+00 block=4 nodes=483
OPEN support=716 parity=11 k=4 neg=11 pos=9 root_lp=infeasible margin=0.000e+00 block=2 nodes=484
OPEN support=710 parity=6 k=5 neg=11 pos=9 root_lp=infeasible margin=0.000e+00 block=2 nodes=485
OPEN support=717 parity=5 k=5 neg=11 pos=9 root_lp=infeasible margin=0.000e+00 block=2 nodes=485
OPEN support=707 parity=29 k=4 neg=11 pos=9 root_lp=infeasible margin=0.000e+00 block=4 nodes=484
OPEN support=716 parity=11 k=3 neg=11 pos=9 root_lp=infeasible margin=0.000e+00 block=2 nodes=483
OPEN support=707 parity=29 k=4 neg=11 pos=9 root_lp=infeasible margin=0.000e+00 block=2 nodes=484
OPEN support=716 parity=11 k=4 neg=11 pos=9 root_lp=infeasible margin=0.000e+00 block=2 nodes=484
OPEN support=716 parity=11 k=4 neg=11 pos=9 root_lp=infeasible margin=0.000e+00 block=2 nodes=484
OPEN support=707 parity=29 k=5 neg=11 pos=9 root_lp=infeasible margin=0.000e+00 block=2 nodes=485
OPEN support=716 parity=11 k=5 neg=11 pos=9 root_lp=infeasible margin=0.000e+00 block=2 nodes=485
OPEN support=718 parity=10 k=3 neg=11 pos=9 root_lp=infeasible margin=0.000e+00 block=4 nodes=483
OPEN support=716 parity=11 k=3 neg=11 pos=9 root_lp=infeasible margin=0.000e+00 block=2 nodes=483
OPEN support=718 parity=10 k=4 neg=11 pos=9 root_lp=infeasible margin=0.000e+00 block=2 nodes=484
OPEN support=716 parity=11 k=4 neg=11 pos=9 root_lp=infeasible margin=0.000e+00 block=2 nodes=484
OPEN support=710 parity=10 k=2 neg=9 pos=11 root_lp=feasible margin=4.795e-03 block=0 nodes=500
OPEN support=716 parity=11 k=4 neg=11 pos=9 root_lp=infeasible margin=0.000e+00 block=4 nodes=484
OPEN support=718 parity=10 k=4 neg=11 pos=9 root_lp=infeasible margin=0.000e+00 block=2 nodes=484
OPEN support=719 parity=9 k=2 neg=10 pos=10 root_lp=feasible margin=3.668e-03 block=0 nodes=81
OPEN support=716 parity=11 k=5 neg=11 pos=9 root_lp=infeasible margin=0.000e+00 block=2 nodes=485
OPEN support=718 parity=10 k=5 neg=11 pos=9 root_lp=infeasible margin=0.000e+00 block=2 nodes=485
OPEN support=716 parity=11 k=4 neg=11 pos=9 root_lp=infeasible margin=0.000e+00 block=2 nodes=484
OPEN support=718 parity=10 k=2 neg=11 pos=9 root_lp=infeasible margin=0.000e+00 block=2 nodes=482
OPEN support=716 parity=11 k=5 neg=11 pos=9 root_lp=infeasible margin=0.000e+00 block=2 nodes=485
OPEN support=716 parity=11 k=5 neg=11 pos=9 root_lp=infeasible margin=0.000e+00 block=2 nodes=485
OPEN support=718 parity=10 k=3 neg=11 pos=9 root_lp=infeasible margin=0.000e+00 block=4 nodes=483
OPEN support=710 parity=10 k=3 neg=9 pos=11 root_lp=feasible margin=1.009e-02 block=0 nodes=509
OPEN support=718 parity=10 k=3 neg=11 pos=9 root_lp=infeasible margin=0.000e+00 block=4 nodes=483
OPEN support=716 parity=11 k=6 neg=11 pos=9 root_lp=infeasible margin=0.000e+00 block=2 nodes=486
OPEN support=710 parity=10 k=3 neg=9 pos=11 root_lp=feasible margin=1.020e-02 block=0 nodes=29
OPEN support=718 parity=10 k=4 neg=11 pos=9 root_lp=infeasible margin=0.000e+00 block=2 nodes=484
OPEN support=718 parity=10 k=3 neg=11 pos=9 root_lp=infeasible margin=0.000e+00 block=2 nodes=483
OPEN support=710 parity=10 k=4 neg=9 pos=11 root_lp=feasible margin=1.557e-02 block=0 nodes=104
OPEN support=718 parity=10 k=4 neg=11 pos=9 root_lp=infeasible margin=0.000e+00 block=2 nodes=484
OPEN support=718 parity=10 k=4 neg=11 pos=9 root_lp=infeasible margin=0.000e+00 block=2 nodes=484
OPEN support=718 parity=10 k=5 neg=11 pos=9 root_lp=infeasible margin=0.000e+00 block=2 nodes=485
OPEN support=719 parity=9 k=3 neg=10 pos=10 root_lp=feasible margin=1.241e-03 block=0 nodes=823
OPEN support=718 parity=10 k=3 neg=11 pos=9 root_lp=infeasible margin=0.000e+00 block=2 nodes=483
OPEN support=701 parity=18 k=3 neg=9 pos=11 root_lp=feasible margin=1.174e-03 block=0 nodes=2859
OPEN support=719 parity=9 k=3 neg=10 pos=10 root_lp=feasible margin=8.318e-03 block=0 nodes=29
OPEN support=710 parity=10 k=3 neg=9 pos=11 root_lp=feasible margin=1.247e-03 block=0 nodes=511
OPEN support=719 parity=9 k=4 neg=10 pos=10 root_lp=feasible margin=1.788e+00 block=0 nodes=97
OPEN support=719 parity=9 k=3 neg=10 pos=10 root_lp=feasible margin=1.632e-02 block=0 nodes=29
OPEN support=718 parity=10 k=4 neg=11 pos=9 root_lp=infeasible margin=0.000e+00 block=2 nodes=484
OPEN support=718 parity=10 k=4 neg=11 pos=9 root_lp=infeasible margin=0.000e+00 block=2 nodes=484
OPEN support=719 parity=9 k=4 neg=10 pos=10 root_lp=feasible margin=1.508e+00 block=0 nodes=159
OPEN support=718 parity=10 k=5 neg=11 pos=9 root_lp=infeasible margin=0.000e+00 block=2 nodes=485
OPEN support=719 parity=9 k=4 neg=10 pos=10 root_lp=feasible margin=1.904e-02 block=0 nodes=19
OPEN support=710 parity=10 k=4 neg=9 pos=11 root_lp=feasible margin=2.628e-03 block=0 nodes=724
OPEN support=710 parity=10 k=4 neg=9 pos=11 root_lp=feasible margin=1.357e-02 block=0 nodes=30
OPEN support=719 parity=9 k=5 neg=10 pos=10 root_lp=feasible margin=1.445e+00 block=0 nodes=47
OPEN support=718 parity=10 k=4 neg=11 pos=9 root_lp=infeasible margin=0.000e+00 block=2 nodes=484
OPEN support=719 parity=9 k=3 neg=10 pos=10 root_lp=feasible margin=6.631e-03 block=0 nodes=82
OPEN support=710 parity=10 k=5 neg=9 pos=11 root_lp=feasible margin=1.706e-02 block=0 nodes=91
OPEN support=718 parity=10 k=5 neg=11 pos=9 root_lp=infeasible margin=0.000e+00 block=2 nodes=485
OPEN support=710 parity=29 k=2 neg=11 pos=9 root_lp=infeasible margin=0.000e+00 block=4 nodes=482
OPEN support=718 parity=10 k=5 neg=11 pos=9 root_lp=infeasible margin=0.000e+00 block=2 nodes=485
OPEN support=710 parity=29 k=2 neg=11 pos=9 root_lp=infeasible margin=0.000e+00 block=2 nodes=482
OPEN support=710 parity=29 k=3 neg=11 pos=9 root_lp=infeasible margin=0.000e+00 block=4 nodes=483
OPEN support=718 parity=10 k=6 neg=11 pos=9 root_lp=infeasible margin=0.000e+00 block=2 nodes=486
OPEN support=716 parity=19 k=2 neg=9 pos=11 root_lp=feasible margin=7.696e-03 block=0 nodes=2553
OPEN support=710 parity=29 k=3 neg=11 pos=9 root_lp=infeasible margin=0.000e+00 block=2 nodes=483
OPEN support=716 parity=19 k=3 neg=9 pos=11 root_lp=feasible margin=1.050e-01 block=0 nodes=29
OPEN support=718 parity=11 k=3 neg=11 pos=9 root_lp=infeasible margin=0.000e+00 block=4 nodes=483
OPEN support=716 parity=19 k=3 neg=9 pos=11 root_lp=feasible margin=1.235e-01 block=0 nodes=29
OPEN support=710 parity=29 k=3 neg=11 pos=9 root_lp=infeasible margin=0.000e+00 block=2 nodes=483
OPEN support=718 parity=11 k=4 neg=11 pos=9 root_lp=infeasible margin=0.000e+00 block=4 nodes=484
OPEN support=716 parity=19 k=4 neg=9 pos=11 root_lp=feasible margin=1.921e-01 block=0 nodes=19
OPEN support=716 parity=19 k=3 neg=9 pos=11 root_lp=feasible margin=1.275e-01 block=0 nodes=29
OPEN support=719 parity=9 k=4 neg=10 pos=10 root_lp=feasible margin=7.412e-04 block=0 nodes=757
OPEN support=710 parity=29 k=4 neg=11 pos=9 root_lp=infeasible margin=0.000e+00 block=2 nodes=484
OPEN support=716 parity=19 k=4 neg=9 pos=11 root_lp=feasible margin=1.938e-01 block=0 nodes=19
OPEN support=710 parity=29 k=3 neg=11 pos=9 root_lp=infeasible margin=0.000e+00 block=4 nodes=483
OPEN support=719 parity=9 k=4 neg=10 pos=10 root_lp=feasible margin=1.191e-02 block=0 nodes=30
OPEN support=716 parity=19 k=4 neg=9 pos=11 root_lp=feasible margin=2.002e-01 block=0 nodes=19
OPEN support=718 parity=11 k=4 neg=11 pos=9 root_lp=infeasible margin=0.000e+00 block=2 nodes=484
OPEN support=716 parity=19 k=5 neg=9 pos=11 root_lp=feasible margin=2.223e-01 block=0 nodes=13
OPEN support=710 parity=29 k=3 neg=11 pos=9 root_lp=infeasible margin=0.000e+00 block=2 nodes=483
OPEN support=710 parity=29 k=4 neg=11 pos=9 root_lp=infeasible margin=0.000e+00 block=2 nodes=484
OPEN support=718 parity=11 k=5 neg=11 pos=9 root_lp=infeasible margin=0.000e+00 block=2 nodes=485
OPEN support=710 parity=29 k=4 neg=11 pos=9 root_lp=infeasible margin=0.000e+00 block=2 nodes=484
OPEN support=719 parity=9 k=5 neg=10 pos=10 root_lp=feasible margin=1.788e+00 block=0 nodes=100
OPEN support=719 parity=9 k=4 neg=10 pos=10 root_lp=feasible margin=2.002e-02 block=0 nodes=30
OPEN support=718 parity=11 k=2 neg=11 pos=9 root_lp=infeasible margin=0.000e+00 block=4 nodes=482
OPEN support=710 parity=29 k=4 neg=11 pos=9 root_lp=infeasible margin=0.000e+00 block=2 nodes=484
OPEN support=710 parity=29 k=5 neg=11 pos=9 root_lp=infeasible margin=0.000e+00 block=2 nodes=485
OPEN support=718 parity=11 k=3 neg=11 pos=9 root_lp=infeasible margin=0.000e+00 block=4 nodes=483
OPEN support=718 parity=11 k=3 neg=11 pos=9 root_lp=infeasible margin=0.000e+00 block=4 nodes=483
OPEN support=719 parity=9 k=5 neg=10 pos=10 root_lp=feasible margin=1.508e+00 block=0 nodes=114
OPEN support=722 parity=5 k=2 neg=10 pos=10 root_lp=feasible margin=7.741e-03 block=0 nodes=81
OPEN support=719 parity=9 k=5 neg=10 pos=10 root_lp=feasible margin=2.209e-02 block=0 nodes=20
OPEN support=718 parity=11 k=4 neg=11 pos=9 root_lp=infeasible margin=0.000e+00 block=4 nodes=484
OPEN support=719 parity=9 k=6 neg=10 pos=10 root_lp=feasible margin=2.364e-02 block=0 nodes=21
OPEN support=718 parity=11 k=3 neg=11 pos=9 root_lp=infeasible margin=0.000e+00 block=4 nodes=483
OPEN support=719 parity=10 k=2 neg=11 pos=9 root_lp=infeasible margin=0.000e+00 block=2 nodes=482
OPEN support=722 parity=5 k=3 neg=10 pos=10 root_lp=feasible margin=7.464e-01 block=0 nodes=108
OPEN support=722 parity=5 k=3 neg=10 pos=10 root_lp=feasible margin=2.153e-02 block=0 nodes=29
OPEN support=722 parity=5 k=4 neg=10 pos=10 root_lp=feasible margin=2.580e-02 block=0 nodes=19
OPEN support=718 parity=11 k=4 neg=11 pos=9 root_lp=infeasible margin=0.000e+00 block=2 nodes=484
OPEN support=719 parity=10 k=2 neg=11 pos=9 root_lp=infeasible margin=0.000e+00 block=2 nodes=482
OPEN support=718 parity=11 k=4 neg=11 pos=9 root_lp=infeasible margin=0.000e+00 block=4 nodes=484
OPEN support=722 parity=5 k=3 neg=10 pos=10 root_lp=feasible margin=1.025e-02 block=0 nodes=82
OPEN support=718 parity=11 k=5 neg=11 pos=9 root_lp=infeasible margin=0.000e+00 block=4 nodes=485
OPEN support=719 parity=10 k=3 neg=11 pos=9 root_lp=infeasible margin=0.000e+00 block=2 nodes=483
OPEN support=722 parity=5 k=4 neg=10 pos=10 root_lp=feasible margin=1.089e-02 block=0 nodes=30
OPEN support=718 parity=11 k=3 neg=11 pos=9 root_lp=infeasible margin=0.000e+00 block=4 nodes=483
OPEN support=722 parity=5 k=4 neg=10 pos=10 root_lp=feasible margin=2.597e-02 block=0 nodes=30
OPEN support=719 parity=10 k=3 neg=11 pos=9 root_lp=infeasible margin=0.000e+00 block=2 nodes=483
OPEN support=722 parity=5 k=5 neg=10 pos=10 root_lp=feasible margin=2.487e-02 block=0 nodes=20
OPEN support=718 parity=11 k=4 neg=11 pos=9 root_lp=infeasible margin=0.000e+00 block=4 nodes=484
OPEN support=719 parity=10 k=3 neg=11 pos=9 root_lp=infeasible margin=0.000e+00 block=2 nodes=483
OPEN support=718 parity=11 k=4 neg=11 pos=9 root_lp=infeasible margin=0.000e+00 block=4 nodes=484
OPEN support=719 parity=10 k=4 neg=11 pos=9 root_lp=infeasible margin=0.000e+00 block=2 nodes=484
OPEN support=722 parity=29 k=2 neg=11 pos=9 root_lp=infeasible margin=0.000e+00 block=2 nodes=482
OPEN support=718 parity=11 k=5 neg=11 pos=9 root_lp=infeasible margin=0.000e+00 block=4 nodes=485
OPEN support=722 parity=29 k=3 neg=11 pos=9 root_lp=infeasible margin=0.000e+00 block=2 nodes=483
OPEN support=718 parity=11 k=4 neg=11 pos=9 root_lp=infeasible margin=0.000e+00 block=2 nodes=484
OPEN support=719 parity=10 k=3 neg=11 pos=9 root_lp=infeasible margin=0.000e+00 block=2 nodes=483
OPEN support=722 parity=29 k=3 neg=11 pos=9 root_lp=infeasible margin=0.000e+00 block=2 nodes=483
OPEN support=718 parity=11 k=5 neg=11 pos=9 root_lp=infeasible margin=0.000e+00 block=2 nodes=485
OPEN support=722 parity=29 k=4 neg=11 pos=9 root_lp=infeasible margin=0.000e+00 block=4 nodes=484
OPEN support=719 parity=10 k=3 neg=11 pos=9 root_lp=infeasible margin=0.000e+00 block=2 nodes=483
OPEN support=718 parity=11 k=5 neg=11 pos=9 root_lp=infeasible margin=0.000e+00 block=4 nodes=485
OPEN support=722 parity=29 k=3 neg=11 pos=9 root_lp=infeasible margin=0.000e+00 block=2 nodes=483
OPEN support=722 parity=29 k=4 neg=11 pos=9 root_lp=infeasible margin=0.000e+00 block=2 nodes=484
OPEN support=718 parity=11 k=6 neg=11 pos=9 root_lp=infeasible margin=0.000e+00 block=2 nodes=486
OPEN support=719 parity=10 k=4 neg=11 pos=9 root_lp=infeasible margin=0.000e+00 block=2 nodes=484
OPEN support=722 parity=29 k=4 neg=11 pos=9 root_lp=infeasible margin=0.000e+00 block=2 nodes=484
OPEN support=716 parity=19 k=3 neg=9 pos=11 root_lp=feasible margin=1.067e-02 block=0 nodes=2160
OPEN support=719 parity=10 k=4 neg=11 pos=9 root_lp=infeasible margin=0.000e+00 block=2 nodes=484
OPEN support=716 parity=19 k=4 neg=9 pos=11 root_lp=feasible margin=1.397e-01 block=0 nodes=30
OPEN support=722 parity=29 k=5 neg=11 pos=9 root_lp=infeasible margin=0.000e+00 block=2 nodes=485
OPEN support=716 parity=19 k=4 neg=9 pos=11 root_lp=feasible margin=1.495e-01 block=0 nodes=30
OPEN support=719 parity=10 k=4 neg=11 pos=9 root_lp=infeasible margin=0.000e+00 block=2 nodes=484
OPEN support=716 parity=19 k=5 neg=9 pos=11 root_lp=feasible margin=2.042e-01 block=0 nodes=20
OPEN support=716 parity=19 k=4 neg=9 pos=11 root_lp=feasible margin=1.551e-01 block=0 nodes=30
OPEN support=719 parity=10 k=5 neg=11 pos=9 root_lp=infeasible margin=0.000e+00 block=2 nodes=485
OPEN support=716 parity=19 k=5 neg=9 pos=11 root_lp=feasible margin=2.040e-01 block=0 nodes=20
OPEN support=725 parity=9 k=2 neg=10 pos=10 root_lp=feasible margin=1.205e-02 block=0 nodes=81
OPEN support=716 parity=19 k=5 neg=9 pos=11 root_lp=feasible margin=2.121e-01 block=0 nodes=20
OPEN support=725 parity=9 k=3 neg=10 pos=10 root_lp=feasible margin=2.745e-02 block=0 nodes=29
OPEN support=716 parity=19 k=6 neg=9 pos=11 root_lp=feasible margin=2.315e-01 block=0 nodes=14
OPEN support=719 parity=10 k=3 neg=11 pos=9 root_lp=infeasible margin=0.000e+00 block=2 nodes=483
OPEN support=725 parity=9 k=3 neg=10 pos=10 root_lp=feasible margin=1.489e-02 block=0 nodes=29
OPEN support=725 parity=9 k=4 neg=10 pos=10 root_lp=feasible margin=3.256e-02 block=0 nodes=19
OPEN support=718 parity=58 k=3 neg=10 pos=10 root_lp=feasible margin=3.954e-01 block=0 nodes=29
OPEN support=725 parity=9 k=3 neg=10 pos=10 root_lp=feasible margin=2.817e-02 block=0 nodes=29
OPEN support=718 parity=58 k=4 neg=10 pos=10 root_lp=feasible margin=3.954e-01 block=0 nodes=19
OPEN support=719 parity=10 k=3 neg=11 pos=9 root_lp=infeasible margin=0.000e+00 block=2 nodes=483
OPEN support=725 parity=9 k=4 neg=10 pos=10 root_lp=feasible margin=3.557e-02 block=0 nodes=19
OPEN support=716 parity=35 k=3 neg=10 pos=10 root_lp=feasible margin=4.550e-02 block=0 nodes=29
OPEN support=718 parity=58 k=4 neg=10 pos=10 root_lp=feasible margin=3.635e-01 block=0 nodes=19
OPEN support=718 parity=58 k=5 neg=10 pos=10 root_lp=feasible margin=3.954e-01 block=0 nodes=13
OPEN support=716 parity=35 k=4 neg=10 pos=10 root_lp=feasible margin=4.550e-02 block=0 nodes=19
OPEN support=725 parity=9 k=4 neg=10 pos=10 root_lp=feasible margin=3.217e-02 block=0 nodes=19
OPEN support=716 parity=35 k=4 neg=10 pos=10 root_lp=feasible margin=4.550e-02 block=0 nodes=19
OPEN support=725 parity=9 k=5 neg=10 pos=10 root_lp=feasible margin=3.832e-02 block=0 nodes=13
OPEN support=719 parity=10 k=4 neg=11 pos=9 root_lp=infeasible margin=0.000e+00 block=2 nodes=484
OPEN support=718 parity=58 k=3 neg=10 pos=10 root_lp=feasible margin=3.954e-01 block=0 nodes=33
OPEN support=716 parity=35 k=5 neg=10 pos=10 root_lp=feasible margin=4.550e-02 block=0 nodes=13
OPEN support=718 parity=58 k=4 neg=10 pos=10 root_lp=feasible margin=5.799e-02 block=0 nodes=19
OPEN support=716 parity=35 k=4 neg=10 pos=10 root_lp=feasible margin=4.550e-02 block=0 nodes=19
OPEN support=725 parity=9 k=3 neg=10 pos=10 root_lp=feasible margin=1.404e-02 block=0 nodes=82
OPEN support=719 parity=10 k=4 neg=11 pos=9 root_lp=infeasible margin=0.000e+00 block=2 nodes=484
OPEN support=716 parity=35 k=5 neg=10 pos=10 root_lp=feasible margin=4.550e-02 block=0 nodes=13
OPEN support=725 parity=9 k=4 neg=10 pos=10 root_lp=feasible margin=2.899e-02 block=0 nodes=30
OPEN support=718 parity=58 k=4 neg=10 pos=10 root_lp=feasible margin=3.954e-01 block=0 nodes=23
OPEN support=716 parity=35 k=5 neg=10 pos=10 root_lp=feasible margin=4.550e-02 block=0 nodes=13
OPEN support=719 parity=10 k=4 neg=11 pos=9 root_lp=infeasible margin=0.000e+00 block=2 nodes=484
OPEN support=718 parity=58 k=5 neg=10 pos=10 root_lp=feasible margin=5.799e-02 block=0 nodes=13
OPEN support=725 parity=9 k=4 neg=10 pos=10 root_lp=feasible margin=2.170e-02 block=0 nodes=30
OPEN support=716 parity=35 k=6 neg=10 pos=10 root_lp=feasible margin=4.550e-02 block=0 nodes=13
OPEN support=718 parity=58 k=4 neg=10 pos=10 root_lp=feasible margin=5.799e-02 block=0 nodes=19
OPEN support=725 parity=9 k=5 neg=10 pos=10 root_lp=feasible margin=3.515e-02 block=0 nodes=20
OPEN support=719 parity=10 k=5 neg=11 pos=9 root_lp=infeasible margin=0.000e+00 block=2 nodes=485
OPEN support=718 parity=58 k=5 neg=10 pos=10 root_lp=feasible margin=5.799e-02 block=0 nodes=13
OPEN support=725 parity=9 k=4 neg=10 pos=10 root_lp=feasible margin=2.855e-02 block=0 nodes=30
OPEN support=718 parity=58 k=5 neg=10 pos=10 root_lp=feasible margin=5.455e-02 block=0 nodes=13
OPEN support=725 parity=9 k=5 neg=10 pos=10 root_lp=feasible margin=3.501e-02 block=0 nodes=20
OPEN support=716 parity=57 k=2 neg=11 pos=9 root_lp=infeasible margin=0.000e+00 block=4 nodes=482
OPEN support=719 parity=10 k=4 neg=11 pos=9 root_lp=infeasible margin=0.000e+00 block=2 nodes=484
OPEN support=718 parity=58 k=6 neg=10 pos=10 root_lp=feasible margin=5.799e-02 block=0 nodes=13
OPEN support=725 parity=9 k=5 neg=10 pos=10 root_lp=feasible margin=3.153e-02 block=0 nodes=20
OPEN support=725 parity=9 k=6 neg=10 pos=10 root_lp=feasible margin=3.918e-02 block=0 nodes=14
OPEN support=716 parity=57 k=3 neg=11 pos=9 root_lp=infeasible margin=0.000e+00 block=4 nodes=483
OPEN support=719 parity=10 k=4 neg=11 pos=9 root_lp=infeasible margin=0.000e+00 block=2 nodes=484
OPEN support=725 parity=11 k=2 neg=11 pos=9 root_lp=infeasible margin=0.000e+00 block=2 nodes=482
OPEN support=718 parity=59 k=2 neg=10 pos=10 root_lp=feasible margin=3.062e-01 block=0 nodes=81
OPEN support=725 parity=11 k=3 neg=11 pos=9 root_lp=infeasible margin=0.000e+00 block=2 nodes=483
OPEN support=716 parity=57 k=3 neg=11 pos=9 root_lp=infeasible margin=0.000e+00 block=4 nodes=483
OPEN support=719 parity=10 k=5 neg=11 pos=9 root_lp=infeasible margin=0.000e+00 block=2 nodes=485
OPEN support=718 parity=59 k=3 neg=10 pos=10 root_lp=feasible margin=3.062e-01 block=0 nodes=82
OPEN support=725 parity=11 k=3 neg=11 pos=9 root_lp=infeasible margin=0.000e+00 block=2 nodes=483
OPEN support=725 parity=11 k=4 neg=11 pos=9 root_lp=infeasible margin=0.000e+00 block=2 nodes=484
OPEN support=718 parity=59 k=3 neg=10 pos=10 root_lp=feasible margin=3.062e-01 block=0 nodes=29
OPEN support=719 parity=10 k=5 neg=11 pos=9 root_lp=infeasible margin=0.000e+00 block=2 nodes=485
OPEN support=716 parity=57 k=4 neg=11 pos=9 root_lp=infeasible margin=0.000e+00 block=4 nodes=484
OPEN support=718 parity=59 k=4 neg=10 pos=10 root_lp=feasible margin=3.062e-01 block=0 nodes=30
OPEN support=725 parity=11 k=3 neg=11 pos=9 root_lp=infeasible margin=0.000e+00 block=2 nodes=483
OPEN support=719 parity=10 k=5 neg=11 pos=9 root_lp=infeasible margin=0.000e+00 block=2 nodes=485
OPEN support=716 parity=57 k=3 neg=11 pos=9 root_lp=infeasible margin=0.000e+00 block=2 nodes=483
OPEN support=718 parity=59 k=3 neg=10 pos=10 root_lp=feasible margin=3.062e-01 block=0 nodes=29
OPEN support=725 parity=11 k=4 neg=11 pos=9 root_lp=infeasible margin=0.000e+00 block=2 nodes=484
OPEN support=718 parity=59 k=4 neg=10 pos=10 root_lp=feasible margin=3.062e-01 block=0 nodes=30
OPEN support=716 parity=57 k=4 neg=11 pos=9 root_lp=infeasible margin=0.000e+00 block=2 nodes=484
OPEN support=719 parity=10 k=6 neg=11 pos=9 root_lp=infeasible margin=0.000e+00 block=2 nodes=486
OPEN support=725 parity=11 k=4 neg=11 pos=9 root_lp=infeasible margin=0.000e+00 block=2 nodes=484
OPEN support=718 parity=59 k=4 neg=10 pos=10 root_lp=feasible margin=3.062e-01 block=0 nodes=19
OPEN support=725 parity=11 k=5 neg=11 pos=9 root_lp=infeasible margin=0.000e+00 block=2 nodes=485
OPEN support=718 parity=59 k=5 neg=10 pos=10 root_lp=feasible margin=3.062e-01 block=0 nodes=20
OPEN support=716 parity=57 k=4 neg=11 pos=9 root_lp=infeasible margin=0.000e+00 block=2 nodes=484
OPEN support=725 parity=11 k=3 neg=11 pos=9 root_lp=infeasible margin=0.000e+00 block=2 nodes=483
OPEN support=718 parity=59 k=3 neg=10 pos=10 root_lp=feasible margin=3.062e-01 block=0 nodes=82
OPEN support=725 parity=11 k=4 neg=11 pos=9 root_lp=infeasible margin=0.000e+00 block=2 nodes=484
OPEN support=716 parity=57 k=5 neg=11 pos=9 root_lp=infeasible margin=0.000e+00 block=2 nodes=485
OPEN support=725 parity=11 k=4 neg=11 pos=9 root_lp=infeasible margin=0.000e+00 block=2 nodes=484
OPEN support=716 parity=57 k=3 neg=11 pos=9 root_lp=infeasible margin=0.000e+00 block=4 nodes=483
OPEN support=718 parity=59 k=4 neg=10 pos=10 root_lp=feasible margin=3.062e-01 block=0 nodes=83
OPEN support=725 parity=11 k=5 neg=11 pos=9 root_lp=infeasible margin=0.000e+00 block=2 nodes=485
OPEN support=718 parity=59 k=4 neg=10 pos=10 root_lp=feasible margin=3.062e-01 block=0 nodes=30
OPEN support=725 parity=11 k=4 neg=11 pos=9 root_lp=infeasible margin=0.000e+00 block=2 nodes=484
OPEN support=716 parity=57 k=4 neg=11 pos=9 root_lp=infeasible margin=0.000e+00 block=4 nodes=484
OPEN support=718 parity=59 k=5 neg=10 pos=10 root_lp=feasible margin=3.062e-01 block=0 nodes=31
OPEN support=725 parity=11 k=5 neg=11 pos=9 root_lp=infeasible margin=0.000e+00 block=2 nodes=485
OPEN support=718 parity=59 k=4 neg=10 pos=10 root_lp=feasible margin=3.062e-01 block=0 nodes=30
OPEN support=716 parity=57 k=4 neg=11 pos=9 root_lp=infeasible margin=0.000e+00 block=2 nodes=484
OPEN support=725 parity=11 k=5 neg=11 pos=9 root_lp=infeasible margin=0.000e+00 block=2 nodes=485
OPEN support=718 parity=59 k=5 neg=10 pos=10 root_lp=feasible margin=3.062e-01 block=0 nodes=31
OPEN support=719 parity=18 k=2 neg=9 pos=11 root_lp=feasible margin=3.753e-03 block=0 nodes=516
OPEN support=725 parity=11 k=6 neg=11 pos=9 root_lp=infeasible margin=0.000e+00 block=2 nodes=486
OPEN support=718 parity=59 k=5 neg=10 pos=10 root_lp=feasible margin=3.062e-01 block=0 nodes=20
OPEN support=716 parity=57 k=5 neg=11 pos=9 root_lp=infeasible margin=0.000e+00 block=2 nodes=485
OPEN support=718 parity=59 k=6 neg=10 pos=10 root_lp=feasible margin=3.062e-01 block=0 nodes=21
OPEN support=716 parity=57 k=4 neg=11 pos=9 root_lp=infeasible margin=0.000e+00 block=2 nodes=484
OPEN support=726 parity=5 k=2 neg=11 pos=9 root_lp=infeasible margin=0.000e+00 block=2 nodes=482
OPEN support=716 parity=57 k=5 neg=11 pos=9 root_lp=infeasible margin=0.000e+00 block=2 nodes=485
OPEN support=726 parity=5 k=3 neg=11 pos=9 root_lp=infeasible margin=0.000e+00 block=4 nodes=483
OPEN support=726 parity=5 k=3 neg=11 pos=9 root_lp=infeasible margin=0.000e+00 block=2 nodes=483
OPEN support=716 parity=57 k=5 neg=11 pos=9 root_lp=infeasible margin=0.000e+00 block=2 nodes=485
OPEN support=726 parity=5 k=4 neg=11 pos=9 root_lp=infeasible margin=0.000e+00 block=4 nodes=484
OPEN support=716 parity=57 k=6 neg=11 pos=9 root_lp=infeasible margin=0.000e+00 block=2 nodes=486
OPEN support=726 parity=5 k=3 neg=11 pos=9 root_lp=infeasible margin=0.000e+00 block=2 nodes=483
OPEN support=726 parity=5 k=4 neg=11 pos=9 root_lp=infeasible margin=0.000e+00 block=2 nodes=484
OPEN support=727 parity=10 k=3 neg=11 pos=9 root_lp=infeasible margin=0.000e+00 block=4 nodes=483
OPEN support=726 parity=5 k=4 neg=11 pos=9 root_lp=infeasible margin=0.000e+00 block=2 nodes=484
OPEN support=727 parity=10 k=4 neg=11 pos=9 root_lp=infeasible margin=0.000e+00 block=4 nodes=484
OPEN support=726 parity=5 k=5 neg=11 pos=9 root_lp=infeasible margin=0.000e+00 block=2 nodes=485
OPEN support=727 parity=10 k=4 neg=11 pos=9 root_lp=infeasible margin=0.000e+00 block=2 nodes=484
OPEN support=727 parity=10 k=5 neg=11 pos=9 root_lp=infeasible margin=0.000e+00 block=4 nodes=485
OPEN support=726 parity=29 k=5 neg=10 pos=10 root_lp=feasible margin=5.356e-02 block=0 nodes=13
OPEN support=727 parity=10 k=2 neg=11 pos=9 root_lp=infeasible margin=0.000e+00 block=2 nodes=482
OPEN support=727 parity=10 k=3 neg=11 pos=9 root_lp=infeasible margin=0.000e+00 block=4 nodes=483
OPEN support=728 parity=9 k=2 neg=10 pos=10 root_lp=feasible margin=5.469e-03 block=0 nodes=81
OPEN support=727 parity=10 k=3 neg=11 pos=9 root_lp=infeasible margin=0.000e+00 block=4 nodes=483
OPEN support=727 parity=10 k=4 neg=11 pos=9 root_lp=infeasible margin=0.000e+00 block=4 nodes=484
OPEN support=725 parity=19 k=2 neg=9 pos=11 root_lp=feasible margin=2.176e-02 block=0 nodes=2131
OPEN support=725 parity=19 k=3 neg=9 pos=11 root_lp=feasible margin=1.187e-01 block=0 nodes=29
OPEN support=727 parity=10 k=3 neg=11 pos=9 root_lp=infeasible margin=0.000e+00 block=2 nodes=483
OPEN support=725 parity=19 k=3 neg=9 pos=11 root_lp=feasible margin=1.423e-01 block=0 nodes=29
OPEN support=725 parity=19 k=4 neg=9 pos=11 root_lp=feasible margin=1.840e-01 block=0 nodes=19
OPEN support=727 parity=10 k=4 neg=11 pos=9 root_lp=infeasible margin=0.000e+00 block=2 nodes=484
OPEN support=725 parity=19 k=3 neg=9 pos=11 root_lp=feasible margin=1.409e-01 block=0 nodes=29
OPEN support=719 parity=18 k=3 neg=9 pos=11 root_lp=feasible margin=4.216e-03 block=0 nodes=1295
OPEN support=725 parity=19 k=4 neg=9 pos=11 root_lp=feasible margin=1.906e-01 block=0 nodes=19
OPEN support=719 parity=18 k=3 neg=9 pos=11 root_lp=feasible margin=2.090e-02 block=0 nodes=29
OPEN support=725 parity=19 k=4 neg=9 pos=11 root_lp=feasible margin=1.932e-01 block=0 nodes=19
OPEN support=727 parity=10 k=4 neg=11 pos=9 root_lp=infeasible margin=0.000e+00 block=2 nodes=484
OPEN support=725 parity=19 k=5 neg=9 pos=11 root_lp=feasible margin=2.134e-01 block=0 nodes=13
OPEN support=727 parity=10 k=5 neg=11 pos=9 root_lp=infeasible margin=0.000e+00 block=4 nodes=485
OPEN support=727 parity=10 k=3 neg=11 pos=9 root_lp=infeasible margin=0.000e+00 block=4 nodes=483
OPEN support=728 parity=9 k=3 neg=10 pos=10 root_lp=feasible margin=2.607e-03 block=0 nodes=537
OPEN support=727 parity=10 k=4 neg=11 pos=9 root_lp=infeasible margin=0.000e+00 block=4 nodes=484
OPEN support=719 parity=18 k=4 neg=9 pos=11 root_lp=feasible margin=1.788e+00 block=0 nodes=131
OPEN support=727 parity=10 k=4 neg=11 pos=9 root_lp=infeasible margin=0.000e+00 block=4 nodes=484
OPEN support=719 parity=18 k=3 neg=9 pos=11 root_lp=feasible margin=2.127e-02 block=0 nodes=29
OPEN support=728 parity=9 k=3 neg=10 pos=10 root_lp=feasible margin=8.007e-01 block=0 nodes=96
OPEN support=727 parity=10 k=5 neg=11 pos=9 root_lp=infeasible margin=0.000e+00 block=4 nodes=485
OPEN support=727 parity=10 k=4 neg=11 pos=9 root_lp=infeasible margin=0.000e+00 block=2 nodes=484
OPEN support=719 parity=18 k=4 neg=9 pos=11 root_lp=feasible margin=1.585e+00 block=0 nodes=69
OPEN support=727 parity=10 k=5 neg=11 pos=9 root_lp=infeasible margin=0.000e+00 block=2 nodes=485
OPEN support=719 parity=18 k=4 neg=9 pos=11 root_lp=feasible margin=2.017e-02 block=0 nodes=19
OPEN support=727 parity=10 k=5 neg=11 pos=9 root_lp=infeasible margin=0.000e+00 block=2 nodes=485
OPEN support=728 parity=9 k=4 neg=10 pos=10 root_lp=feasible margin=1.077e+00 block=0 nodes=125
OPEN support=719 parity=18 k=5 neg=9 pos=11 root_lp=feasible margin=2.065e-02 block=0 nodes=23
OPEN support=728 parity=9 k=3 neg=10 pos=10 root_lp=feasible margin=1.824e-02 block=0 nodes=29
OPEN support=727 parity=10 k=6 neg=11 pos=9 root_lp=infeasible margin=0.000e+00 block=2 nodes=486
OPEN support=725 parity=19 k=3 neg=9 pos=11 root_lp=feasible margin=3.618e-03 block=0 nodes=1450
OPEN support=727 parity=11 k=3 neg=11 pos=9 root_lp=infeasible margin=0.000e+00 block=2 nodes=483
OPEN support=725 parity=19 k=4 neg=9 pos=11 root_lp=feasible margin=1.595e-01 block=0 nodes=30
OPEN support=725 parity=19 k=4 neg=9 pos=11 root_lp=feasible margin=1.676e-01 block=0 nodes=30
OPEN support=725 parity=19 k=5 neg=9 pos=11 root_lp=feasible margin=1.942e-01 block=0 nodes=20
OPEN support=727 parity=11 k=4 neg=11 pos=9 root_lp=infeasible margin=0.000e+00 block=2 nodes=484
OPEN support=725 parity=19 k=4 neg=9 pos=11 root_lp=feasible margin=1.702e-01 block=0 nodes=30
OPEN support=728 parity=9 k=4 neg=10 pos=10 root_lp=feasible margin=1.502e+00 block=0 nodes=111
OPEN support=725 parity=19 k=5 neg=9 pos=11 root_lp=feasible margin=1.996e-01 block=0 nodes=20
OPEN support=725 parity=19 k=5 neg=9 pos=11 root_lp=feasible margin=2.036e-01 block=0 nodes=20
OPEN support=727 parity=11 k=4 neg=11 pos=9 root_lp=infeasible margin=0.000e+00 block=2 nodes=484
OPEN support=728 parity=9 k=4 neg=10 pos=10 root_lp=feasible margin=1.055e-02 block=0 nodes=19
OPEN support=725 parity=19 k=6 neg=9 pos=11 root_lp=feasible margin=2.251e-01 block=0 nodes=14
OPEN support=727 parity=11 k=5 neg=11 pos=9 root_lp=infeasible margin=0.000e+00 block=2 nodes=485
OPEN support=728 parity=9 k=5 neg=10 pos=10 root_lp=feasible margin=1.024e+00 block=0 nodes=43
OPEN support=719 parity=18 k=3 neg=9 pos=11 root_lp=feasible margin=1.952e-03 block=0 nodes=525
OPEN support=727 parity=11 k=2 neg=11 pos=9 root_lp=infeasible margin=0.000e+00 block=2 nodes=482
OPEN support=725 parity=35 k=3 neg=10 pos=10 root_lp=feasible margin=4.550e-02 block=0 nodes=29
OPEN support=728 parity=9 k=3 neg=10 pos=10 root_lp=feasible margin=8.494e-03 block=0 nodes=82
OPEN support=725 parity=35 k=4 neg=10 pos=10 root_lp=feasible margin=4.550e-02 block=0 nodes=19
OPEN support=727 parity=11 k=3 neg=11 pos=9 root_lp=infeasible margin=0.000e+00 block=2 nodes=483
OPEN support=725 parity=35 k=4 neg=10 pos=10 root_lp=feasible margin=4.218e-02 block=0 nodes=19
OPEN support=725 parity=35 k=5 neg=10 pos=10 root_lp=feasible margin=4.394e-02 block=0 nodes=13
OPEN support=725 parity=35 k=4 neg=10 pos=10 root_lp=feasible margin=4.550e-02 block=0 nodes=19
OPEN support=727 parity=11 k=3 neg=11 pos=9 root_lp=infeasible margin=0.000e+00 block=2 nodes=483
OPEN support=725 parity=35 k=5 neg=10 pos=10 root_lp=feasible margin=4.550e-02 block=0 nodes=13
OPEN support=725 parity=35 k=5 neg=10 pos=10 root_lp=feasible margin=4.324e-02 block=0 nodes=13
OPEN support=727 parity=11 k=4 neg=11 pos=9 root_lp=infeasible margin=0.000e+00 block=2 nodes=484
OPEN support=725 parity=35 k=6 neg=10 pos=10 root_lp=feasible margin=4.042e-02 block=0 nodes=13
OPEN support=727 parity=11 k=3 neg=11 pos=9 root_lp=infeasible margin=0.000e+00 block=2 nodes=483
OPEN support=727 parity=11 k=4 neg=11 pos=9 root_lp=infeasible margin=0.000e+00 block=2 nodes=484
OPEN support=725 parity=57 k=2 neg=11 pos=9 root_lp=infeasible margin=0.000e+00 block=2 nodes=482
OPEN support=727 parity=11 k=4 neg=11 pos=9 root_lp=infeasible margin=0.000e+00 block=2 nodes=484
OPEN support=725 parity=57 k=3 neg=11 pos=9 root_lp=infeasible margin=0.000e+00 block=2 nodes=483
OPEN support=725 parity=57 k=3 neg=11 pos=9 root_lp=infeasible margin=0.000e+00 block=2 nodes=483
OPEN support=727 parity=11 k=5 neg=11 pos=9 root_lp=infeasible margin=0.000e+00 block=2 nodes=485
OPEN support=725 parity=57 k=4 neg=11 pos=9 root_lp=infeasible margin=0.000e+00 block=2 nodes=484
OPEN support=728 parity=9 k=4 neg=10 pos=10 root_lp=feasible margin=1.457e-03 block=0 nodes=764
OPEN support=727 parity=11 k=3 neg=11 pos=9 root_lp=infeasible margin=0.000e+00 block=2 nodes=483
OPEN support=725 parity=57 k=3 neg=11 pos=9 root_lp=infeasible margin=0.000e+00 block=2 nodes=483
OPEN support=725 parity=57 k=4 neg=11 pos=9 root_lp=infeasible margin=0.000e+00 block=2 nodes=484
OPEN support=727 parity=11 k=4 neg=11 pos=9 root_lp=infeasible margin=0.000e+00 block=2 nodes=484
OPEN support=725 parity=57 k=4 neg=11 pos=9 root_lp=infeasible margin=0.000e+00 block=2 nodes=484
OPEN support=728 parity=9 k=4 neg=10 pos=10 root_lp=feasible margin=7.919e-01 block=0 nodes=109
OPEN support=719 parity=18 k=4 neg=9 pos=11 root_lp=feasible margin=4.211e-03 block=0 nodes=808
OPEN support=725 parity=57 k=5 neg=11 pos=9 root_lp=infeasible margin=0.000e+00 block=2 nodes=485
OPEN support=727 parity=11 k=4 neg=11 pos=9 root_lp=infeasible margin=0.000e+00 block=2 nodes=484
OPEN support=719 parity=18 k=4 neg=9 pos=11 root_lp=feasible margin=2.121e-02 block=0 nodes=30
OPEN support=725 parity=57 k=3 neg=11 pos=9 root_lp=infeasible margin=0.000e+00 block=2 nodes=483
OPEN support=728 parity=9 k=5 neg=10 pos=10 root_lp=feasible margin=1.306e+00 block=0 nodes=63
OPEN support=727 parity=11 k=5 neg=11 pos=9 root_lp=infeasible margin=0.000e+00 block=2 nodes=485
OPEN support=725 parity=57 k=4 neg=11 pos=9 root_lp=infeasible margin=0.000e+00 block=2 nodes=484
OPEN support=728 parity=9 k=4 neg=10 pos=10 root_lp=feasible margin=2.307e-02 block=0 nodes=30
OPEN support=727 parity=11 k=4 neg=11 pos=9 root_lp=infeasible margin=0.000e+00 block=2 nodes=484
OPEN support=725 parity=57 k=4 neg=11 pos=9 root_lp=infeasible margin=0.000e+00 block=2 nodes=484
OPEN support=719 parity=18 k=5 neg=9 pos=11 root_lp=feasible margin=1.788e+00 block=0 nodes=71
OPEN support=725 parity=57 k=5 neg=11 pos=9 root_lp=infeasible margin=0.000e+00 block=2 nodes=485
OPEN support=727 parity=11 k=5 neg=11 pos=9 root_lp=infeasible margin=0.000e+00 block=2 nodes=485
OPEN support=719 parity=18 k=4 neg=9 pos=11 root_lp=feasible margin=2.078e-02 block=0 nodes=30
OPEN support=725 parity=57 k=4 neg=11 pos=9 root_lp=infeasible margin=0.000e+00 block=2 nodes=484
OPEN support=728 parity=9 k=5 neg=10 pos=10 root_lp=feasible margin=1.503e+00 block=0 nodes=98
OPEN support=727 parity=11 k=5 neg=11 pos=9 root_lp=infeasible margin=0.000e+00 block=2 nodes=485
OPEN support=719 parity=18 k=5 neg=9 pos=11 root_lp=feasible margin=1.722e-02 block=0 nodes=50
OPEN support=728 parity=9 k=5 neg=10 pos=10 root_lp=feasible margin=1.231e-02 block=0 nodes=20
OPEN support=725 parity=57 k=5 neg=11 pos=9 root_lp=infeasible margin=0.000e+00 block=2 nodes=485
OPEN support=719 parity=18 k=5 neg=9 pos=11 root_lp=feasible margin=2.103e-02 block=0 nodes=20
OPEN support=725 parity=57 k=5 neg=11 pos=9 root_lp=infeasible margin=0.000e+00 block=2 nodes=485
OPEN support=728 parity=9 k=6 neg=10 pos=10 root_lp=feasible margin=1.689e-02 block=0 nodes=21
OPEN support=727 parity=11 k=6 neg=11 pos=9 root_lp=infeasible margin=0.000e+00 block=2 nodes=486
OPEN support=719 parity=18 k=6 neg=9 pos=11 root_lp=feasible margin=4.470e-03 block=0 nodes=14
OPEN support=725 parity=57 k=6 neg=11 pos=9 root_lp=infeasible margin=0.000e+00 block=2 nodes=486
OPEN support=728 parity=10 k=2 neg=11 pos=9 root_lp=infeasible margin=0.000e+00 block=2 nodes=482
OPEN support=728 parity=10 k=2 neg=11 pos=9 root_lp=infeasible margin=0.000e+00 block=2 nodes=482
OPEN support=728 parity=10 k=3 neg=11 pos=9 root_lp=infeasible margin=0.000e+00 block=2 nodes=483
OPEN support=728 parity=10 k=3 neg=11 pos=9 root_lp=infeasible margin=0.000e+00 block=2 nodes=483
OPEN support=727 parity=58 k=3 neg=10 pos=10 root_lp=feasible margin=3.372e-01 block=0 nodes=29
OPEN support=727 parity=58 k=4 neg=10 pos=10 root_lp=feasible margin=3.954e-01 block=0 nodes=25
OPEN support=728 parity=10 k=3 neg=11 pos=9 root_lp=infeasible margin=0.000e+00 block=2 nodes=483
OPEN support=719 parity=57 k=2 neg=11 pos=9 root_lp=infeasible margin=0.000e+00 block=4 nodes=482
OPEN support=727 parity=58 k=4 neg=10 pos=10 root_lp=feasible margin=2.847e-01 block=0 nodes=23
OPEN support=728 parity=10 k=4 neg=11 pos=9 root_lp=infeasible margin=0.000e+00 block=2 nodes=484
OPEN support=719 parity=57 k=2 neg=11 pos=9 root_lp=infeasible margin=0.000e+00 block=2 nodes=482
OPEN support=727 parity=58 k=5 neg=10 pos=10 root_lp=feasible margin=2.283e-01 block=0 nodes=13
OPEN support=719 parity=57 k=3 neg=11 pos=9 root_lp=infeasible margin=0.000e+00 block=2 nodes=483
OPEN support=727 parity=58 k=3 neg=10 pos=10 root_lp=feasible margin=4.729e-02 block=0 nodes=33
OPEN support=728 parity=10 k=3 neg=11 pos=9 root_lp=infeasible margin=0.000e+00 block=2 nodes=483
OPEN support=719 parity=57 k=3 neg=11 pos=9 root_lp=infeasible margin=0.000e+00 block=2 nodes=483
OPEN support=728 parity=10 k=3 neg=11 pos=9 root_lp=infeasible margin=0.000e+00 block=2 nodes=483
OPEN support=719 parity=57 k=3 neg=11 pos=9 root_lp=infeasible margin=0.000e+00 block=2 nodes=483
OPEN support=727 parity=58 k=4 neg=10 pos=10 root_lp=feasible margin=3.954e-01 block=0 nodes=67
OPEN support=728 parity=10 k=4 neg=11 pos=9 root_lp=infeasible margin=0.000e+00 block=2 nodes=484
OPEN support=719 parity=57 k=4 neg=11 pos=9 root_lp=infeasible margin=0.000e+00 block=2 nodes=484
OPEN support=728 parity=10 k=4 neg=11 pos=9 root_lp=infeasible margin=0.000e+00 block=2 nodes=484
OPEN support=727 parity=58 k=4 neg=10 pos=10 root_lp=feasible margin=3.954e-01 block=0 nodes=51
OPEN support=719 parity=57 k=3 neg=11 pos=9 root_lp=infeasible margin=0.000e+00 block=2 nodes=483
OPEN support=728 parity=10 k=4 neg=11 pos=9 root_lp=infeasible margin=0.000e+00 block=2 nodes=484
OPEN support=719 parity=57 k=3 neg=11 pos=9 root_lp=infeasible margin=0.000e+00 block=2 nodes=483
OPEN support=727 parity=58 k=5 neg=10 pos=10 root_lp=feasible margin=3.954e-01 block=0 nodes=29
OPEN support=728 parity=10 k=5 neg=11 pos=9 root_lp=infeasible margin=0.000e+00 block=2 nodes=485
OPEN support=727 parity=58 k=4 neg=10 pos=10 root_lp=feasible margin=4.734e-02 block=0 nodes=19
OPEN support=719 parity=57 k=4 neg=11 pos=9 root_lp=infeasible margin=0.000e+00 block=2 nodes=484
OPEN support=728 parity=10 k=3 neg=11 pos=9 root_lp=infeasible margin=0.000e+00 block=2 nodes=483
OPEN support=727 parity=58 k=4 neg=10 pos=10 root_lp=feasible margin=5.404e-02 block=0 nodes=19
OPEN support=719 parity=57 k=4 neg=11 pos=9 root_lp=infeasible margin=0.000e+00 block=2 nodes=484
OPEN support=727 parity=58 k=5 neg=10 pos=10 root_lp=feasible margin=5.160e-02 block=0 nodes=20
OPEN support=728 parity=10 k=3 neg=11 pos=9 root_lp=infeasible margin=0.000e+00 block=2 nodes=483
OPEN support=701 parity=18 k=4 neg=9 pos=11 root_lp=feasible margin=1.648e-02 block=0 nodes=15537
OPEN support=719 parity=57 k=4 neg=11 pos=9 root_lp=infeasible margin=0.000e+00 block=2 nodes=484
OPEN support=728 parity=10 k=4 neg=11 pos=9 root_lp=infeasible margin=0.000e+00 block=2 nodes=484
OPEN support=719 parity=57 k=5 neg=11 pos=9 root_lp=infeasible margin=0.000e+00 block=2 nodes=485
OPEN support=719 parity=57 k=3 neg=11 pos=9 root_lp=infeasible margin=0.000e+00 block=2 nodes=483
OPEN support=728 parity=10 k=4 neg=11 pos=9 root_lp=infeasible margin=0.000e+00 block=2 nodes=484
OPEN support=727 parity=58 k=5 neg=10 pos=10 root_lp=feasible margin=5.680e-02 block=0 nodes=68
OPEN support=719 parity=57 k=3 neg=11 pos=9 root_lp=infeasible margin=0.000e+00 block=2 nodes=483
OPEN support=728 parity=10 k=4 neg=11 pos=9 root_lp=infeasible margin=0.000e+00 block=2 nodes=484
OPEN support=727 parity=58 k=5 neg=10 pos=10 root_lp=feasible margin=5.148e-02 block=0 nodes=13
OPEN support=719 parity=57 k=4 neg=11 pos=9 root_lp=infeasible margin=0.000e+00 block=2 nodes=484
OPEN support=727 parity=58 k=6 neg=10 pos=10 root_lp=feasible margin=4.982e-02 block=0 nodes=14
OPEN support=728 parity=10 k=5 neg=11 pos=9 root_lp=infeasible margin=0.000e+00 block=2 nodes=485
OPEN support=701 parity=18 k=4 neg=9 pos=11 root_lp=feasible margin=1.867e+00 block=0 nodes=485
OPEN support=719 parity=57 k=4 neg=11 pos=9 root_lp=infeasible margin=0.000e+00 block=2 nodes=484
OPEN support=727 parity=59 k=2 neg=10 pos=10 root_lp=feasible margin=3.062e-01 block=0 nodes=81
OPEN support=728 parity=10 k=4 neg=11 pos=9 root_lp=infeasible margin=0.000e+00 block=2 nodes=484
OPEN support=727 parity=59 k=3 neg=10 pos=10 root_lp=feasible margin=3.062e-01 block=0 nodes=82
OPEN support=719 parity=57 k=4 neg=11 pos=9 root_lp=infeasible margin=0.000e+00 block=2 nodes=484
OPEN support=727 parity=59 k=3 neg=10 pos=10 root_lp=feasible margin=3.062e-01 block=0 nodes=29
OPEN support=728 parity=10 k=4 neg=11 pos=9 root_lp=infeasible margin=0.000e+00 block=2 nodes=484
OPEN support=727 parity=59 k=4 neg=10 pos=10 root_lp=feasible margin=3.062e-01 block=0 nodes=30
OPEN support=727 parity=59 k=3 neg=10 pos=10 root_lp=feasible margin=3.062e-01 block=0 nodes=29
OPEN support=719 parity=57 k=5 neg=11 pos=9 root_lp=infeasible margin=0.000e+00 block=2 nodes=485
OPEN support=727 parity=59 k=4 neg=10 pos=10 root_lp=feasible margin=3.062e-01 block=0 nodes=30
OPEN support=728 parity=10 k=5 neg=11 pos=9 root_lp=infeasible margin=0.000e+00 block=2 nodes=485
OPEN support=727 parity=59 k=4 neg=10 pos=10 root_lp=feasible margin=3.062e-01 block=0 nodes=19
OPEN support=727 parity=59 k=5 neg=10 pos=10 root_lp=feasible margin=3.062e-01 block=0 nodes=20
OPEN support=719 parity=57 k=4 neg=11 pos=9 root_lp=infeasible margin=0.000e+00 block=2 nodes=484
OPEN support=728 parity=10 k=5 neg=11 pos=9 root_lp=infeasible margin=0.000e+00 block=2 nodes=485
OPEN support=727 parity=59 k=3 neg=10 pos=10 root_lp=feasible margin=3.062e-01 block=0 nodes=82
OPEN support=728 parity=10 k=5 neg=11 pos=9 root_lp=infeasible margin=0.000e+00 block=2 nodes=485
OPEN support=719 parity=57 k=4 neg=11 pos=9 root_lp=infeasible margin=0.000e+00 block=2 nodes=484
OPEN support=727 parity=59 k=4 neg=10 pos=10 root_lp=feasible margin=3.062e-01 block=0 nodes=83
OPEN support=727 parity=59 k=4 neg=10 pos=10 root_lp=feasible margin=3.062e-01 block=0 nodes=30
OPEN support=728 parity=10 k=6 neg=11 pos=9 root_lp=infeasible margin=0.000e+00 block=2 nodes=486
OPEN support=719 parity=57 k=5 neg=11 pos=9 root_lp=infeasible margin=0.000e+00 block=2 nodes=485
OPEN support=727 parity=59 k=5 neg=10 pos=10 root_lp=feasible margin=3.062e-01 block=0 nodes=31
OPEN support=727 parity=59 k=4 neg=10 pos=10 root_lp=feasible margin=3.062e-01 block=0 nodes=30
OPEN support=727 parity=59 k=5 neg=10 pos=10 root_lp=feasible margin=3.062e-01 block=0 nodes=31
OPEN support=719 parity=57 k=5 neg=11 pos=9 root_lp=infeasible margin=0.000e+00 block=2 nodes=485
OPEN support=701 parity=18 k=5 neg=9 pos=11 root_lp=feasible margin=1.082e-02 block=0 nodes=757
OPEN support=727 parity=59 k=5 neg=10 pos=10 root_lp=feasible margin=3.062e-01 block=0 nodes=20
OPEN support=727 parity=59 k=6 neg=10 pos=10 root_lp=feasible margin=3.062e-01 block=0 nodes=21
OPEN support=719 parity=57 k=5 neg=11 pos=9 root_lp=infeasible margin=0.000e+00 block=2 nodes=485
OPEN support=719 parity=57 k=6 neg=11 pos=9 root_lp=infeasible margin=0.000e+00 block=2 nodes=486
OPEN support=701 parity=18 k=4 neg=9 pos=11 root_lp=feasible margin=1.156e+00 block=0 nodes=343
OPEN support=728 parity=18 k=2 neg=9 pos=11 root_lp=feasible margin=1.536e-03 block=0 nodes=534
OPEN support=728 parity=18 k=3 neg=9 pos=11 root_lp=feasible margin=1.442e-02 block=0 nodes=254
OPEN support=728 parity=18 k=3 neg=9 pos=11 root_lp=feasible margin=8.177e-03 block=0 nodes=29
OPEN support=701 parity=18 k=5 neg=9 pos=11 root_lp=feasible margin=1.184e-02 block=0 nodes=647
OPEN support=728 parity=18 k=4 neg=9 pos=11 root_lp=feasible margin=1.408e-02 block=0 nodes=106
OPEN support=701 parity=18 k=5 neg=9 pos=11 root_lp=feasible margin=1.436e+00 block=0 nodes=63
OPEN support=728 parity=18 k=3 neg=9 pos=11 root_lp=feasible margin=1.566e-02 block=0 nodes=29
OPEN support=728 parity=18 k=4 neg=9 pos=11 root_lp=feasible margin=1.474e-02 block=0 nodes=37
OPEN support=728 parity=18 k=4 neg=9 pos=11 root_lp=feasible margin=2.127e-02 block=0 nodes=19
OPEN support=728 parity=18 k=5 neg=9 pos=11 root_lp=feasible margin=8.282e-03 block=0 nodes=13
OPEN support=701 parity=18 k=6 neg=9 pos=11 root_lp=feasible margin=1.374e-02 block=0 nodes=107
OPEN support=701 parity=56 k=2 neg=10 pos=10 root_lp=infeasible margin=0.000e+00 block=2 nodes=482
OPEN support=728 parity=18 k=3 neg=9 pos=11 root_lp=feasible margin=3.418e-03 block=0 nodes=531
OPEN support=701 parity=56 k=3 neg=10 pos=10 root_lp=infeasible margin=0.000e+00 block=2 nodes=483
OPEN support=701 parity=56 k=3 neg=10 pos=10 root_lp=feasible margin=1.387e-01 block=0 nodes=350
OPEN support=701 parity=56 k=4 neg=10 pos=10 root_lp=feasible margin=6.807e-02 block=0 nodes=321
OPEN support=701 parity=56 k=3 neg=10 pos=10 root_lp=feasible margin=1.232e-01 block=0 nodes=638
OPEN support=701 parity=56 k=4 neg=10 pos=10 root_lp=feasible margin=5.263e-02 block=0 nodes=581
OPEN support=701 parity=56 k=4 neg=10 pos=10 root_lp=feasible margin=2.197e-01 block=0 nodes=44
OPEN support=701 parity=56 k=5 neg=10 pos=10 root_lp=feasible margin=1.490e-01 block=0 nodes=35
OPEN support=701 parity=56 k=3 neg=10 pos=10 root_lp=infeasible margin=0.000e+00 block=2 nodes=483
OPEN support=701 parity=56 k=4 neg=10 pos=10 root_lp=infeasible margin=0.000e+00 block=2 nodes=484
OPEN support=701 parity=56 k=4 neg=10 pos=10 root_lp=feasible margin=2.710e-01 block=0 nodes=331
OPEN support=701 parity=56 k=5 neg=10 pos=10 root_lp=feasible margin=2.004e-01 block=0 nodes=306
OPEN support=701 parity=56 k=4 neg=10 pos=10 root_lp=feasible margin=2.555e-01 block=0 nodes=603
OPEN support=728 parity=18 k=4 neg=9 pos=11 root_lp=feasible margin=1.671e-03 block=0 nodes=1220
OPEN support=728 parity=18 k=4 neg=9 pos=11 root_lp=feasible margin=7.405e-03 block=0 nodes=30
OPEN support=701 parity=56 k=5 neg=10 pos=10 root_lp=feasible margin=1.849e-01 block=0 nodes=546
OPEN support=701 parity=56 k=5 neg=10 pos=10 root_lp=feasible margin=3.519e-01 block=0 nodes=39
OPEN support=701 parity=56 k=6 neg=10 pos=10 root_lp=feasible margin=2.813e-01 block=0 nodes=32
OPEN support=728 parity=18 k=5 neg=9 pos=11 root_lp=feasible margin=1.524e-02 block=0 nodes=102
OPEN support=728 parity=18 k=4 neg=9 pos=11 root_lp=feasible margin=1.470e-02 block=0 nodes=30
OPEN support=728 parity=18 k=5 neg=9 pos=11 root_lp=feasible margin=1.463e-02 block=0 nodes=38
OPEN support=728 parity=18 k=5 neg=9 pos=11 root_lp=feasible margin=1.929e-02 block=0 nodes=20
OPEN support=728 parity=18 k=6 neg=9 pos=11 root_lp=feasible margin=8.282e-03 block=0 nodes=14
OPEN support=728 parity=57 k=2 neg=11 pos=9 root_lp=infeasible margin=0.000e+00 block=2 nodes=482
OPEN support=728 parity=57 k=2 neg=11 pos=9 root_lp=infeasible margin=0.000e+00 block=2 nodes=482
OPEN support=728 parity=57 k=3 neg=11 pos=9 root_lp=infeasible margin=0.000e+00 block=2 nodes=483
OPEN support=728 parity=57 k=3 neg=11 pos=9 root_lp=infeasible margin=0.000e+00 block=2 nodes=483
OPEN support=728 parity=57 k=3 neg=11 pos=9 root_lp=infeasible margin=0.000e+00 block=2 nodes=483
OPEN support=728 parity=57 k=4 neg=11 pos=9 root_lp=infeasible margin=0.000e+00 block=2 nodes=484
OPEN support=728 parity=57 k=3 neg=11 pos=9 root_lp=infeasible margin=0.000e+00 block=2 nodes=483
OPEN support=728 parity=57 k=3 neg=11 pos=9 root_lp=infeasible margin=0.000e+00 block=2 nodes=483
OPEN support=728 parity=57 k=4 neg=11 pos=9 root_lp=infeasible margin=0.000e+00 block=2 nodes=484
OPEN support=728 parity=57 k=4 neg=11 pos=9 root_lp=infeasible margin=0.000e+00 block=2 nodes=484
OPEN support=728 parity=57 k=4 neg=11 pos=9 root_lp=infeasible margin=0.000e+00 block=4 nodes=484
OPEN support=728 parity=57 k=5 neg=11 pos=9 root_lp=infeasible margin=0.000e+00 block=2 nodes=485
OPEN support=728 parity=57 k=3 neg=11 pos=9 root_lp=infeasible margin=0.000e+00 block=2 nodes=483
OPEN support=728 parity=57 k=3 neg=11 pos=9 root_lp=infeasible margin=0.000e+00 block=2 nodes=483
OPEN support=728 parity=57 k=4 neg=11 pos=9 root_lp=infeasible margin=0.000e+00 block=2 nodes=484
OPEN support=728 parity=57 k=4 neg=11 pos=9 root_lp=infeasible margin=0.000e+00 block=2 nodes=484
OPEN support=728 parity=57 k=4 neg=11 pos=9 root_lp=infeasible margin=0.000e+00 block=2 nodes=484
OPEN support=728 parity=57 k=5 neg=11 pos=9 root_lp=infeasible margin=0.000e+00 block=2 nodes=485
OPEN support=728 parity=57 k=4 neg=11 pos=9 root_lp=infeasible margin=0.000e+00 block=2 nodes=484
OPEN support=728 parity=57 k=4 neg=11 pos=9 root_lp=infeasible margin=0.000e+00 block=2 nodes=484
OPEN support=728 parity=57 k=5 neg=11 pos=9 root_lp=infeasible margin=0.000e+00 block=2 nodes=485
OPEN support=728 parity=57 k=5 neg=11 pos=9 root_lp=infeasible margin=0.000e+00 block=2 nodes=485
OPEN support=728 parity=57 k=5 neg=11 pos=9 root_lp=infeasible margin=0.000e+00 block=2 nodes=485
OPEN support=728 parity=57 k=6 neg=11 pos=9 root_lp=infeasible margin=0.000e+00 block=2 nodes=486
OPEN support=728 parity=58 k=3 neg=10 pos=10 root_lp=feasible margin=1.770e-01 block=0 nodes=29
OPEN support=728 parity=58 k=4 neg=10 pos=10 root_lp=feasible margin=1.705e-01 block=0 nodes=19
OPEN support=728 parity=58 k=4 neg=10 pos=10 root_lp=feasible margin=1.769e-01 block=0 nodes=19
OPEN support=728 parity=58 k=5 neg=10 pos=10 root_lp=feasible margin=1.515e-01 block=0 nodes=13
OPEN support=728 parity=58 k=4 neg=10 pos=10 root_lp=feasible margin=1.951e-01 block=0 nodes=30
OPEN support=728 parity=58 k=4 neg=10 pos=10 root_lp=feasible margin=5.508e-02 block=0 nodes=19
OPEN support=728 parity=58 k=5 neg=10 pos=10 root_lp=feasible margin=1.775e-01 block=0 nodes=20
OPEN support=728 parity=58 k=5 neg=10 pos=10 root_lp=feasible margin=1.830e-01 block=0 nodes=20
OPEN support=728 parity=58 k=5 neg=10 pos=10 root_lp=feasible margin=5.168e-02 block=0 nodes=13
OPEN support=728 parity=58 k=6 neg=10 pos=10 root_lp=feasible margin=1.524e-01 block=0 nodes=14
SU2_ORBIT_AMGM_CPP rank=7 level=13 threads=5
  direct_hall      208085
  residual         34927
  pointwise        14896
  certified        29326
  by_flat_amgm     29175
  by_split         151
  split_nodes      30898
  budget_exhausted 0
  denominators     100:26414 200:1783 500:871 1000:229 5000:324
  coverage         84.0% of residual regimes
